text,label
Nathan is going to the pool alone and David is not feeling like swimming due to the rain. They have a disagreement about a song.,1
Lucas is busy juggling work and school. He will meet with Giles at 8pm on Saturday.,0
"Bonnie is at Marco's bar with Lola and Abbie, and Kyle comes to pick her up because she is drunk and possibly high.",1
George will bring Sasha 120 dollars to pay for a wallet of his choice.,0
"Kelly and Crista are chatting about their baking plans, with Kelly making Rocky Road bars and Crista making a simple cake with cherries and almonds. They discuss their favorite Bake Off recipes and Crista offers to help with the",1
Lincoln has received Andrew's email and will review it soon. ,0
"Lilia is sitting with her friends, some of whom are gay. Lilia and Randall find being gay awkward but they laugh it off.",0
"Jessica lost her banana bread recipe and is making brownies for breakfast instead. George suggests corn muffins and they discuss adding bacon, jalapeno, and cheese to them. George also mentions that he cheats by using J",1
"Rory's applying for an Australian visa. She decides to ask HR if she should select business or tourist option because neither Mikey, Maureen, Luke nor Daisy can't give her a clear answer.",0
"Len advises Paul to call his wife, informing her that Paul has been out in Stroud picking up his nan's wardrobe without a signal, and that he owes Len one. Paul thanks Len and promises to sort himself out",1
 Melissa and Tanner both like hawaian pizza a lot. Melissa mentions that in Poland people eat pizza with sauces. Tanner tried it and liked it.,0
"The third-year students who talked to Oli about the statistics exam said it was the hardest exam ever, with questions displayed on the screen for one minute each before disappearing, making it impossible to go back and change answers. The exam is",1
"Billie is upset and exaggerates the situation after an incident with Nino. Toby tries to calm her down and assures her that Nino is not hateful, but Billie decides to change her identity and go into witness protection.",1
"For the International Management project on the 13 December, Essa will do the introduction, Tankred will do the education. They will meet 30 minutes before the class to discuss the presentation with Louise.",0
Denis is a bit hangover. Yesterday Jake was really drunk and Denis had to help him enter a cab. Jake almost fell asleep at the party and drank a couple of shots. Jake didn't eat anything since 4 that day. Jake and Denis will eat something before they drink next time.,0
Joyce shares pictures of her kayaking for 6 hours. She will stay there overnight and return tomorrow.,0
"Jimmy will watch a movie with Jake after class on Friday. Dom needs to help out his mom, so he cannot join Jimmy and Jake.",0
"Ellie tells Melanie that there is no need for her to come to the place since everyone is leaving in an hour, and Melanie apologizes for her mistake.",1
"Kate is having an issue with a printer on the 1st floor and needs Andy's help. Andy is unresponsive and dismissive of Kate's urgency, leading to a heated exchange where Kate accuses Andy of being a jerk",1
"Dex invited Matt, Derek and his sister to watch the game on Saturday. Matt is not happy to hang out with Derek.",0
"Ali has invited Lucie to visit him in Senegal. Jana, Stefan with daughters and Ali's daughter are coming to stay from 30 March to 12 April. Ali tells Lucie to bring toothpaste with her. Lucie had a car accident.",0
"Greg is going to Barcelona for New Year's Eve because he is tired of snow and the tickets were cheap. Kyle is considering going there too, but Anna wants to stay with her parents. Kyle might go skiing instead.",1
Paul is having a hard time assembling Ikea furniture Meggie bought. Lenny is going to help him with his drill-driver.,0
Karen is afraid Jay has a problem with alcohol. He comes home drunk every day. ,0
Doug and Luke discuss Jim's latest post and Luke's discomfort with the happiness expressed about his death. They also talk about the freedom of speech and how technology has changed people's perspectives. They reminisce about their youth and,1
"Aaron and Max are discussing going to a comic con event in Warsaw, which takes place on Saturday and Sunday. Aaron is able to get cheap tickets for 20zł each, and they agree to meet up at the Centrum metro",1
"Emma didn't invite Ethan to the party, but someone informed him about it. Emma will say sorry to Ethan later. ",0
"Akihiro and Bolesław discuss the dangers of globalism and the importance of national pride in history, while Iwona expresses her belief that many Polish people accept and like globalism.",1
"The group discusses the idea that love is often equated with life and how this can create dependency, jealousy, and frustrations. They argue that love should be approached without a plan and that it is beautiful and intense, but not meant to",1
"Flo's brother is still ill. She's looking for a substitution for the next 2 weeks. Daisy is on holiday next week, so she'll substitute her the week after. Flo will send her the program and leave the books at Edith.",0
Miles and Jamie are discussing their upcoming football match and express excitement and disappointment about their previous performance.,1
"Maya got back from China yesterday. Maya will tell Tom all about the trip in person. Maya doesn't like flying. Maya will call Tom in the morning to tell him if they're meeting tomorrow, as she may go shopping with her mom.",0
"Patricia and Edgar have a heated conversation about a man who threw newborn kittens into a river, with Patricia expressing her anger and Edgar struggling to understand the cruelty behind such actions.",1
Natasha and Cynthia left.,0
Julie recommends the GlamRock cream from the GlamShop. Chloe got the money early so she can pay back Julie. Julie and Jake are getting the dog so they need the money for extra dog-related expenses.,0
Lidia requests Rita to make scrambled eggs for her.,1
Nuria's birthday is today. ,0
Ronnie agreed to lend Heidi her jacket.,0
Ray's bike was stolen and he is posting it on Facebook to ask for help in finding it. Sam and Luke share and offer their assistance. Ray had a high-grade lock and an app alert but the thief still managed to steal it,1
Demi got promoted. She will celebrate that with Lucas at Death & Co at 10 pm.,0
Joel requests two chicken wings and Jim agrees to buy them for him.,1
In 20 minutes Miller will help Aliza in cooking.,0
There will be a remake of 'Pet Sematary' by Stephen King. Coleen is a fan of horrors. Coleen and Glenn watched 'Friday the 13th' together and Glenn hated it. ,0
Sandy is going to NYC and Vegas in January and is worried about the hair dryers in the hotels. Melinda suggests not packing one and getting a blow out at the salon in the hotel in Vegas instead.,1
"Jill is asking June if she is there yet and June is saying she is almost there, and Jill is saying she will be a little late and asking June to get a nice table for them.",1
Marc and John are looking at a photo and discussing the appearance of their friends.,0
"Alex and Ben are discussing where Logan studies, and while Ben is not certain, he suggests it could be nursing at the Medical College.",1
Kirsten is excited to have tickets to see Ed Sheeran in concert in August.,1
"Adam is still at class, which he finds very boring. ",0
"Aria met Charlie Evans, who is doing well and has two adorable daughters. She also recently met Cooper Roy, who has changed a lot and she barely recognized him. Maverick remembers their high school days and the gossip they used",1
Madelene and John will have pizza and prosecco at the usual place at 5 pm.,0
"The group agrees to meet at Marilyn's place to work on a project, with the condition that they order pizza since Jack is hungry. April finds it a cool idea, while Pauline is excited to visit Marilyn's place",1
Frank bought a sofa. Veronica doesn't like it. They will talk about it when he's back.,0
Connor missed the bus as he had to talk to the teacher. Mom will pick him up from Randall's in 2 hours. Connor will text Mom the address.,0
"Preston and Dominick are coming to the extra knitting lessons. Dominick has never had the patience for knitting, his grandma tried to teach him but he was hopeless.",0
"Maia apologizes to Aydan for what happened, but Aydan dismisses her and tells her to let it go. Maia asks if she should talk to Adam, but Aydan says there is no need. Maia ment",1
Otto went to One Direction concert with his family last weekend. He didn't tell Regan. The next concert is in LA next week.,0
"Brian was jogging and didn't hear his father's call. At his dad's request, Brian will pick up Danny around 3.45 pm on his way to FR.",0
Rod offers to close Monica's window and she thanks him.,1
"According to Seth, they overpay Seth Sanchez for playng for Manchester United.",0
"Lonnie's favourite superhero is Batman, Randy's is Superman and Sam's Spiderman.",0
Phil shows Jason a photo of a car he likes and Jason comments on its smartness. They discuss the price and mileage of the car.,1
April is sick and will stay in bed. She had to reschedule the meeting with John for next week.,0
Raul and Germaine catch up and discuss their fitness progress. Germaine has been busy with her kid but is now able to get back on track with her mother living closer. Raul has been consistently working out and Germaine compliments his progress,1
"Gloria shows a photo of her brows and tells her friends that she found it on the internet. Ted is confused and asks where she found it. Frank asks if there is any homework for tomorrow and Gloria says no, but they are having a",1
Itzel agreed to lend Leon her camera and he will pick it up from her home in an hour.,1
Tom booked a tennis court for Sunday but Mike can't play with him. He injured himself while running last week. Tom has to cancel the reservation.,0
"Simon needs someone to go to a conference with him on Thursday and Friday since Alan had an accident, and Derek offers to go with him.",1
"Pearl's boyfriend mistreats her but she loves him anyway. Patrick is trying to convince her to leave him. Pearl is fat and ugly, so it's not so easy for her.",0
Nestor wants to take a lot of classes this semester. Aida advises Nestor to focus on essentials. They dislike the grading system. Aida listens to Ludmilla to improve her Portuguese. Nestor recommends Pablo Vittar.,0
Evie has a new colleague who has just started today. He's handsome.,0
"Martha asks Walter to buy some cookies or chips on his way home, but Walter remembers that Brenda is allergic to gluten, so he suggests buying fruit instead.",1
"Helen compliments Rob for booking the Plaza and reminds him that she has to meet John at 7pm, but assures him that it won't take long. Rob asks Helen to bring his jacket.",1
Emma expresses her gratitude to her friends for a wonderful time and thanks them for their gifts. They all exchange love and see each other around.,1
"Karen is in a hurry for film recommendations, but her boyfriend and she cannot decide on a movie to watch. Charles suggests watching a series, but Karen prefers a movie. Anne offers to help with a drama recommendation, but Karen ultimately decides on a",1
Tom wishes Ann and her family Merry Christmas.,0
"Gaby and Abby are discussing their plans for Valentine's Day. Gaby is not interested in celebrating the holiday, while Abby suggests they go out to dinner at a restaurant they had previously made reservations for. However, the reserv",1
"Kas is unable to visit Laura in December as they need him to stay in the house to keep the heating going and work over Christmas to pay bills, and he has been given reduced hours at work.",1
Sara agrees to bring in the report and also brings a coffee.,1
"Melanie got a gift from a Prince. Liam, Colin and Ciara are excited. Melanie is looking for love, but she is surrounded only by Italians.",0
"Walter and Paige are discussing plans for drinks on Saturday, with Walter offering to pay the bill. Paige expresses concern about the cost, but Walter assures her it won't be excessive.",1
"Sean informed Pieter that the student's application was accepted, and Pieter is sure the student will be relieved.",1
Donald can't come to Jack as he has to talk to his wife about their divorce.,0
Will is interested in doing free Master's in Poland.,0
Marta is sending Preston their favourite GIF.,0
"Richie returns from Norway on May 24th. He is going for a trip to Lofoten and will do some yoga and hiking. Emily had plans for them in Kraków on May 24th-26th, but now Richie suggested another term.",0
Ben and Mark catch up and discuss Ben's recent trip to Thailand. Ben tells Mark that he can work remotely from there and Mark is impressed. Ben asks if he can crash on Mark's couch and Mark agrees. They discuss the timing,1
"Adam informs Mandy that the travel agency they used for their trip, Travel Life, went bankrupt and their friend Mike is stranded in Egypt with no way to return home. Mandy suggests that he should contact the embassy for assistance.",1
"Matthias and John discuss a hilarious news story about China building a horizontal skyscraper, with Matthias suggesting that John look it up on Google.",1
Jacob has completed the literature review of his project. He has found some material on the ECG signal. He sent Rachel the research papers and techniques.,0
"Sofia's sister is coming from Spain at around 7-8 pm. Robert didn't go to university, so he's at home. Sofia's sister doesn't speak English, only French. Robert will have to speak Spanish. ",0
"Tim had lunch with Isabel. She's leaving Jackie today. They've been 4 years together, as Natalie points out. Before that Isabel was with Nicky for 7 years. Nicky didn't date anybody after they broke up. Vicky is indifferent about Isabel. Natalie wil update Mandy on gossips.",0
Susie is coming and Sue is okay with the wait. Susie thanks Sue.,1
"Joanna is good at public speaking and enjoys giving presentations at work. Lee is giving a speech next week at work and is nervous about it, so Joanna offers to help him rehearse it and build his confidence. They plan to meet",1
"Eliza borrows Sammy's copy of ""The Great Gatsby"" for two weeks, to be returned next semester, and they arrange to exchange it during their British literature class.",1
"Ethan and Henry are discussing a new song that Ethan thinks is great, but Henry is confused because he thought the song's release was delayed. Ethan teases Henry for being wrong, and they continue to talk about the song and the",1
Ryanair has changed it's policy. Alicia is traveling to Spain next month. Backpacks in the size accepted by Ryanair have been produced. Alicia and Laura are considering buying them.,0
"Tim invites Paul to his wedding, which is on August 1st, and Paul congratulates him on finally getting Char to agree to the wedding.",1
Grayson is going to shave his head.,0
"Christine is worried that she may have permanently damaged her relationship with a man she had been dating, after an argument in which she felt he had been treating her as though she was inferior. Liv tries to reassure her that he will likely write to",1
Alex wishes Kate a happy birthday and Kate is surprised and grateful that Alex remembers her birthday.,1
Courtney did her first 20-miles ride yesterday. She ate a bug. Younes and Courtney will see at the meet-up.,0
Nick spent 10 hours playing Red Dead Redemption 2 yesterday. It was the best day of his life.,0
Alissa is picking Sophie up. ,0
"Will is stuck in traffic and estimates it will take at least 30 minutes to get out, while Ben also reports being stuck and will provide an update later.",1
Sara is looking for dinner ideas that would take Daniel's lactose intolerance into consideration. Ana will bring dessert at her request.,0
Rachel will pop over to bring the jumpers. Jenny gave back the pink one the previous week. Rachel wanted to keep it for herself. Caron allows Rachel to keep it a bit longer. Rachel will bring the rest in the evening and the pink one on Friday.,0
Kristen wants to buy it next week.,0
"George has been preparing a week for the exam, and Phil, three days.",0
"Jonah and Luke discuss their holiday plans, with Luke opting to stay home with his twins, while Jonah travels to Julie's parents' and then back to his own. They exchange pleasantries and Luke invites Jonah to a",1
"Jessica will make corn muffins using the ""Jiffy"" mix for the Thursday breakfast. She might add some bacon, jalapeno, and cheese to the muffins.",0
Thomas and Kate plan to meet at Jeff's at 6 p.m.,1
"Amy sent a video about corporate food and Leah hasn't watched it yet, Amy urged her to watch it but Leah said she doesn't have the time.",1
Daria is upset with Andy that he was too busy talking to his football friends and didn't talk to her at yesterday's party. They will meet for coffee at Josie's at 4 pm.,0
Patrick and Ella enjoyed karaoke last night. They will go to Kangaroo Boy on Friday.,0
Henry and Ethan will catch up later to discuss the new album of the band they both like.,0
Iris finds the new manageress bossy. Steve claims that the manageress acts as she should act and she's an attractive woman which might be the reason Iris is prejudiced against her. Steve suggests that time will show what kind of boss the manager really is.,0
Jacob will see Daniel next week to check out his new motorbike.,0
Ronnie and Linda will see each other in the evening. Linda will make a burrito and Ronnie will buy some beer.,0
Chloe informs Jennifer about the release of Beaujolais Nouveau wine and wishes her a happy weekend.,1
Juan is coming for a week in September. Anna will not see him because she is going to Cuba then. Juan does not want to come in August because tickets are cheaper for September.,0
Gera got Hope's number from Lucy. She is going to meet Hope at 2 in her office.,0
Lynn will give Anton a lift. He has a blue Clio. They will meet at the train station around 4 pm tomorrow.,0
"Victoria is amazed after watching Adele's Live Concert. Mark, Victoria and Kelly are also huge fans. Kelly's favorite song is Someone Like You and Victoria's favorite song is Water Under the Bridge.",0
"Jackie decided to become a history teacher in elementary school, after her friend Beth told her about the opening. Jackie, who has a major degree in history, loves the job as she wants to shape minds of young people.",0
Freya never wears make-up and she has no make-up products. Amanda is surprised about it.,0
"Sookie and Paul are going to celebrate Paul's exam tonight, even though he is going to receive the results on Monday.",0
"John didn't show up for class due to some work issues with his boss. Cassandra, his teacher told him which exercises to do, and which chapter to study. They are going to meet up for a beer sometime this week after class. ",0
Billy is in Iceland and enjoys the cold weather. He is knitting a scarf while waiting for better weather to hike. Sheila is impressed and suggests that he can make scarves for his family for Christmas.,1
Alfie doesn't like his name. Holly likes it. ,0
"Laura is going to visit Pisa. Teddy is renting a car and they're going to Saturnia, probably on Tuesday. Sean wants to join but he must ask his boss first. ",0
"Penelope showed a photo to Julia and Kate and asked if she should buy it, but they both thought it was too expensive at $40.",1
Emily will be at Josh's in 2 minutes.,0
"Caron suggests putting a Christmas banner on the website for vouchers, but Rob thinks it's not necessary. Caron argues that it's an idea that someone may not have thought about, but Rob is not sure he wants",1
Gordon is eating breakfast at mat's. Terry is going to meet him there to give him the money back.,0
Millie helps Allen with a few ideas what he can buy his wife for birthday. She suggests a gift card for a spa treatment and a bottle of her favourite alcohol and Allen likes the ideas.,0
"Ala and her brother had a fun weekend and visited the Museum of Polish Vodka. Paulina is interested in going there too, despite its high price, as it includes a degustation.",1
"Paul wants to see Tony's assignment, but he hasn't even started it yet. ",0
Gabe has re-sent a photo from New York to Tatiana.,0
Ann's daughter is 2 years old. She has a pink dress and is adorable.,0
Tequila is Thomas' favorite alcohol. Neil prefers vodka.  ,0
"Patrick and Paul discussed Manchester City's poor performance in their recent match against their team, with Patrick arguing that they were unlucky not to have won, while Paul acknowledged their good play but pointed out that they still lost.",1
"Mary invites Peter and Mason to a boarding games night at her place tomorrow at 6, but Matthew cannot attend because he has an exam on Tuesday and needs to study.",1
Alexander borrows Summer's pass because Owen does not have his yet.,1
"Andrew, Nicky and Rick are discussing the upcoming weekend and how they are all looking forward to it after a hard week at work. They also talk about their upcoming project which they usually leave until the last minute. They all agree that they need a",1
Jason and Walt exchange cat videos.,0
"Melania informs Jim that Toby is in Monrovia and will return on Monday, but Jim regrets that he does not have Toby's phone number.",1
Helen finds Dan appealing because he was nice to her lately. But Dan likes Ashley more than Helen. Angelina will tell Helen how to change that tomorrow.,0
"Ruby tossed away the small, red pan, although Sean was still using it.",0
"Annie, Katie and Hannah plan to sleep and chill through the weekend.",0
"Natasha is leaving Sankt Petersburg and Vladimir tells her to drive carefully, while Terry teases her about her driving speed.",1
"Marlie has a very friendly cat. However, the cat doesn't like her brother.",0
"Donna recommends Agnes reading ""Kid’s Stuff: Toys and the Changing World of American Childhood"". Keith recommends ""War Toys, War Movies, and the Militarization of the United States"".",0
Ani's company is not paying them well and Ani is unsure if they should stay or leave. Diana and Lee suggest Ani keep working there while looking for a new job and also offers to lend Ani money if needed.,1
"Daisy and Logan discuss the appearance of a plaid, belted dress, with Daisy thinking it resembles a bathrobe, while Logan thinks it looks nice.",1
Bobby is going to start a project in August. Adam will be available but Michael is already occupied with another project.,0
"Susanne is going to visit Anna during winter break. They might meet Tom, too.",0
Grace wants to create a band with Jack and Luke. Luke thinks it is a good idea.,0
Debra will have a little decluttering party on Friday at her house. Angelica and Heather will help Debra with some of her stuff to get rid of it.,0
"Maggy and Henry discuss their early morning wake up time for an upcoming trip, the limited parking options at their destination, and Maggy's exhaustion.",1
Gemma will come by Suze's office as she forgot her keys.,0
"Nadia is worried that the show Russian Doll will be a repetition of the movie Groundhog Day, while Jolene thinks it's a good show with positive reviews, and Nadia is concerned about the ending.",1
Leslie asks Anne about her hair and Anne reveals that her hair is done by a stylist named Nina in Colorado. Leslie expresses her desire to look as good as Anne and Anne promises to send her the stylist's number later.,1
"Gloria is excited to finally see Ingrid in Sydney, Australia.",1
Jacob found his international driver's license is in the document folder. Omer will come to spend a day at Jacob and Rose's place a few days after they leave.,0
"Elijah and Seth are discussing Alexis Sanchez's struggles at Manchester United while Fav and Shrestha are defending him, with Shrestha pointing out that at least he is playing Champions League football and Abdi adding that there'",1
"The election in Kongo has been postponed in some parts due to the difficulty of holding it amidst the Ebola outbreak and terrorist groups, according to the government, but it is seen as a pretext by the opposition to hinder",1
"Ron asked his father for 50 dollars, but his account and wallet were empty. Kurt sent the money and advised Ron to spend it wisely. Yasmin invited Ron to visit them, and Ron thanked his father and mother for their",1
Rebecca and Thomas are in Bangkok. They enjoy their journey. Amanda is jealous. She considers Bangkok an interesting city.,0
"Dylan is excited it's Saturday and wants to know the time of breakfast, but Henry is unhelpful and doesn't know the answer.",1
Hugh had mic issues and Trent had guitar issues at their show. It's the sound engineer's fault.,0
David had a dream about Polly and Supria and their school. ,0
Bertha and Maude met at the quilt show. Bertha needs some help with the double wedding ring pattern. Maude has made it at least 5 times and can help Bertha. ,0
"Will is in the toilette, Bill is in the foyer, and Wojtek is in a bad queue for the men's room.",1
Adrian wants to get a lunchpad.,0
"Charles did not receive a notification about Vic's latest Foo Fighters cover video on YouTube, so he asked Vic to check his channel. After viewing the video, Charles complimented Vic on his impressive work.",1
"Mary is going to the upper cloister to study, as Jenny suggests there is plenty of space there.",1
"Blake believes that Alexis is trying to turn their son, Steven, against him and has bad influence on Steven. Alexis believes Blake is self-centered and often attacks her and accuses her of things she didn't do.  ",0
"Owen asks Mia about Zoe's departure time, but Mia doesn't know. Mia suggests Owen ask Zoe. Owen writes Zoe. Mia asks Owen if his suit is ready. Owen confirms that it still",1
"Ellie convinces Sara to wear a new skirt she bought shopping with her mum, and Sara agrees to ask her mum to get her something new as well.",1
Jess picked up her dress. Morgan and Lona weren't available. Hillary called the dress shop. Lona and Morgan will have to pick up their dresses on the other side of town. ,0
"Sarah is multitasking by reading a book and watching TV at the same time. The book is scary, but the movie is comforting, and they work well together. Sarah invites Gina to come over and read-watch with her",1
There was an experiment that meant to show how often women are groped in public. Savannah does not believe that such experiments raise awareness of sexual harassment.  ,0
Andy and Lisa are going to be late.,0
"Eli is planning a surprise party for Jeff at his house on his 35th birthday on December 18th. Alison, Nick, George, Lisa and Helen will attend. Helen and George want to chip in for a gift for Jeff. Helen will bring sangria and old pictures.",0
"Adam got an F for his assignment, because it was off-topic. Karol's role was to inform Adam.",0
"Linda and David find Oscar's decision to dress as Spiderman on his last day at work amusing, while Oscar is unamused.",1
"Gary offered Mark a discount on sneakers and Sue also wanted a discount on sandals, so Gary said they could both have one if they waited until Saturday or Sunday.",1
"Nuria recalls her last birthday over the Atlantic and Frank and Joyce are surprised to learn it's her birthday today, prompting them to celebrate.",1
"Jim has a temperature of 37,5°C and a slight headache. He is not coming to work today. Several people at the office have the flu.",0
Geoffrey proposes playing football every weekend and Jeff and Jim agree to join in if a day and location can be arranged.,1
David received birthday wishes from Yoav and Yuval with a photo attached.,1
Kevin wishes happy birthday to Simon. Kevin'd like to see Simon at his wedding but Simon's not sure about the exact date of his return. Simon promises to visit Kevin and his wife as soon as he's back.,0
Raquel and Laura have a cold. Laura's boyfriend is taking care of her.,0
"Yohan asks if Franz and Mark are at home, and they both reply that they are about to shower, so Yohan says never mind.",1
Judith can't meet Max because of work. Max and Judith have been together for 3 months. Max earns good money despite not working many hours.,0
Brad wants to buy an ukulele or a xylophone.,0
Victoria is in the toilet and there's no toilet paper. Skylar will bring her some.,0
Kim is excited about her upcoming trip to Europe and can't sleep due to excitement. Kerri suggests counting sheep to help Kim fall asleep and shares her own excitement about the trip. Kim has been planning for more than six months and originally only planned,1
Pat got scented candles as a thank you gift from Anthony. He needed legal expertise and Pat helped him to finish the project.,0
Wojtek and Will are going for holidays to Eritrea. They're leaving on 7 April. It's quite expensive because everything is controlled there and tourists can travel only with a local travel agency. ,0
"Kamil, Thomas with his girlfriend, Godek and Prosty with his girl are going bowling tomorrow at 8 p.m. at the same place as the last time.",0
Jane provides Caroline with Julia's phone number.,1
"Charles wants to form a band and involve Martin as a singer, himself as a drummer and Daniel as a guitarist. ",0
James informs Jessi that Peter is compiling the questions and answers from both exam groups and will post them on their Facebook group for those who need to retake the test.,1
"Nicole excitedly tells Frank that she has a new puppy, Sassy, which she received for free from a guy with a bunch of puppies. Frank is surprised and asks if Sassy is pedigree, but Nicole assures him that",1
"Cedric will bring Suarez's flash drive back tomorrow. If Suarez is not there, Cedric will give it to Nolito.",0
Emily wants to know more about the gym Jerry talked about. It's well ventilated and there's plenty of room. The fitness trainers are ACSM certified. The fee is not that expensive. Emily's father wants to join her. It's been 3 months since Jerry started to go there.,0
Jim is visiting Madera. Jim has a driving license. Jim is a vegetarian. ,0
Gabriella got a new 2005 Mercedes hatchback. Derek and Casey are going to Cieszyn in 2 weeks. Their children will train hockey there. Gabriella will meet Tasmin in Berlin. Gabriella bought her car for 10k on OLX. She will show it to Derek when they have lunch together.,0
"Joanna, Isaac and Yasmin will meet up next week.",0
Suzie wants Mona to buy some apples and pears. Suzie will make an apple and pear tart.,0
Greg and Will make comments on a photo. Will asks if Greg and Betty will invite him to their party. Greg says yes.,0
Annie and Shona discuss their experiences with motherhood and the challenges of balancing parenthood with their own needs and desires. They also talk about their plans to spend time together and share responsibilities for taking care of their children.,1
"Adam has a problem with using Baron, because Yahoo introduced a new rule five years ago. He asks Charlie for help. Charlie helps Adam.",0
Mark found Ian's notebook in his backpack.,1
"Julian cancels the band's performance at Blind Goose due to unforeseen circumstances and apologizes for the inconvenience. He informs that they are aiming to reschedule for next Tuesday, weather permitting. Br",1
Richie has not seen the last episode of QaF and is unaware of the intense flashback and music that made Penelope and Daphne cry. They are all watching the USA version of QaF while Richie is watching,1
"Erika and Marcus are discussing the location of their class, which is in Room 243. Erika expresses gratitude for the information.",1
"Lillian feels much better now and she's out of town on meetings. Layla has been feeling run down all weekend, she thinks it might be the flu. She hasn't been going to work for the last days. Lillian will call her later to check up on her. ",0
"Jane apologizes to Phil for something, but Phil wants to leave it for a while. Jane expresses her concern about Phil's well-being, but Phil responds that he is okay.",1
Abigail recommends watching funny cats and dogs to lift one's mood on a gloomy day.,1
"Alyssa, Lou and Gina are planning a pajama party. Alyssa will make banana bread, they will order pizza and watch “Casablanca”.",0
"Miranda, Juliet and Hayley are having a party today.",0
"Matt says ""sup, dude?"" to Nick but Nick responds by saying ""Can't talk right now."" and Matt responds with ""Cool, talk to ya later.""",1
The Playful one complains about waking up early and being disturbed all night by a flood caused by a neighbor forgetting to shut off the water in their bathroom.,1
Ali asks Kane for his hard drive and Kane agrees to give it to him.,1
"Germaine is now able to pick his workout up where he left off because his mother moved closer to him, and she can help him take care of his child. Raul on the other hand has never stopped working out.",0
Heather's sister will bring Peter dinner in half an hour. Lovey and Alistair are off nursery and going back tomorrow. Heather is working tomorrow. Heather's mother passed away. Heather and her kids will visit Peter tomorrow afternoon and bring a cake. ,0
"Jack is halfway through playing Red Dead Redemption 2 and thinks it's great, while Mike has just started and is excited to play it.",1
"Daniel and Emma are catching up, Daniel apologizes for not being able to talk earlier as he was sleeping. They discuss Daniel's recent experiences, including falling in love with a married woman and going on a phone call with her for three hours,",1
"The group is discussing a personality test based on the Harry Potter characters, with Danielle and Tracy enjoying it while Darren and Neil are skeptical. Neil reveals that the questions are often moronic and Darren suggests that if one can",1
James will buy a set of forks at IKEA on John's request.,0
"Lynn forgot to respond to Kittie's previous message about Christmas jam, but managed to find some organic oranges at the organic market near the old city to make her own marmelade.",1
"Miguel is going to buy the same 8% oil that Ines has. There are cheaper ones, but they're like 2.5% only. Ines is using the one with normal flavor.",0
Patrik is convincing Cindy to come to his Oscar party around 7. He hopes that La La Land will win the main award.,0
"Jazz, Kerry, and Sarah are discussing plans to go to the cinema, either with or without kids. They settle on going on a Monday night to see Bohemian Rapsody and on a Saturday morning to see Mary Poppins.",1
Leon won't drink too much on Pierre's request.,0
"Nancy and Suzie are discussing a gift for Michel and Josie's wedding. Suzie suggests practical items like towels and cutlery, while Nancy jokes about being old.",1
Sam is going to buy toilet paper in Costco.,0
"Zach asked Wilfred for the name of a barber, and Wilfred recommended Route 66. Zach thanked him and clarified that he only wanted a regular haircut and trimming.",1
"Lauren and Conner are discussing the preparations for a party. They need to find decorations, get food, and music. Conner offers to help with the music and has speakers. Lauren asks about Bryan and Gabby and Jo, who are",1
Alex is landing at 6am on Saturday. Ivy will prepare a 'welcome home' meal.,0
Dave and Tracy are having trouble finding a reasonably priced hotel in Vienna. Bratislava was much cheaper. It's only 2 nights. Dave will keep trying on booking.com. Tracy has a 10% discount there.,0
Lily is congratulating Peter and his team on their victory in a match. Peter's team earned championship. ,0
Mary's telephone number is 07911 123456.,0
Amy is jealous that Mark is staying with a beautiful girl next to him on his flight to LA. She tells him to come back soon and to take care of himself while he's away. Mark assures her that he will and that he loves,1
Franek and Ania are both watching Riverdale.,1
"Jason seeks suggestions for Oahu in Hawaii, where he will stay for a week with his lady. Rio lives in Hawaii but never visited Oahu, and he recommends going with Marlin travels.",0
Linda bought a red dress at King's Cross shopping mall. Rhonda has to get something similar today.,0
Roman is available either on weekends or on weekday early mornings. Roman and Szczepan will meet in 2 hours to talk about the project. Roman is in the city now and he has found a quiet place where they could talk.,0
"Martha, Bridget and Jenna want to go to Belfast for 3 days on January 3. Martha found tickets for 38 PLN.",0
"Elisa, Sadie, Carol, Liam, Tom and John want to go for drinks tonight at Mombasa. Arthur will come with Alice. Kai will join them around 8. Elisa will book the big corner table for 15 people.",0
"Aurora told Isabela that her fall on a slippery floor at her cousin's wedding last February was immortalized on a photo. As she didn't really enjoy the wedding, the accident made it more fun, but overall she is happy that nothing particularly serious happened to her.",0
"Ollie asks Megan what she wants for her birthday, Megan suggests a plant or kawaii pens/stationery, Ollie suggests books, and Megan says ebooks are fine since she's decluttering.",1
"The company is organizing a fund-raiser campaign to support LGBT rights, and the conversation revolves around the participants' opinions on the matter, with Anna and Peter expressing their doubts and Howard defending the initiative.",1
"Charles will go with Victor to the museum tonight. There is an opening of an exhibition about cubism. There'll be food, music and VIPs.",0
"April didn't sleep well tonight. When April was there, she slept very well. April is interested in the kind of mattress that Matt has. Matt wanted to buy a cheap and hard mattress, but bought an expensive and soft one instead after trying it out. April may look for a mattress tomorrow.",0
"Adam agrees to buy the Christmas tree after work, and Ann prepares decorations in anticipation.",1
Odin will help Matilda to get prepared for their math test taking place in two days.,0
"Rachel and Ivonne are meeting at 6.30 tomorrow at the main entrance to the departures, and Alex is joining them. Rachel is excited to see them, while Ivonne is saying goodnight.",1
Laura and Helen expressed their difficulty in passing their exam while Paula showed concern.,1
Lily is from Sydney and Meghan is from NYC. ,0
"Veronica tells her friends that Pedro asked her out and she accepted, they are going to see a film with Jude Law and have drinks afterwards.",1
Lourdes painted her car orange and Clay thinks it looks great while Lourdes thinks it looks terrible.,1
Liv is trying on a piece of winter clothing which she thinks is warm and comfortable. Roxana thinks she should take it.,0
Emma wants to visit Jose and Marie who are in Sucre because she thinks she's got altitude sickness in La Paz. Kate is still in Europe.,0
"Barbara spent Christmas with her family in Poland, but many of them didn't come due to various reasons. In the UK, Samantha also celebrated Christmas with her family.",1
"Paulina is doing her homework, and it's not too easy.",0
"The discount for all foundations is still on until tomorrow evening, and GoForIt foundation has been withdrawn, but Day By Day has similar features that Kathi can try.",1
"Cam is excited about a new song from their favorite band and encourages Lucky to listen to it, describing it as fantastic, while Lucky responds by saying it's not bad.",1
"Bartek sent a photo of him in Greece to his dad, Tomek. Tomek did not know how to open the picture.",0
Chris and his wife are going out together regularly. Each week the other one chooses what to do. They're going to play paintball next week. Marty is interested in joining them.,0
Ann goes to new yoga classes. Amy agreed to join her. Ann will lend her a mat as she has two. The next class is on Thursday at 6 pm.,0
Martha has been dating her boyfriend for two years and they went on the Bohemian Rhapsody together.,1
Emily is coming home in 2 minutes.,1
"Adam, Ben, Paula and Claire have a new neighbour. Paula met him in the morning. Adam will invite him for Saturday.",0
The group is discussing the new girl Jennifer who works at the club. They are questioning if her boobs are real or not and Pauline defends her by saying that fake lashes and extensions are standard in their profession.,1
Jay is waiting for Kale by the Washroom.,0
He is careless and has been losing things at school.,0
Neil sends Jerry a photo from their trip to China. Jerry and Neil wish to repeat the trip.,0
Connor will contact the replanting company to pick up his Christmas tree and replant it in the forest. Charlie has sent him the link. ,0
Bobby will send Peter some notes from Fran for the test on Friday which he forgot about.,0
Lucia needs a new hairstyle due to a change of work and she makes an appointment with Eric for Friday 3 p.m.,0
Lavy congratulated Tasha.,0
"James invites Andy to join a group of friends renting a yacht in Croatia for the long weekend. The cost is around 500 euros per person, excluding gas for the car ride. Andy expresses interest and",1
Nick and Bart discuss a file that needs to be corrected before it is delivered to a client. They agree to meet the next day at 8:30 AM to go over the changes. Nick expresses his exhaustion and concern about being late,1
"Tom is reading a book on history of photography and Margaret is reading ""The Pianist"" by Jellinek. Blake does not read because he has to work.",0
Chrissy and Tara are coming to Pauline to have pizza. ,0
"Vesna and Ost have talked about Damir's upcoming surgery to remove his horns and put tubes, which is scheduled for November 19th. They discussed that this is a preparation for the surgery and that Damir is currently",1
Ela just gave birth to a boy. Rose will visit them shortly.,0
Paul and Martin can't go for a drink with Jamie after work due to family obligations.,0
Carol is going to the hospital in an hour and will pick up Andy. Andy is getting ready now.,0
Brad is disappointed to hear that the office is moving to a smaller space and that they are selling their grey couch. Meggy offers him a red chair instead.,1
"Leo and Gill discuss Leo's missed lectures and Gill's illness. They then talk about the Modernism topic that will be covered in their next lecture. Leo expresses his lack of interest in modern topics, but Gill is excited about it",1
Larry enjoyed the live concert of Uriah Heep.,0
"Anna asks Luis about his first day at school and his exam, Luis talks about his school experience, Anna talks about her own, Luis mentions a friend from Wawa and his current job at Brasserie H.",1
"Cheryl is not coming tonight. She probably has flu, almost half of her office caught it. She will stay at home.",0
"Jax suggests that Miley should avoid eating before bed and go to bed at 9pm to get a good night's sleep. Miley thanks him and reveals that she has been having sleep issues, prompting Jax to suggest that she",1
"Kate tries to reassure Maggie that everything will be okay, but Maggie is uncertain and worried about a situation at school.",1
Gabriel is planning to come to Rio de Janeiro for the Carnival and will be staying with Vicente. Octavio offers him a place to stay as well and recalls the fun they had together last year.,1
Susan will come to Bonnie's birthday party on Saturday at 8.,0
"Esme asks Elijah to support her when she confronts Tonya, but Elijah refuses and asks her to find someone else.",1
"Maria, Martha and Tamara will attend the next meeting of the community next Thursday at 9 pm.",0
"Orion expresses his sadness over the death of their pet rat, Smithers, while Cordelia reacts with shock and grief.",1
"There was an emergency at school today. Three engines and ambulance came, but it was a drill.",0
"Yvonne is trying to reach her dad to let him know to come at 5 instead of 4 as no one will be in. As she nor Iona can reach him, she will leave a key with the neighbours and a note on the door. ",0
 Sammie's put the baubles very close to each other on the tree and Ingrid decides to leave it like that for some time and then discuss it with Sammie. Noah prepared a creative version of the nativity which is different to the traditional one.,0
Mateos has finished school and has to leave. Connor and Mateos will miss each other.,0
Ed invited Tina for dinner. He wants Tom to leave the apartment for some time. He will pay him for it.,0
Jeff has a skin allergy. He doesn't take meds all the time. Tina also has a skin allergy and she takes meds daily. She can call Jeff if she has any questions.,0
Veronica apologizes for being late and Alvin reassures her that it's okay.,1
Louis can't find his tablet. He found it thanks to Bonnie.,0
Kristen got tickets for Ed Sheeran's gig in August.,0
"Emily is tired, because she worked a lot. She goes to sleep. She wakes up at 8 am, as she has a meeting at 9:30.",0
"Kitty is happy that they don't have a morning class on Tuesday, Jill is curious about when they will make it up, Kimberly suggests they will schedule it, Jill hopes it won't be on the weekend and K",1
James wants to watch a good horror movie. Nick and Ridley recommended watching Rec.,0
Richard took Hannah's spot again and Anne saw him parking.,1
Bella met Diego for the first time yesterday. She was tense. Diego was territorial. But he wasn't aggressive when Rosa entered his bed. Olenna will send Charlie more photos.,0
"Evie, Sophia, and Daisy are discussing a handsome man that Evie met at work. They are all in love with him and want to know if he is single. Daisy reveals that she is not single and has a",1
"Otto attended a One Direction concert with his family last weekend in Los Angeles and did not inform Regan about it, but promised to take her to the concert in LA next week.",1
"Lilia asked Masen if she could play COD with him, and Masen agreed. Lilia expressed her gratitude with a heart emoji.",1
"Anna offers to come over to Greg, who is not feeling well, but Greg declines and expresses hesitation about talking to Anna again.",1
"Jake and Amy discuss their plans for the weekend. Amy is concerned about her sick friend Chris, while Jake is preparing for a dinner party and wants to see a movie. They agree on Bohemian Rhapsody, despite its mixed reviews. They",1
Jack wants to know how Lola is doing since he hasn't seen her in a while.,1
"Mason and Phil are discussing the time of a Lakers game and discover that it is scheduled to play at 4 am their time, which Mason finds surprising.",1
"The group is discussing a potential Airbnb rental and deciding who will take the couch. They are also discussing whether or not to use their existing Airbnb accounts or create new ones. Theo suggests booking the rental while it is still available,",1
"Nick offered Bart a croissant from the canteen, and Bart accepted, thanking Nick for the offer.",1
"Adam recommends a song to Julia, which she enjoys despite its sadness, and talks about how he uses YouTube's autoplay feature to discover new music. Julia teases him about his ego.",1
Emma has a question.,0
"Lauren shared a photo of seals in Hel, a research center in the Baltic Sea, and discussed the interesting work they do there, including rehabilitating sick or hurt seals before releasing them back into the wild. Daniel and Emma expressed their",1
"Lilly and Henry will take care of the food, Daisy will help with the shopping list, Emma will get decorations, Gemma will sort a present and Isobel will bring a credit card for the food bill.",1
"Ben and Rafal are meeting up in 2 hours and 30 minutes. Rafal is comfortable with any subway exit, but Ben prefers exit 9 because of the restaurants. Rafal is taking the blue line, so they will",1
Monica dislikes everything about her new job.,0
"Anders is ill and has to stay in the apartment, otherwise he can infect other people. His skin is not itching, but he's waiting for these things to disappear. ",0
Evan shares a drunk picture of Jayson.  ,0
"Troy is having a birthday party at his place this Friday and everyone is invited. The party will include around 15 people including Troy, his sister, Tracey, Paul, and Anne. Troy will cook some food for the guests",1
Timothy has been walking a lot lately for her own health. She has calluses on her heel now.,0
"Roger left Fiona for Mandy, who is a model. Fiona broke into his FB account. She is devastated.",0
Samuel sends Alexis the link to the song after Alexis asks him to identify the second song played at a party.,1
Daki is preparing a package of winter clothes for Viki and will send it to her in Canada tomorrow afternoon. The price for a 4 kg package is acceptable for Viki.,1
Simona's channels name is her real name too.,0
Zoe recommends Sam buying MacBook Air in a state with no sales tax.,0
Patrick and Andy are discussing the game and plan to grab a beer together later.,1
Uncle Billy is relieved to hear that the scissors Abbie received in the mail were for her cats' claws and not for trimming his nose hairs.,1
"Cora, Kaylee and Lydia are going to a spa. Kaylee pays for everything.",0
Karen has just started reading the novel. Karen has had the novel for a month. Karen is very busy. Gibrael will read the book in a week and then give it back to Karen. Karen will give the novel to Gibrael tomorrow in college.,0
"Teddy accidentally sat on a cake and Imogen teases him about it, but they move on to discussing what Teddy can offer his colleagues for their birthday. Teddy has already bought cookies and chocolate as a solution.",1
Justin expresses his feelings for Corinne while she teases him for being too flirty.,1
"Tessa reminds Austen to write letters and Austen promises to do it tomorrow, stating that they will be the best letters he's ever written.",1
Paul and Scott enjoy the same music.,0
Lyla doesn't watch the Dynasties show. She watches the show Big Bang. Tab wants to watch it together with Lyla.,0
"Chris is upset because the cleaning woman he hired turned out to be a disaster and he lost 30€ on her. Tom is not responsible for the situation as he advised Chris to hire someone with references, which Chris was unable to find on short",1
"The new soap opera by Hernandez is titled ""Amor bravio"". It starts Thursday next week.",0
"There will be a contingency meeting at 3 pm on Friday. Lynn should get some info on the effects, Colin will check ad agencies that could be helpful and Bert will contact the lawyers.",0
The leader of their nation decided to build a 2K miles long wall on border.,0
Robert invited Pablo to hang out. They agreed to organise a party at 8.,0
Andy needs his parents to receive his parcel today. He tries to lie to Mrs Pink that he bought school supplies but admits he ordered 50$ worth of games. Mrs Pink doesn't mind him buying games as long is it is out of his own pocket.,0
"John advises James not to buy Philips TV due to its poor quality, while James is unsure about the size of the TV he wants to purchase. John recommends Samsung or Sony as better options.",1
"The group is planning a trip to Lake Bled and is discussing the details such as transportation, food, and meeting place.",1
"Agatha is officially unemployed and Maggie is there to support her, encouraging her to call her recruiter and look for new opportunities.",1
Katarina wants to rent a flat from Liz. She will come visit it today after 6 pm.,0
"Venus failed her driving test and is upset, Apollo and Mercury console her and offer to help her find a driving instructor.",1
"Walker invites Hector and three others to watch the Champions League match at 8.45 PM. Hector brings snacks, Cook cooks, and the match starts at 8.45 PM.",1
"Dorothy invites Ted to lunch, but Ted declines as he is on holidays. Dorothy wishes Ted a good time and later realizes that she thought he was back from his holidays already. Ted promises to call Dorothy on Monday.",1
"Chris is excited about a potential client coming tomorrow, but is disappointed that Zack is leaving work in February to move to New York. Luke is also going to the pub to watch the Liverpool vs Man U game.",1
"Ella is running late and missed the bus, but it's not a big deal.",1
"The group is discussing the decline in quality of a charity ball, with Maureen and Hilary expressing disappointment and Dick and Maureen expressing agreement. They reminisce about the best year, which was in 1999",1
Apple will share her Russian Poetry class notes with Emily.,0
"Marianne is spending summer in Vaduz. Marianne doesn't speak German well, because she speaks English with Peter all the time. Marie has never taught Jeffrey French.",0
"Charles showed Christian and Christopher a photo of their family members with elephant's cock, and they all laughed at it.",1
"Lisa hasn't heard from Jack in a while, which is unusual for him. Jack's been busy.",0
Kim showed Chloe a new dress that was sparkling beautifully.,1
"Scarlet shows her friends a photo of a shiny bag and they all agree that it's too flashy. Scarlet then shows them another photo of a different bag and they all like it, with Lisa suggesting they buy it for $20",1
Rose invites Sid to a party at the office and offers to bring dessert. Sid accepts and asks Rose to pack up some of everything. Rose mentions that there is tons of meat dishes left and some soup. Sid is excited about the dess,1
Matt stops Peter and Janet's conversation.,0
"Skyler offers to help Karen fix the broken TV, but admits that he has never done it before. Karen suggests that he might know someone who can help, and Skyler offers to call his brother, who can handle it. Skyler asks",1
"Mike invites Mary to visit his grandma, who likes Mary very much, and Mary agrees, bringing chocolate for her.",1
"Jack has a lot of work at Uni and Jack works as a postman, but they found time to meet in Spoons around 8 tomorrow. Jack's sister is dating Ramon, a Spanish guy, so Jez will look for other ladies.",0
Vivian wants to come back to Ireland for winter. ,0
"Isla, Emmeline and maybe Nora are going to place an order together next week. Isla will order a calendar and Emmeline will order a calendar and a pink pen with flowers.",0
"Julie is looking for someone to cover for Maureen, who has called in sick, but Karen cannot help because she does not have childcare. Julie expresses her frustration while Karen offers words of encouragement.",1
Diana got drunk at Mary's party yesterday and lost her Oyster card. Tom found it and Diana will take him to O'Neils as a thank you this evening.,0
"William tells Vincent and Walter not to mess with him and his girl, especially never insult her.",0
He didn't call Alex. She will call him.,0
Thomas and Kate will meet at Jeff's at 6 pm. ,0
Jeff's car died on his way back home.,0
Erin called a fabric shop and spoke to a guy who didn't seem very interested in talking about sewing a dress.,1
"The group is discussing whether or not to attend a conference in San Francisco. Jenny wants to go because it could be good for her career, but Jeff thinks it's a waste of money and time. Kim also wants to attend to see what'",1
Shannon is working from home today. She didn't sleep well and is considering taking a nap although it's already 8 am. Ian has just dropped off kids at kindergarten and will be home in 10 min.,0
"Liam and Sam had a little accident on the way which caused them to be late, but everything is okay.",1
"Matt, Anton and Paul are discussion their dislike of Theresa May and her negotiations regarding Brexit. ",0
"Ted, Jake, Pia, Jessica and Jess are having a reunion this Friday at the same place as the previous one.",0
"Kate's mom had no time to prepare the dinner, so she left her money on the counter to order something.",0
"Jane from customer support is helping Irene resolve an issue with a missing item from her order, the vanilla hand cream. Jane offers to ship a replacement or provide a refund, and asks for Irene's shipping information to process the replacement.",1
"Tobias and Laura are leaving and will be at the cafe in 5 minutes, Leland is waiting outside the cafe.",1
"Sarah, Betty, Lara and Jairo are going to an event tomorrow.",0
"Adam advises Kevin not to buy HP laptops as he had a bad experience with one that broke multiple times, including the hard drive, RAM memory, and touchpad. Kevin acknowledges the information and shares that he prefers ASUS. Adam",1
"Lucas, who works for Deliveroo, started his job yesterday and Adam asks how it's going.",1
"James and Mary express their love and affection for each other, with James declaring that he loves Mary more than anything.",1
"Jacob promises to not ditch again, but reveals that his wife won't allow him to come, making him proud to be single.",1
Leo was supposed to leave for the weekend but the trip was cancelled. ,0
"Zach and Holly discuss a customer who demanded that they count all her coins, even though it was not their job. Holly handled the situation professionally, and Zach commends her for it. They agree that they don't have the time or staff",1
"Emma and Beth don't like school. Beth is thinking about apprenticeship at her aunt's salon. Both girls like Nat. Beth also likes Joe, Emma's brother.",0
Gabriel and Eve have a meeting with Patrick in 20 minutes at Tate Modern. Patrick is at Tate Britain. He will join them in 5 minutes.,0
"Sierra has spent 13 mins queuing on Ormeau. Isabel couldn't buy translink tickets at SU because of the queque; she will try buying them at the station or in Centra. There was an accident on the main road to the international airport, so the visitors from Dublin may be late.",0
Wayne forgot the password for the company shared folder. Jason helps him.,0
Rob booked the Plaza at 8 p.m. Helen has to meet John at 7 p.m. She will bring Rob's jacket.,0
Nel was out of town. She's back now. Nel and Mona will meet on Monday at 6.,0
Gill has missed the lectures today because he has the stomach flu. He's taking a day off tomorrow as well.,0
Megan will turn radio Channel 2 on to listen to Ethan's interview on allergies.,0
"Max recommends bearable horrors to Makayla, who is not a huge fan of the genre, for a horror night with her boyfriend Jason. He suggests movies based on Stephen King's novels, such as ""The Shining,"" """,1
The electricity bill with the date 24th has not been paid. Mandy will make the payment.,0
"Layla the dog misses Rachel. She is having a knee surgery, because of arthritis. Renee sends a picture of her dog. Rachel getting settled and she's looking for a job in teaching. ",0
"Jonas is running late and asks Natalie and Olivia to let Mary know he will be presenting today before she starts, and they agree to save him a seat.",1
Rick found Luke's keys under his car seat and Luke is grateful to have them back.,1
Multiple people wishing Jenny and Rob a happy first wedding anniversary and a great day.,1
"Rick and Diddy are discussing going to a baseball game together, with the New York Yankees playing the Toronto Blue Jays. They are uncertain about being able to get tickets, but decide to go down and see. They also talk about",1
Ramona and Fabian are discussing their holiday in Venice and Fabian recommends a pizza place in Padova called Pizza al Volo.,1
Mia has a bus back to New York at about 11.30. Zoe will wait for Mia at 7th Ave and 27th St.,0
Theresa informs Dylan that she needs to stay with her grandmother for a longer time because she is not feeling well.,1
"The new printer is working well, Parker has had it for two weeks, and Clay hopes it will last for two months.",1
Sia had to go home because she's got period.,0
Chuck is on his way to visit Maya.,0
"Rachel is on the train and asks Alex to take care of her bird while she's away, assuring that he won't overfeed him.",1
Bella and Mick will have pizza.,0
"Yanny had an air ciruclation device installed by a specialist and it turns out to be very efficient. Amelia and Sammy also have a problem with moist air at their houses, so Yanny will send them the specialist's details and he will verify if he can help.",0
"Anne, Chantal and Meghan are going to the integration party tomorrow.",0
Chris is on the way from the Krakow airport to the hotel.,0
"Steffi has just become a member of Gary, Fiona, Ethan, Brian, Maddie and Chris' team. Fiona is in Galway where the weather is good. The weather in Northern Ireland is usually not warm and sunny.",0
"According to Pierre, tipping is not common in Italy, because tips are generally included in bills.",0
"On Sara's request, Judd will take part in the 5K run, which is organized for a good cause.",0
"Jenny Morris Sharpei informs Caron that Sean will be coming to help with drainage on her kennels, and Caron responds by saying that she has an old fella on the go and will be coming over with Luna",1
"Warren invites Raphael to see Ben's band play, but Raphael declines because his own band is playing at the German-American club that night. Raphael mentions that they have played there four times and that the",1
Susie wants Sue to wait as she's coming.,0
Elise found Jim's lost dog in the forest and offers to take care of it until he can pick it up from work.,1
"Amanda declines Jane's invitation to go out tonight because she is too tired from working out the previous day and needs to wake up early the next day. She suggests Jane ask Natalie, who may want to go out instead. Jane thanks Amanda",1
"Margaret is struggling with Christmas shopping and asks Joan for advice. Joan suggests some ideas for presents for her family and friends, including wine, cheese, and biscuits for Darren and Susie, and Sharpie pens and sketch pads for",1
Teacher gave Ava and Noah another week to work on their projects. They didn't decide on the subject yet.,0
"Jimmy, Tom and Rick are meeting for a beer at 7 p.m. at Morty's.",0
Ola is at the doctor's.,0
"Aaron booked a couples massage for Friday at 1pm, and Harriet is excited about it. They can lounge at the spa all day after if they want. However, Harriet is not thrilled about working out beforehand,",1
"Megan would like to get a plant, some kawaii pens or stationery, or ebooks for her birthday.",0
"Donna suggests B flat as a possible chord for Cocaine, but Sweeny decides to look it up online instead.",1
"Holly fell down and hurt herself, but can manage on her own. She is in Sasanki taking the bus from the station. ",0
Michelle and Tania don't want to spend the weekend at home. They decide to go to the new water park.,0
"Kasia and Jan are in Westfjords. Kasia, Jan, Kate and Michael think that Westfjords is beautiful. Icelandic horses have 5 gaits.",0
"Andre shared with Hanna an offer for a job in Lisbon, which is for German speakers. Hanna expressed her interest in the job despite it not being very interesting, as it is for Google, and there might be other opportunities later. Andre",1
"Jack is struggling to find his way through the crowded train and is unhappy about the trip, while Olivia tries to help him find his way and stay positive.",1
"Karen and Dee Dee had problems with a car rental company that didn't accept debit cards, resulting in the loss of a booking fee. Despite this, they are now enjoying their holidays.",1
William doesn't have Emma's notes. She'll ask Ethan. ,0
"Finneas relayed that Cheryl is waiting for Megan outside, but she left her phone at home and can't find Megan. Megan thanks Finneas for letting her know.",1
Rob will go to a pub tomorrow with his brother. He might come to visit Kaja after. ,0
"Anne passed her driver's license test. She's going to celebrate with Jake, Vicki and John.",0
"Anna can't find her red brush, and Mary saw it in the bathroom. ",0
"Sandy shared a new beat with Luise and Ray, who liked it and discovered it was from the Chromatics genre on Spotify.",1
"Trudy is looking for a decent and cheap dry cleaner's. She needs to have her leather jacket cleaned after her cat peed on it. Swiss Dry Cleaners are good, but slow. Penguin are further away but fast.",0
Ruth got back with matthew because he was in town.,0
Patricia and Edgar have a conversation about animal abuse. They both deplore it.,0
"Bobby inquired about the availability of Adam and Michael for an upcoming project that is set to start around August and last for 2-3 months, while Michael informed Bobby that he is already working on another project that started last week and won'",1
The group is discussing the appearance of an old man at a McDonald's and joking about how he looks after working night shifts. They also comment on how much McDonald's would need to pay for a billboard advertising for workers.,1
Mandy won't come probably because of Mary.,0
Tom invites Dusan for a 1 lesson upper intermediate English course at 4-5:30 tomorrow. The course book will be at the reception and the students are 4 in number. The book used is English File.,1
Ally offers to bring over chicken soup to Kelly who is not feeling well.,1
Gerald and Maggie will be home very late. Judith will let their dog out around 4. The key to the house is under the frog. Judith will join Gerald and Maggie for dinner.,0
Kim provides the location of the place as Half empty - 123 23rd street and Midge says she will be there in a bit.,1
Ian is waiting at the gate for Adam who is almost there and will be just a couple of minutes late.,1
"The 206 crew is scattered around the world, with some members back in the UK and others still in Ghana and Russia. They plan to meet up for a drink or dinner sometime next week, either in Cambridge or London. Amy is",1
"Daniel, a professor, was invited to speak at a seminar at a university and was impressed by the students' interest in his work. Jacob, one of the students, suggested starting a working group about existentialism and Daniel agreed to be their",1
Sean's grandad is turning 100 and the family is organizing a party for him at the weekend. Josephine expresses her admiration for Sean's grandad and asks if he has any friends still alive. Sean reveals,1
Rick has left his black sweater at Phil's place yesterday. Phil will bring it to practice tomorrow.,0
"Hayley shared selfies with Pluto and described him as cute, while Zahra complimented their appearance together and noted that Pluto looked like Pinocchio in some photos. Hayley also shared that Pluto initially wanted to eat her but",1
Jim will know before the weekend if he can come before Christmas or on the 26th or later. Eva can pick him up at the airport if he comes before Christmas. ,0
Cindy finds Maybelline too expensive. Daisy gives Anne the link to a website with cheaper cosmetics.,0
"Natalie recommends Dr. Anna Smith, a cat behaviorist, to help Fay deal with a cat that is attacking Mary.",1
Agnes likes Nescafe coffee machine. Claudio wants to get one.,0
Ben informed Peter of his new phone number and they discussed going out soon.,1
"Nathalie invites Alex to join her at a workshop on homemade cosmetics, which costs 15. Alex is interested and decides to join. They discuss the potential allergies to ingredients and the possibility of making candles during the",1
Crista agrees to give Paul a lift to work tomorrow at around 8 am.,1
"Tom invites Mike to play tennis on Sunday, but Mike declines because he injured his ankle. Tom expresses sympathy and cancels the plans. Later, Mike reveals that he thought Tom knew about his injury and that Monica had informed",1
Anna is organizing a Christmas party on December 21st and needs helpers in the kitchen. George offers to help and Anna invites him. They discuss the guest list and Anna adds Sofia to it. Anna also offers to help George,1
"Joddie and Mousie discuss the recent political situation in Poland, including the government's treatment of Wielka Okiestra and the mayor of Gdansk's murder. Mousie expresses his disgust and disrespect for",1
"Josh recommends Jessica to spend at least 500-600 dollars on hiking boots and suggests trying Lowas, Chirucos or La Sportivas since her feet are long and thin. They plan to go to an al",1
"Samuel complains about the ridiculous prices of MS Office. Owen informs Samuel that MS Office for business is not as expensive as it seems to be, and there is a free plan as well.",0
"Kim has arrived in Bangkok and is excited to be there despite the heat and crowds. She has been traveling from Kuala Lumpur, Malaysia, where she spent time in the jungle, tea fields, rice fields, on the",1
"Sara is going shopping and wants to know what to make for dinner. She asks Ana if Daniel is allergic to anything, and Ana responds that he is lactose intolerant. Sara expresses concern, but Ana assures her that",1
Robin will talk to Tom later because he has a birthday today.,0
Mavis's legs hurt either because of the match or because of high heels. She will see a doctor.,0
One of the meetings was cancelled and Frances is at Strawberry Café.,0
"Jake is flying to Puglia in October. According to Margaret, he should visit Lecce, Alberobello, Polignano a Mare and Gargano.",0
Danielle needs to buy shoes but doesn't want to spend a lot. She might buy them online. ,0
Jay got a new computer yesterday. He's satisfied with the performance of his computer. Jay and Gary will play Overwatch.,0
"Russ and Jody are discussing their plans for Halloween, with Jody revealing that she will be dressing up as a witch and Russ saying he will be keeping his costume a secret.",1
"Monica and Phoebe have sent puppy photos to the conversation. Monica, Rachel and Phoebe are at work.",0
"Natalie and Mandy are discussing the breakup of Isabel and Jackie, and how they think Isabel will handle it. They also talk about Isabel's past relationships and how she may struggle to meet new people. Vicky joins in and shares",1
Sue and John briefly discuss a party and a glass of champagne.,1
Tiffany and Andy get loads of spam emails. Tiffany subscribed to a newsletter to get special offers from her favorite online store.,0
"Kai and Devin are talking about their location, and Nate informs them that he is parking his red Ford Mondeo at the main entrance.",1
"Nate drove his girlfriend to a nice dinner and cinema, but on the way back, the car wouldn't start and he had to ask her to give him a push. She didn't have a driver's license, and the car",1
Mike's sending a free sample of his new software to Jim and wants him to test it.,0
Cory and Jem send Emily links to some language schools near her. Emily wants to learn German.,0
Jack has to go on an important conference in Manchester. Meg tells him to quit the job but Jack has to pay the debts.,0
Ronald left the meeting yesterday because his boss annoyed him. Ronald will apologize to the boss. ,0
Zoe informs Ryan about her uncle Stephen's death due to a heart attack and also asks him to check up on her grandpa who is depressed.,1
"Tegan received a friend request from Paul's brother and is unsure how to respond, Valentia suggests ignoring it as she wouldn't want to rekindle their past relationship.",1
"Karen expresses concern about Jay's excessive alcohol consumption, while Henry believes Karen may be overreacting and suggests Jay could be stressed and needs to relax. Karen insists that Jay drinks every day and is not normal behavior.",1
"It's getting cooler in Poland, because winter is coming. Justin hasn't seen the last episode of Game of Thrones yet.",0
"The conversation revolves around Jason's assessment of Pierre-Emerick Aubameyang's performance as a striker for Arsenal, with some participants disagreeing with his opinion and others providing facts to support their stance.",1
Nevaeh and Rafella are excited to attend a vegan animal march in London and discuss the increasing number of attendees in previous years.,1
Julia and Ava are discussing plans for a karaoke night on Friday and Ava is making a reservation.,1
"Alice will join Sam, Paul, Christie and Nate on Friday night at 9pm at the Game Pub. They're going to play some board games. They might go for drinks afterwards.",0
Kim owes Kelly 84.,0
Lena will prepare a new scheme of work and consult it with Simon and Josh as the kids have troubles comprehending  some parts of it and have complained to Lena.,0
"Tracy corrects Sandra's input of the address, which turns out to be incorrect, and explains that the address doesn't exist. Sandra then knows where to go.",1
Carson has finished the assignment that has to be handed it by the end of the class. Ian is still working on it and Trevor plans on doing it during the class.,0
"Luisa and Mandy will go to the cinema to watch the film ""Glass"" at 9. Luisa will pick Mandy up at 8:15.",0
James and Lucas discuss meeting up this week and settle on a time and location for their meeting.,1
Maddie and Kira discuss Toby's behavior at school and how he jumped out a window and ran away. They also talk about Toby's physical appearance and Kira's contouring. Kira expresses her desire,1
"Agatha is unemployed, she thinks this job was a waste of time. Maggie offers her to call Maggie's recruiter. Agatha and Maggie are going to meet up at Agatha's place at 8pm.",0
The group is discussing their favorite comfort foods and sharing stories about their relationships. They express gratitude for each other's support and encouragement.,1
Josh and Osman are excited about the match. Josh needs a drink.,0
John invites Mike and Chris to watch a game at his place at 5 pm. Mike is immediately interested while Chris is hesitant and asks for the time. Mike encourages Chris to come and Chris eventually agrees.,1
Walter and Christina are discussing Walter's upcoming return to work and their plans to go to the seaside together. They also talk about the project and the food at work.,1
Kimberly and Sierra are livid about smokers in public space. Sierra's uncle is still a smoker despite a recently introduced cigarette tax.,0
Tom really liked the museum Mary recommended to him in Dumbo. He got in for free using his student card. ,0
"If Betty and Daria win the contest, they will go to Thailand.",0
"Josh, Mark, Emma and Hannah are playing sports at 7:30 pm tonight.",0
Jake sent Victoria pictures and she responded that they looked great.,1
Kate shows her new short haircut to her siblings and they all give their opinions and compliments.,1
"Noah showed off his new tattoo to his friends, who admired and commented on its size and cost, while Jim expressed his dislike for it.",1
"Joanne and Phoebe are discussing a mutual acquaintance named Jack, who is now working with one of Phoebe's husband's friends. Joanne finds it strange that she knows more about Phoebe's ex-",1
Dora asks Dad if everyting is ok and it is.,0
"Brianna requested two tickets for the 30 Billion concert from Jeff, who agreed to prepare them for her.",1
"Charlie got a new high score of 152.374, which is almost 25000 more than the previous one, after around 15 tries. He feels that he can still do better and Archie encour",1
"Tracy and Joe discuss their plans for the weekend. Tracy wants to go to her hometown on Saturday morning, but Joe wants to go to a club. They agree to meet up on Saturday at 11 am and prepare for a",1
Mumbi is looking for fresh vegetables for supper and Grace suggests checking at Miriam's. Mumbi had bought bad tomatoes the previous night and Grace expresses sympathy. Mumbi is okay and Grace asks if she has Mir,1
"Serge's monthly bank transfer to Théo was made late, so he'll make a late rent payment to his landlord. The landlord shouldn't be angry about it given previous timely payments.",0
Eva is back home and wants to hang out with her friends. They decide to hit the beach and make it a party. Jodie and Claudia are excited and agree to invite others. They will let Eva know as soon as they arrive.,1
"Bill and Nate are discussing a restaurant and Nate mentions that while the place is fine, they don't like the seafood served there. Nate then suggests something else to try.",1
Ethan congratulates Lilly on her baby boy. The baby's name is not yet decided.,0
Karen can't work because she hasn't got childcare. Julie expects she will work with someone new. Maureen rang in sick again.,0
Kate and Morris are going to Bangkok right now. They have an additional day there. Kate wants to visit Jim Thompson House. They're coming back to Europe the day after tomorrow.,0
"Margaret recommends visiting Lecce, Alberobello, and Polignano a Mare in Puglia, Italy, and suggests going to Gargano for a less touristy experience. She mentions the Foresta Umbra,",1
Naomi informs Lottie that her brother Tyler is sick and will not be able to attend a meeting after school. Lottie expresses concern for Tyler's health and offers advice on how to care for him. Naomi updates L,1
"Joshua suggests that Noah look out the window, Noah sees snow and wants to build a snowman, Joshua suggests building an Olaf.",1
"Eloise is looking for a new mobile phone because her old Nokia is slowly dying. She prefers Huawei or LG but is open to suggestions. Miles recommends an Xiaomi phone, which Eloise finds promising",1
"Hersala, Pacifica's neighbour, disposes of Pacifica's mail containing personal information that Pacifica's husband didn't remove.",0
Dona will come with Henry to his friends' house party for New Year's Eve.,0
"Kate shows a photo of an emerald green lake in Laos, near the Thai border, and Jeff comments on its beauty and the coldness of the water. Kate mentions that she stayed in the water for only three minutes and it wasn",1
"Monica has found the ring that Josh's girlfriend wants and plans to give it to her during their third anniversary. Josh wants to pop the question on their third anniversary, but Monica advises him not to give anything away before taking her finger",1
Paul had a car accident and is in hospital. Patricia and Monica wonder if they should visit him.,0
"Greg shared a page of the best memes he's seen with Fred, who loves dark humor and finds it politically incorrect, and they both agreed it's the best.",1
"Monica is unhappy with her new job due to issues with her boss, team, tasks, and overall work environment.",1
"Nancy encourages Kenneth to take time for himself and relax, as he seems busy and stressed.",1
"Sebastian and Betty catch up and discuss their last conversation, where Betty felt unsure if she wanted to continue talking to Sebastian. They both agree that they are happy to meet again in Paris, and make plans to do so.",1
"Erik has been to China, where he took many photos documenting the life of the country and its people.
",0
Lily had nice time at Rosa's yesterday. ,0
Peter is moving to a new flat. Josh wants to visit him in Portugal. Peter's been playing Spiderman 4 and reckons it's a bit expensive but worth the money.,0
Aryana and Sandra discuss the possibility of meeting Denise tomorrow and the time for it. Aryana needs to pick up some holly from Eva's house and Sandra offers to help but Aryana declines. They end,1
Mason had a nice night with the blond girl. Mason's condom broke so they got the morning-after pill. Thomas reckons it's nice of Mason. ,0
Kate provides her address and Jerry asks for the subway line to reach there. Kate mentions the lines A and C and Jerry acknowledges that he will arrive in about 40 minutes.,1
"Margaret asked her friends for their opinion on a dress she got for the Christmas Party, but they were more focused on the toilet in the background of the photo she showed. They agreed that the dress looked great on her, but some of them suggested that",1
Duncan is looking for his yellow bow tie and Jerry reminds him that Justin borrowed it from him.,1
Hope invited Rosa for a night in with friends on Thursday after 7 PM. Rosa will bring some snacks.,0
"Emily Roberts got married to professor Taylor, as Mateo says. There are pictures of their wedding on Facebook. ",0
"Roman and Beth are excited to see the new Aquaman movie and plan to go together on Friday night, with pizza afterwards at the mall.",1
Paul and Copper discuss changing their meeting time from 3 to 4 PM.,1
"Mary is angry and dismissive of Jacob's excuse for being late to a performance, and tells him to explain his tardiness to Becky.",1
John and Ian are planning to go for a ride together. They are meeting at St. Monica at 8.00.,1
"Michael shared a bill with his friends and they agreed to pay him via bank transfer. Irene and Ester sent their payments, but since they are in different banks, the money might take a day to arrive. Michael is thankful for their help",1
"Basil and Cecily share a video of their street interview that was recently aired on TV, and Ian reacts with excitement, but Basil teases him about being starstruck and tells him to ""know his place"" as they are",1
Jake and Chuck discuss their project partners and Chuck suggests they work together. They agree to make a presentation on the French Revolution and the deadline is next week.,1
"Monica accidentally threw away Paul's sandwich, causing him to be upset and questioning his luck.",1
"It is cold outside, so Jimena will stay at home and cook. Mason is ok with that.",0
Liv hopes some man will write to her. They argued last time and she was really mean to him.,0
Mike will buy some bread at the bakery for Mary.,0
"Isobel, Lilly, Daisy, Yordy, Henry, Gemma and Emma are preparing a party. Lilly, Henry and Daisy will take care of food. Gemma and Yordy will look for a present. Emma will get decorations.",0
"Kurtis is answering Davis' dad's phone and informs him that his dad left his phone and went out, but everything is okay.",1
"Peter is feeling depressed about Brexit as the government has not achieved anything despite having 80% of the time available, and he believes that they are trying to prove Wilf Pareto's 80-20 rule wrong.",1
Claire is unhappy about her neighbour becoming an MP. ,0
Chloe bought a new MacBook Air for work.,0
"Jake, Jack, and Martin are discussing Piatek's goal for Roma against Milan and how good he is, with Jake calling him unbeatable, while Jack cautions that they should wait and see how he performs next season.",1
"Mickey tells Lavinia about a recent incident in India where a monkey snatched a baby and bit it, resulting in the baby's death. He also informs her that this is not an isolated incident, as another baby was attacked",1
Tomorrow after lunch Astrid will meet with Mr Martin to talk about her essay. .,0
Mike proposed to Christina. Eva congratulates her. ,0
Claire's 30th birthday is next week. Roberta and Gertruda are already 30 and don't feel any different than before.,0
Tobi and Maxx are excited to attend a birthday party tomorrow because they both love bowling.,1
Andy is very excited as he has asked April to marry him. The wedding is in 2 months and Christian is invited.,0
 The wedding starts at 3pm. Gerald will bring the keepsake for Jeremy.,0
Chad shows his friends a photo of him and his sister at a VIP Cowboys game and they make fun of him for being a douchebag.,1
"Francine checks up on Jessie and assures her that she's always there to help, while Jessie expresses gratitude and admits that she's still feeling overwhelmed.",1
"The group is considering having a drinking session on either Saturday or Sunday, with some members preferring one day over the other, and Charles opting out.",1
"Auntie Dotty is travelling, she has visited Merida, the capital state of Yucatan and has seen the Maya temples: Chichen Itza and Uxmal. Auntie Dotty is sharing some photos of her trip with Timmy.",0
Peter's making a playlist for tonight. He's going to do a mix of the 70s and the 80s.,0
"Daniel is leaving Clonmel at 10 am on Saturday to go to Thurles for a GAA blitz with his U8 group, and will be back around 1 pm. Paul will let Daniel know their plans after talking to",1
"James and Nick discuss the upcoming forest day at school, and whether students need to bring waterproofs, wellies, and lunch for the activity. Nick suggests bringing these items in a bag and eating beforehand, while James agrees and mentions that",1
"Robin realized it was Tom's birthday but didn't call him yet because she was going to have breakfast first, and her grandma calls her at 7 am.",1
"Mark dropped Angella off half an hour ago. Mark teases Angella about how he misses her. Mark and Angella have to work now, but will see each other in the evening.",0
"The group recommends starting with giving the baby one meal a day made of pumpkin, carrot, and potato, then gradually increasing to three meals a day with fruits like apple, pear, and banana. They suggest avoiding highly allergic",1
Miley lives in Connecticut. Joan had a boyfriend from Connecticut. ,0
"Jenny Morris Sharpei is coming over to Caron's house at 12:00 PM and bringing drops for Molly, a dog, and wormer. Caron needs to finish off some paperwork with Jenny and discuss any alter",1
"Kate and Nick discuss Tom's e-mail, which is worse than expected, and they plan to meet for lunch to strategize.",1
"Terry and Simon both enjoy Charles Bukowski's writing style. Simon is about to finish ""Women"" soon and afterwards he'll start reading ""Factotum"" that Terry will borrow from him as soon as he's done.",0
"Julia posted on Facebook that she is looking for vegan places to eat and John started accusing her of ruining the country's economy. He is someone who likes picking up random fights, especially after alcohol, and he hates vegans.",0
Barry is taking his car.,0
"Keira wants to meet Tom for coffee climbing wall next week. He is available on Tuesday and Thursday, but not Wednesday. Keira will let him know in a few days. Tom is going to Portugal, Baleal Peniche, in two weeks, but will have to work remotely. It is his 4th time visiting the same place.",0
Marcus listens to BBC World Service every day. He prefers listening to music on Spotify. Audrey doesn't listen to the radio and doesn't have a radio set. Lucas doesn't have it either. Marcus advises her to listen to the radio online.,0
Karisa is undecided about what she wants to eat. She chooses soup but the soup place is already closed. Lenny will buy chips and salad instead.,0
Suze offers Gemma a solution to her problem by inviting her to come by her office.,1
Bob is going to be late today. Paul and Tom will start setting things up before Bob arrives.,0
Cora is on a 4-day cruise to Isla de Juventud and has no internet access. She apologizes for not sending any pictures and explains that Fidel Castro was right about the island's beauty. Cora will,1
There is a bad movie night in St Club on Friday. Twiggy and Colby are going.,0
Jake showed Jason her photo from 5 years ago.,0
Carmen has almost been hit by a car it's been raining for a week. She's upset.,0
Lilly spent the weekend with her friend and her 2 annoying little children. Lilly had to watch TV at home because of the children and didn't enjoy it at all. ,0
Noah quit his job because his boss was a jerk.,1
Jane stood Amanda up. They were supposed to go to the cinema together. Linda will come with her instead. They are meeting at 8.,0
Naomi won't go to the meeting after school because Tyler is sick and she will watch over him. He might get better till Thursday or Friday. Xand will miss him at school.,0
The group agreed to collect 20 dollars per person for a present for Mia.,1
Tyler agrees to give Adam 100.,1
"Jeffrey said ""Whatever see ya!"" in Italian before leaving.",1
Linden and Litia are discussing Linden's new email address linden@gmail.be and Litia is excited to use it to send pictures of her dog.,1
"Claire would like to go out with Pete, but she needs to study.",0
The conversation between Pete and Jake revolves around the potential impact of Brexit on Polish people and the challenges the British government faces in negotiating trade agreements and changing laws to be in partnership with the EU.,1
Richard and Michelle plan to meet for a walk by the seashore on Sunday at 4pm.,1
"Gregg has just seen the girl Max is infatuated with. Max has not talked to her yet, since he is waiting for a perfect moment to do so.",0
Charlie is panicking because they don't know which room they are supposed to go to for their defense and can't find their friend to ask. They decide to message their thesis advisor for peace of mind.,1
Maya suggests to Matt that they should have red wine for dinner because John and Tina are coming over. Matt forgets about the dinner and Maya reminds him. He gets teased by Maya and they end up having a playful conversation,1
"Julie offers to take Maya on the way to the church, but Maya decides to ride with her instead as she won't be taking her car. Julie mentions that they have only one free seat, and Maya assures her that",1
"There is no solution to populism, tabloidisation and fake news industry. People don't read longer messages, they don't focus on facts and they can be easily manipulated.",0
"Sonia is bored and Vicky offers to call her and tell her two funny stories. Sonia agrees and they set a time for the call, with Sonia needing about 20 minutes to finish what she's doing.",1
"Angela asked Brian if a small Flash-based.exe file for interactive boards would run on the school laptop, and Brian guessed it should work since it's a Flash app. However, Angela was still concerned about running an.exe file",1
"Sarah invites Diana over for a chat, but Diana has to cook for her kids and help them with homework, so they can't come over until after they go to bed. Diana mentions that she might not be able to digest red wine",1
"Anna makes an appointment with Monika for a facial, stating that she is a bridesmaid next weekend. Monika is happy to see Anna again and asks about any special needs. Anna mentions her dry and blemished skin, and",1
Sara's 7-year-old daughter Kyla will take part in a beauty pageant and Martha thinks putting too much make up on her will make her look unnatural. Martha agrees with Sara's sister who thinks that Kyla might have a distorted image of herself in the future.,0
Monica and Nathan are discussing cheap flights to Rome and are disappointed to find out that all the options on Ryanair and Wizz have sold out.,1
Henry is going to bed. Elizabeth and Henry will see each other tomorrow. ,0
"The group is discussing the amount of alcohol consumed during their previous night out, with Felicia expressing regret for not remembering more of the evening. Dorothy encourages her to live in the moment and forget about the details, while Madge suggests repe",1
Sophie doesn't know what to buy for a gift. She wants Monica's help. She is considering buying a day spa gift card. Monica is bad at buying gifts.,0
"Sheri invites Eileen and Roddy to join her for ice swimming on Saturday morning. Eileen is hesitant, but Roddy is curious. Sheri explains that it may be hard at first, but the benefits are numerous",1
Lyman promotes the charity action concerning donation of used clothes.,0
"Jack and Jez catch up about their lives, with Jack complaining about the hard work of university and Jez sharing some statistics about the dangers of being a postman. They discuss their plans for the weekend, with Jack inviting Jez to",1
"Julia is sick, a rash is disappearing but she still has a fever. Robert feels sorry for her.",0
"Sarah and Arman are saying goodbye at the airport, with Sarah expressing excitement for Arman's return, but Arman experiencing a delay and a plane that is too cold for de-icing.",1
Paul and Daniel are trying to arrange a meeting for themselves and Darren.,0
"Rod sent Mel pictures from his recent trip to see Slayer and shared his experience, while Mel showed him pictures from Iron Maiden's concert and shared her experience.",1
Edyta loves the IKEA candles she bought in Blue City and Jannie wants to come too.,0
Amka is doing a lot of student exchanges. Mick isn't going to London due to his grandma's health so he's gonna stay in. Amka never used to do anything for Halloween.,0
"Angie and Angela are discussing Angela's birthday party, which was good and everyone danced almost till the end. Angela is a bit tired and drunk from the party, but she is enjoying her day.",1
Sheri went ice swimming with her friend and wants to do it again. Eileen wouldn't dare but wants to have a look. Roddy will let them know.,0
"Abigail's father had another surgery and will be in the hospital for another 2-3 weeks. Jason offers to visit him and bring Karen with him, but Abigail suggests waiting a week or so because her father is very tired",1
Joan is driving to Philadelphia on Saturday morning and invites Amanda to come along. Amanda agrees and plans to leave her house at 9:45 AM to arrive in the city before lunch. The drive is expected to take no more than 1,1
Jen is going shopping tomorrow. Lea can't go with her as she has to prepare for Wednesday classes.,0
"Fiona and George discuss the design of their kitchen, with Fiona wanting an island to make the space look bigger and more convenient, while George is unsure about the idea and thinks it may make the space look smaller. They agree to discuss the",1
Alan shows Ann a photo of a package and asks if it will be okay. Ann thinks it should fit and suggests buying bubble wrap. Alan agrees and asks how much. Ann estimates 1.5 to 2 meters.,1
Dan will come to Jack to play and his mum will get them mini choc rolls. ,0
"Khabib defeated McGregor in a UFC fight, with many people, including Lemar's dad, shocked by the outcome. McGregor's stamina was also a factor in his loss. Despite the controversy surrounding the b",1
"Elisa, Fran, George, Remi and Ollie are wishing Ollie a happy birthday and expressing excitement for a celebration, while Ollie looks forward to seeing them on Friday.",1
Sue and Peter are on a delayed flight due to a snowstorm and are concerned about the delay. Veronica and Joe offer to pick them up from the airport once they arrive.,1
Daniel returned at 5:30 am last night. Emma is coming to Italy on Wednesday. Daniel fell in love with a married foreign girl that he was hosting but eventually nothing came of it. He ended up in the other girl's house.,0
"Ruby is considering meeting someone online and Grace is encouraging her to go for it, assuring her that there are many people who successfully date online and that she can help Ruby with her profile.",1
Shane is considering deleting her online dating profile after discovering her date is already married. Nina believes there are good guys out there and bad experiences make good stories.,0
Nat confirmed that they are coming to Sylvia.,0
"Romy is excited to see her brother on TV and thinks he looks cute, but Brad teases her and denies having a girlfriend.",1
"Chris tells June about a party where they drank and got stoned, and then one of the guys jumped off the roof into the pool. June is horrified and asks if an ambulance was called, to which Chris replies that someone",1
Telma lets Holger vent.,0
Joan is driving to Philadelphia on Saturday morning. Amanda will join her at 9:45 AM after bringing Charlie to his grandmother. The journey will take up to 90 minutes.,0
"The group is discussing how to settle a situation and Jacob suggests apologizing as the safest option. Ken agrees, but Will thinks it was the other party's fault and they should not take the blame. The group is under pressure to reply within",1
Zack wants to watch the Avengers but Daniel hates sequels.,0
Janet liked Oscar's T-shirt. Oscar will not wear it again as it made him itch. ,0
Yigal is going to show Kai and Kate the Sint-Annatunnel. They are planning to eat some Chinese food after crossing the river.,0
"Rebecca, Ben, Harry, Kelly, Anna and Will enjoyed last night.  ",0
"Kira was sick, so she couldn't see Toby jumping out the window. Toby put his classmates into trouble, so they had to apologize for their bad behavior. Kira finds Toby hot, but Maddie prefers Zane. However, Zane probably date Kate. Anyway, Kira and Maddie will try to seduce Zane and Toby next Friday.",0
Tom has an important business meeting in two hours. He asks Hannah to prepare some clothes for him. Coffee and brownies are going to wait for him as well.,0
Simone fell down the stairs and broke his leg.,0
Greg and Tom are sick and Jordan has decided to stop eating street food.,1
Teddy left Amber half a year ago. She misses him. She is still depressed. Lora will take her out for drinks to cheer her up. Nicole will join. ,0
"Carol has booked a signature massage at the SPA, which includes peeling, mask, and a full body massage, for 1pm after work. The regular price for 50 minutes is 150, so the discounted",1
"The group is discussing their Christmas wishes, with Gabi suggesting a $100 budget. Mary wants cosmetics, Kate wants a Kindle, Jack needs drills, John wants new sneakers, and Gabi wants a surprise gift.",1
"Jane is from Coxwold, a small town in Yorkshire, and describes it as having beautiful villages, the Dales, and North Yorkshire Moors. The weather is changeable. Winston is from Tooting, a",1
Daniel moved in about two hours but has been cleaning for two days.,0
John will come and visit today.,0
"Jared and Isabel discuss different ways of sharing a document, with Isabel preferring to leave a physical copy in Jared's mailbox, while Jared would prefer to receive it via messenger. Jared acknowledges that he won't",1
Kate is looking for Chris. Jack texted Tim to let him know him and Chris went to another bar.,0
"Zara has lost the earring, which Stanley gave her for birthday, when she was at the swimming pool.",0
"Jackie tells Milly about Jason's leg injury, which happened when he fell on a biker guy during a beer-fueled crowdsurfing incident, and then got bitten by a dog after the show because he was so drunk",1
Cinthia is grounded for not taking care of her younger sister properly. Cinthia's sister got burned while Cinthia was watching TV. Tom feels sorry for Cinthia's sister but Cinthia feels sorry for herself. ,0
Pauline is picking up Olga and Hans from the airport on Friday at 13.20. Olga is excited about the trip and thanks Pauline for arranging it. Pauline mentions that she will have to ask someone to,1
"Someone broke into Patrick's car and stole his backpack. Inside the backpack there was Patrick's computer with his PhD thesis in history, almost finished, but not submitted. Patrick didn't have a safe copy elsewhere.",0
Bruno and Kate want to go on a sailing trip. Tom will organise it and he recommends the Caribbean. Kate'll ask him to prepare the cost estimation. ,0
"Sally sends the raw version of the material for the radio with a terrible translation, but Hannah loves it and finds it super weird hearing her voice. Sally feels like a zombie and plans to take a break and go to sleep after sending an email to",1
Raymond and Spencer are ready for today.,1
Jennifer and Nancy have a meeting in 2 minutes.,0
"Matthew Spencer inquired about selling HP Envy 15x360 laptops at Johnathan O'Neil's company, but Johnathan O'Neil responded that they do not sell that specific model.",1
"Louie asks Arlo if he has talked to Claire, the accountant, who was supposed to call him but hasn't.",1
The car repair is complete and Finn can pick up his car at any time during the opening hours.,1
"Agnes asked for suggestions for a seminar reading and Donna, Keith, and Tim recommended Gary Cross's ""Kid's Stuff: Toys and the Changing World of American Childhood"" and Regan's ""War",1
"As suggested by Melissa and Hilary, Nancy will buy a book for a gift in MIT Coop at Kendall Square. John recommends a book about time theories.",0
Jane is standing in a huge line. Rudolph and Eve will join her in a minute. Micah says they are two streets away.,0
"Radcliff and Doe will play squash on Friday at 6 pm. Haven is out. Lyman has a twisted ankle. Lyman had a scan and a visit, he has a week off.",0
"Joy is confident that the new system is easy to use, while Merrill is struggling to understand it. Joy suggests that Merrill give it a chance and not stress, and offers to help Merrill at first.",1
Pat doesn't need to go to work today as everybody is out on projects. Lesley will let her know about tomorrow.,0
Sally will get the cinema tickets when she is down the guays. Rob went to the doctor this morning about his rotatory cuff damage. The doctor ordered him to have an xray before an operation is considered. He should have it next week. ,0
"Pat received candles as a gift from Anthony, who wanted to thank him for helping him with a project that had some legal snags.",1
Hank will watch a piece of stand-up comedy Graham has sent him.,0
"Nick gives Dave five of his favorite music artists in response to his request, but Nick is unsure if Dave's YouTube autoplay configuration will work as he wants it.",1
Sophie lost her black top. Jane took it and forgot to tell her. Sophie is mad at her. Jane is sorry.,0
"Kate cannot work properly, because paper got jammed in the printer. She is very frustrated and angry. Andy can't help Kate right now, because he is busy in the server room.",0
Felix hasn't signed the petition about the animal shelter from his and Fanny's street.,0
"Bruce invites McKenzie to hang out this weekend, and McKenzie accepts, expressing that they could both use some company and distraction.",1
Aston and Mona are going to Japan in 3 months.  Mona owes Aston 600 euros for the tickets. She will transfer the amount.,0
"Arthur and Tom were discussing something, and Robert reacted strongly to it, saying ""omg that scream...!!!"", while Arthur responded with ""xD:D"".",1
Fiona and George are pondering upon kitchen design. Fiona really wants an island. George is OK with the idea.,0
Jackson is on a trip. His journey on the train is not pleasant. He is annoyed by one of the passengers. The train is delayed because of an accident on the railway. Jackson will contact Aubrey once he arrives in the hotel.,0
"Jake expresses gratitude to Mike for lending him money and assures him that he will pay him back, while Mike tells Jake not to thank him and that he doesn't feel uncomfortable with the arrangement.",1
Billy has been looking for a movie called Enter the Void. Will has seen it three times.,0
"Darcy offers Aileen some pie, but she has to go to him to get it.",0
Akira is at the airport standing in line at the luggage dropoff. Yasujirō is getting out of his cab and will join Akira shortly. Yasujirō overpacked his luggage last time.,0
"Muriel apologizes for not keeping in touch and Hilary explains that she sold her business and is now letting it out to a firm employing short term workers. Muriel expresses concern about the damage they might cause, but Hilary assures",1
"Laura asked if anyone came to the party tonight and Patricia, Joseph, and Tony responded saying they will attend.",1
Jake convinces his mother to take him shopping for new shoes on the weekend.,1
Alexa wants to confirm that she and her younger brother are invited to a party with Hunter and the whole class. Hunter confirms the invitation and offers to have Alexa's brother around as well. Alexa thanks Hunter for being kind and,1
Hank hasn't yet played the new dontnod game. It's their best game ever according to Frank. Better than Life is Strange. Hank's going to play it all night long now.,0
"On New Year's Eve Tommy and Margaret will stay home, Tony will go to the public party organized by the city, Felicia will take a bath and Jeremy has no plans.",0
"Factory bathrooms must be used till construction work is finished. A few people have used the loo while the works were ongoing, which is disgusting. Suzanne will circulate the notice. Construction work is going to take longer than planned.",0
Brenda sends birthday wishes to her brother Nick. Brenda gave Nick a gift (Bluetooth speaker). Nick is going to Florida this week. Brenda and Nick are going out to eat on Sunday around 6:30.,0
Some of the photos Phoenix and Tiana have exchanged through Snapchat have disappeared.,0
Dorothy is still mad at Ron. Tim understands Dorothy.,0
"Max's back pain is getting worse. He will not follow doctor's advice to sit less at his desk, walk more or take up swimming. He will keep taking painkillers. He might take up cycling, however.",0
"Sisi explains to Deedee the concept of impostor syndrome and how it can manifest as ""crybaby syndrome"" when one feels overly competent and uncomfortable with receiving positive treatment.",1
Wayne asks Jason for his password for the company shared folder.,0
Ali is coming to Kane to get the hard drive.,0
Sarah informs her children that she and their father are returning from Florida and invites them to dinner on Saturday to hear about their adventures.,1
Sandra and Ashley are going to meet tomorrow at 7 at the Starbuck at W 45th St to have breakfast and discuss the project. Mark will join them later.,0
"Dean advises Tom to give the company two weeks before following up on the job interview, suggesting that Tom should relax in the meantime.",1
Greg is looking for his black Acer laptop which he left at a cafe and thinks John might have picked it up. Sienna confirms that John was carrying an Acer laptop.,1
"Daria tagged Betty in a contest for a trip to Thailand for two, and Betty is excited about the possibility of winning and taking Daria with her. To increase their chances of winning, they need to tag two other people and like",1
Jen needs to potty train her daughter as she's going to nursery soon but nothing seems to work. Jen will try to use the toilet instead of the potty as Olivia did with Charlotte.,0
"Natalie informs her mother that she got accepted into both UofT and Carleton for her desired programs and received scholarships for both, making it the best news of the year. They plan to celebrate with champagne.",1
Kayla's birthday is this Friday. Jeff and Tom decide to buy her a necklace on-line from the jewelry producer she likes and split the cost.,0
"Sophie is happy to share that she doesn't have to retake classes and pay more for her studies, but her husband wants her to stay home and write her thesis. Sophie decides to come to Alex's place, and they catch up on",1
"Randall shows a video of a large snail to the group, who find it disgusting and express their opinions on the matter.",1
"Anna is disappointed that Juan won't be able to come to the kids' birthday party in September because she had already made plans to go to Cuba that month. Juan can only come in September, and the tickets are cheaper then, but Anna is",1
Nadia is doing her hair and Lucia invites her to meet up at Pep's at 9 PM.,1
Devlin is excited about a new bad Kira bought and asks her to show him the new shop where she bought it.,1
It's -11C at Vesna's place. It's +14C at Ost's place.,0
Susie and Bobby are catching up after a night out. Susie is hungover and Bobby is teasing her about drinking too much. They talk about the fun they had and the cool people Susie introduced Bobby to. Susie invites Bobby,1
Ben will think about going to vine detestation next week.,0
"Nathan asks Janelle if Karan is in her office, Janelle confirms and tells Nathan that he can see him when she is finished, not urgently, and that Karan will have a new report to show him. Nathan thanks Jan",1
"Lucia doesn't want to go to karaoke with Candace, because she hates her. ",0
"Victor offers to pick up David from the airport, but David informs him that he is landing in Sevilla instead of Jerez, and apologizes for the inconvenience. Victor confirms that it's okay.",1
Gemma and Dina are meeting at 6.30.,0
"Dave and Larry are discussing the ongoing Brexit negotiations and how they are disappointed in the political system, particularly the dishonesty of politicians. They express frustration with the fact that their party reneges on its policies once elected and that they are considering",1
Aurora and Jake are going to watch Apprentice and have turkey burgers and vegetables tonight. Aurora needs to buy a watch battery before she goes home. Jake will throw away rubbish but won't vacuum..,0
Rachel wishes a happy new year from her and Tom to Miranda and Jack. Rachel is having the best time but misses Miranda and Jack.,0
"Andrea suggests parking the car in the free sloth spot in front of the building so that they can be seen from his window, and Ronald agrees to move it.",1
"Ben informs Alex that the boat leaves at 9 am, but they should arrive at 8.30 am.",1
The group is discussing Monica's talent for finding cute puppy photos and Phoebe's ability to find them as well. Rachel is impressed by their skills and feels grateful to have them in her life. They joke about their bosses,1
Hilary sold the business to Chris and she is letting the house to a firm employing short-term workers. Hilary's boutique brings profits for her and Pater to live on. Muriel was in Buxton last summer and saw Hilary's boutique. Muriel and Hilary haven't had contact for a few years.,0
Sharon and Dave are discussing the progress of a report and the deadline to complete it. Dave informs Sharon that he is almost finished with the report and expects to complete it by tomorrow. Sharon offers to help with the conclusion of the report,1
Allison will buy air pods for Xavi.,0
"Paul is sick and has a terrible cold. He has a headache and couldn't sleep last night. He needs to give a presentation this afternoon, but he's not feeling well. Erick offers to give the presentation for him, and",1
Abigail needs support. Amber and Faith will come to her place.,0
Chandler admits he didn't pay for his coffee and promises to pay for it tomorrow. Gunther reacts negatively.,1
Sara is at her parent's. Her father is sleeping next to her.  She will call Victoria tomorrow around noon.,0
"Albert informs Laura that the phone is still available for pickup, but Laura explains that she cannot come by to get it.",1
"Tim informs Jocke about a school reunion on 20th June and suggests that he might go if Jocke does. Jocke admits that he didn't receive an email about the reunion, but Tim suggests",1
Monica informs Angie that she won't be coming to work because her son is ill and needs to be taken to the doctor. Angie responds with thanks and takes care.,1
"The group is leaving for a conference, but Jennifer is late and on her way from Hartford. Cheryl is already at the hotel and working at the registration. They discuss food options and plan to meet at the hotel for lunch.",1
Mum is on the M5 and will stop for a drink before heading to Caron's house. They will decide on dinner when Mum arrives and Caron suggests a new restaurant on the High Street past Lloyds. Caron asks about the traffic,1
"Dorothy and Lily discuss Ron's latest message and his embarrassing behavior, with Dorothy joking about writing a Shakespearean poem in response. They also reflect on Ron's kindness when he is sober.",1
"Matt has shared with Steve, Jack, Tom and Yuri a video about the Marvel Netflix series. The video analyzes the various series and points out the flaws of some of them.",0
Stella shows her hostel to Fabio and Jamil. Fabio finds her a better one.,0
"Ana is worried that Paul doesn't have his new visa yet, as they are going on a trip to Mexico in two weeks. Paul is not concerned and plans to call the bank the next day. Ana becomes anxious and insists that Paul calls",1
"Mona recommends ""The Petit Prince"" as the book to read for tomorrow.",1
"Tanvi, Peadar, Anette and Helen are going to meet on Saturday, most probably at 7.30 at Darwin. Thomas is in London, so he will not join them.",0
"Nick is on a short holiday in London. He's working on his PhD thesis and will defend it by the end of this academic year. Harriett has been to a few concerts, and is tired of work. ",0
Tara checks the schedule and sees that there is a mistake. Ryan apologizes for messing up the plan and asks Tara if she can come. Tara tells Ryan that it's fine and she will make it work. Emily suggests asking,1
"Caron is looking for someone to help her daughter, who passed her driving test a few years ago and hasn't driven since, take three half-day driving lessons. The first two lessons will be in a dual-controlled car, and",1
Julia and Ava will go for karaoke Friday night. Julia will tell the rest and Ava will make a reservation.,0
"Johana invites Yoli to a pre-election dinner at her home on Friday the 21st, and Yoli confirms that she is free. Later, Yoli informs Johana that Ben, who is running a mar",1
Hugh and Naomi need to get some warmer clothes out of the closet as the winter is coming.,0
Maya will send Addie the list of cosmetics she picked online and Addie will buy them today in the store.,0
"Florence has just landed. Florence, Ottilie, Eleanor, Jack and John will have a dinner at Mami Wata tonight. Ottilie will make a reservation.",0
"Declan wakes up Adrianna and offers her hot coffee, stating that she has had enough sleep.",1
Marion and Rita agree to take turns driving each other to the concert hall. Next concert is on the 12th of November and Rita will drive. She will also bring her son along. They will be in touch for details a day or two before the concert.,0
"Buba and Lala are discussing an event that happened last night, and Lala expresses her wish to have been there, but Buba is hesitant to reveal the location of the event.",1
Ellis is listening to Whitney Houston and prefers the rendition by voces8. Robert is curious if Ellis is in the city and if they will be at the same place for a New Year's Eve celebration. Robert has a,1
"Jack likes RDR2 mainly for the narration, acting and the graphics. Jack used to play with cowboy-themed lego sets when he was a child.",0
Leroy is offering Emma his help with her computer because it has been acting up recently.,0
"Jess and Stella are discussing a concert by a band that Jess is interested in seeing. Stella knows the band and tells Jess that they will be performing in their area soon. Jess is excited and wants to go, but is disappointed to find out",1
Doris and Peggie are late.,0
"Father asks Brian to pick up Danny on his way to FR at 15:45, but Brian's phone was offline and he didn't get the call, but he agrees to pick her up.",1
Bria is landing around 3pm and Conner will be waiting for her.,1
"Sophia offers to help David with his test, which he finds difficult, and they arrange to meet in an hour.",1
Jacek will check his girlfriend's phone for the pictures from yesterday and will let Asia and Filip know.,0
"Samantha informed Liam that Mumford and Sons released a new album, and shared her favorite song from it with him. Liam appreciated the recommendation and expressed that the song was good, although a bit slower than their usual style. Sam",1
"Jon was in a car crash, he's doing fine, but his car is wrecked and he needs a new one.",0
"Linda is considering painting her room and is unsure of what colors to choose. Brian suggests yellow and grey based on her personality, and Linda is impressed with his suggestion. She plans to ask a few friends for their input, but ultimately decides to go",1
Karina is upset because she does not have a boyfriend.,0
John is considering becoming a programmer and is seeking advice from the group. The group discusses the differences between front-end and back-end programming and suggests that John should try out different online courses to figure out which area he prefers. They,1
Martin is going to Lisbon for 4 days this weekend and Alex asks him to get him a bottle of dry vermouth while he is there.,1
David is landing in Sevilla instead of Jerez at 17:30 as it was too expensive. Victor will pick him up from the airport.,0
"Ian waits for Adam, who will show up in a couple of minutes.",0
"Tom asked Laura to open a link and check if the video is public or private. Laura found it to be public. Tom was disappointed because it should have been private. Laura then opened another video, trial02, which Tom found strange.",1
Dan is unsure about participating in Eve's project. It's about the money and time. Eve promises to pay him something after she secures the funds.,0
"Lauren asks her colleagues if someone can take the night shift for her on Friday because her child is sick, and Mickey offers to take her shift the following Thursday.",1
"Caroline is feeling unwell due to a sore throat and white pus on one of her tonsils. Michelle suggests she has strep throat and recommends an antibiotic, while Adrien advises her to stay in bed, gargle",1
Matt and April are discussing the importance of a good mattress after April had a bad night's sleep. Matt remembers their previous mattress purchase and how they ended up with an expensive and soft one despite wanting a cheap hard one. They both agree that,1
"Dan is looking for a new dog, specifically for narcotics detection work, and is considering two options from Ralph, a one-year-old Malinois and an 8-month-old Belgian and Dutch mix. They plan to",1
Irma doesn't play tennis. John and Irma will enroll in tennis class at the community center.,0
"The group is discussing various transportation options to get to a party, considering walking, taking a tram, using car2go or Uber, but ultimately deciding to take a tram.",1
"Benjamin asks Thea how she is feeling, Thea reveals that she is sick with tonsillitis and won't be able to come back to work soon, Benjamin offers to help with the project and Thea thanks him for being the best.",1
Paul has sent Lee a movie. Lee is going to buy it now and inform Paul. ,0
Danny has bought something that Shane finds cool.,0
The concert is in Hall 5. John is waiting near the gate.,0
Cecilie is doing better.,0
Helen is invited to visit Sarah's puppies at 2:30 PM.,1
Samantha and Mercedes are discussing the murder of a woman in New Zealand who was last seen with a man she met on Tinder. They express their sympathy for the victim's family and their shame that such an event occurred in their country.,1
Alex's up to do something this weekend but both Phillip and Jack have excuses.,0
Kyle informed Connor that the official profile of the band tweeted the set list of their gig in Berlin a couple of hours ago.,1
A new female employee has been hired at the Marketing department. Patrick finds her sexually attractive and intends to flirt with her. A rumour has it she is married.,0
Noah has a new big tattoo.,0
"Jess convinces Daniel to get out of his pyjamas and go out this weekend, after Daniel becomes overly emotional about a breakup. Jess tries to cheer Daniel up by showing him photos of women with large breasts, and Daniel eventually agrees to",1
"The couple is discussing their anniversary plans and decides to go to the theatre to see ""Macbeth"". However, there are no tickets left. They then consider seeing ""A little game"" as an alternative.",1
Dad will wash Taylor's car.,0
"David had a good day in Brooklyn, visited museums and went shopping for a new pair of sneakers. Sandy was impressed with David's decision to run and suggested they run together in the park nearby. David mentioned that he also went to Ralph",1
Ben and Ellie want to have pizza and are asking Liam for help with preparing it. Liam agrees and they plan to meet at 8ish.,1
Meg is hosting a girls' night in and invites Eva to join. Eva accepts and brings a bottle of wine and snacks.,1
"Rosa is not interested in playing Red Dead Redemption 2 with Paul, as she prefers retro games. Paul is disappointed and questions her credibility as a gamer. Rosa dismisses his comments.",1
"Nathan has given the white jacket to Nathan, so Zoey can take it from him. ",0
Dan asks Martia to transfer 2500 to their home account because he needs to make a quick transfer and it will take a day from his bank.,1
Kendra and Lisa are both struggling to come up with dinner ideas and are frustrated with each other.,1
If Serena could change clothes with any girl at school she would choose Alexa. Monica would choose Mia. Monica's and Mia's styles are very different.,0
Mike has a date with Mary tonight and he needs to borrow Ian's car.,0
"Jessica, Mickey, Ollie and Kelly are talking about the scariest places. For Mickey it is Aokigahara Forest in Japan, also called the Suicide Forest. This scares Kelly, but Mickey tries to calm her with the fact that more people commit suicide on the Golden Gate Bridge than in that forest.",0
Charles and Maurice are not able to meet with the customer coming at 9.30. Maurice tells Charles to ask Ben about his availability.,0
"Tyler suggests that Eliza may need a new bedtime routine, as he found that stopping watching television in bed helped him fall asleep faster. Eliza is hesitant to give up her favorite show, but agrees to try some natural remedies",1
"The kids are doing well, Ted is still waiting for his results, Peter is doing well with his mum, Flo is working in a shop near Le Bon Marché and Frank is back to school. Ingrid mentions that Flo is working in the",1
George and Arthur are excitedly packing for their 2-week holiday to Greece.,1
"Melissa showed Brian two photos of something she bought and was very excited about it, and Brian responded positively.",1
"Caleigh and Pete plan a bike ride and a picnic in Skierniewice, a town in southern Poland, which they will reach by train. They agree to come back by train as well and spend the whole day there.",1
"Pam finished the report and asked Andy and Leslie where she should send it, to which they replied that it should be sent to Mr. Hendricks at a.hendricks@asterix.com.",1
Lucia shared a photo with Margaret.,1
"John, Mike, Rachel and Tom are throwing a surprise party for Laura on Saturday. The party theme is lame fantasy. Everyone will prepare costumes on their own.",0
Percy will fill the survey for Melanie's master thesis.,0
"Simon and Simone are conversing, when Simone reveals that she has broken her leg after falling down the stairs. Simon expresses his sympathy.",1
"Anna is organizing a Christmas party on 21st of December and wants George to come. George will come and help with the cooking. Anna invites Sofia as well, to George's delight.",0
Lisa wants to watch a tv serious but they need to get HBO GO subscription. Karl and Lisa will discuss it later.,0
Ernest's waiting for Serge next to the bar.,0
Jessica is joining Helen and Patricia who are playing tennis outside.,0
"Helen invites Ralph over for dinner and suggests making a Tagine, but they realize they don't have the necessary ingredients and time to prepare it, so they settle for beans on toast.",1
Peadar dropped his pint for the second time. He is sad about the rugby.,0
Riley is turning down the volume on Daniel's request.,0
Mum thanks Shirley for a lovely weekend and asks about the progress of the fireplace wall. Shirley explains that she hasn't finished the backing yet but plans to use a staple gun to fix it. Mum suggests painting the fireplace,1
Hannah will call the police as she can hear her neighbours fighting. ,0
Tatiana hasn't finished the required trainings. Regina needed 9 hours to complete them. Regina will help Tatiana but she has to start now to finish till tomorrow.,0
"Martina from Sierakow area is selling Peking ducks, moulards and green legged cocks for 30zl/kg each. She also has eggs available for 0.8zl per one. The",1
Selena and Audrina got drunk last night.,0
Morrie and Janelle are excited about the new trailer for Luther on iPlayer and discuss the sexiness of the character and the actor in real life.,1
Logan studies at the Medical College.,0
Lia and Mia have been searching for Leo for two hours and have now found him at the bar with Rebecca.,1
"Sophie and Kate discuss Jasmine's popularity and how her confidence and friendly demeanor attract guys, while Sophie wishes she were more like her to gain George's attention. Kate reassures Sophie that she is beautiful and should try to be",1
"Marcus listens to BBC World Service every day and prefers music on Spotify. Audrey mostly listens to music but is open to trying radio, especially since it can be listened to online. Lucas listens to different radio stations all the time",1
"Camilla and Josh discuss an update on Airbnb and Josh informs Camilla that he sent her an email with the details. Camilla thanks him and they exchange updates about their recent travels to Thailand and Barbados, respectively.",1
"Jason has texted Marc, who is going to replace Hazel today, as she has to go see her mother. By tomorrow 3 p.m. she will let Jason know if she's going to come on Tuesday. ",0
"Greg will come back in an hour. Christine is too tired to wait, so she's going to sleep.",0
"Anne tries to reserve a table for five next Saturday at 7 PM, but the table next to the front window is already booked. Benedict offers her the big table next to the bar, which is available only at 12 and",1
"Randall is at the store. He will buy a loofa, a make-up brush and pink nail polish for Sidney.",0
Oti will buy a £100 gift card for Sharon tomorrow. Florence and Brittany will him cash on Friday.,0
Maggie's advice for the apps that don't work is restarting the computer.,0
"Jacob, Isabella and Adrian are laughing at McDonald's billboard.",0
"Dennis has been talking to people for 5 hours and he was able to find a common ground with some of them, others rejected him. Simona's watching the last episode of John Oliver now.",0
"Paris and Ronald are discussing the news about the kidnapped girls in Nigeria, and how they were shot by the kidnappers because they refused to convert to Islam.",1
New coach has come with new ideas but after first few games he is judged poorly by Owen and Elijah.,0
"Tanner wants to quit his job because it's boring, repetitive and he sees no future for himself in the company. He lacks savings and feels stuck. Claudia suggests that he should start looking for something new while still working, dedic",1
Cisco has sent Ruth a clip with James Veitch.,0
Jimmy sent pictures he took today to Barbara on her request.,0
"Lily and Grace are in the same location, and Lily is surprised to see Grace.",1
"Piotr, Madison, and Carson are looking at a photo of their old apartment and commenting on how it has been renovated.",1
Drake has reached the summit.,0
"Michael and Charlotte have a brief conversation in which they exchange pleasantries and discuss the possibility of meeting on Friday. Charlotte expresses that she is feeling a bit better but will stay at home today, and she will let Michael know if they can meet on",1
Kate inquired about Luca's recent hospital visit and assured that everything is okay. Luca shared that he had a disagreement with an ex-friend but that it has been resolved. Kate offered support and reminded Luca that she is,1
Elise found Jim's dog in the forest. She will bring him home and take care of him until 4 pm.,0
"Mike and Frank discuss their families, politics, and the upcoming No Deal Brexit. They express their disappointment in the referendum results and the impact it has had on their relationships with family members. Mike suggests talking to Freda when he visits on",1
Teddy sat on his birthday cake. He bought cookies and chocolate for his colleagues.,0
Hartley is looking for a good app to learn Spanish. Burbank tells Hartley to ask Louise. Draper has a course of Italian.,0
"Enid informs Karolina that she will be back in Warsaw this weekend and wants to spend time with Bianca. Karolina asks if Enid has anyone available for babysitting on Saturday, but Enid explains that it",1
"The conversation revolves around the disappearance of $100m and the shock and disbelief expressed by Liam, while Tom and Michael express skepticism and caution against believing everything heard.",1
Susan is writing a thesis on the Ku Klux Klan and is seeking feedback on the first chapter from Lizzie. Lizzie agrees to take a look and provides feedback after a couple of hours.,1
Michelle can't find a house that she likes. Isabella wants to sell her house. Ben's friend has a house for sale near Staton park.,0
Jools is in pain after his tooth extraction. He is going to Tesco's to buy some cool cocktails. He will let Kim know in two hours if they can go out together tonight.,0
"Harper is going to be late to something and needs a cover, Tom agrees to help her out. They also talk about a Star Tek marathon they were planning.",1
"Emily requests Brian to walk the dog and later informs him that she has to stay longer at work, to which Brian responds okay.",1
Anne has booked the big table next to the bar for 7 pm on Saturday. The table next to the front window has already been reserved.,0
"Mike and Jay are excited about a hockey game that ended with two goals scored in the final minute, while Steffen is not interested in the conversation.",1
Harry will be there in 2 minutes.,0
Neither Elisabeth nor Derek know how to solve this. Arthur wants all the important formulas on one piece of paper.,0
"Andrew got tickets to a semi-formal/black tie themed formal event, which is sold out. The dress code is an evening dress, and 1920s outfits are encouraged but not obligatory. Hannah and Sara",1
"Kadisha sent a video clip to Waldemar on Facebook, which he found hilarious and there is a whole collection of them. Waldemar asked if Kadisha had seen the rest and she hadn't, so she will check",1
Finn's car has been repaired ahead of schedule despite initial problems with the replacement part. He can pick it up from the shop during opening hours.,0
"Reece and Victoria are having a conversation about toilette paper, with Reece expressing frustration that Victoria forgot to buy some and Victoria promising to go back to the store to get some.",1
June's going to the mall and wants Lena to join her. She'll pick her up at 5.,0
"Bertolucci died last week of lung cancer. Isla loved his films especially ""Little Buddha"" which she saw together with Isabella. Isabella prefers ""Besieged"".",0
"Probably thanks to the medicine, Mia stopped coughing.",0
"The group agrees to buy a small gift for Alice to show their gratitude, even though it was her job to do it, but she went above and beyond by teaching them more.",1
"Jessy is looking for an electric peeler and asks where to get one, Henry suggests Amazon, and Mike is confused about the photo.",1
"John has probably got a job as a teacher in China, after he passed the interview. George will help John to review his contract next week when China one sends it. ",0
"Zachary is borrowing some PC parts from Ryan to build a test bench, specifically RAM, a GFX card, and cables. The rest of the parts Ryan needs to check before lending them out. Zachary will pick up the parts",1
"Abby and Ollie are discussing their weekend plans. Abby is going out with the girls to Thunder, while Ollie is not invited and feels left out. Abby sympathizes with Ollie but explains that it'",1
"Eric doesn't want to go to Amy and Tim tonight, because they are always arguing with each other.",0
"Mike asked Tom if he had an unnecessary notebook, to which Tom replied that he did not have one, and suggested Mike ask Josh.",1
Arthur is still unemployed. Leon sends him a job offer for junior project manager position. Arthur is interested.,0
Mitchell found what Lorenzo was looking for. He will pick it up in 2 minutes. ,0
"Rudy, Gary, May and Paula haven't seen each other in 7 years. Paula is in Berlin, Gary in Chicago, and May works as a teacher in China. She's planning to stay there for 2 more years.",0
"John and Audrey are disappointed that they lost a game, but Audrey comforts John and tells him that she loves him despite his mistakes.",1
"Beccy had a terrible trip, because she didn't have a seat on the train. Robert had travelled in China 10 hours without a seat.",0
"Blair suggests that Kelly and they work out together to lose weight, but Kelly is confused and asks why.",1
Edna will get a pony from her parents as a birthday present. Charlotte's parents can't afford one. Charlotte might visit Edna.,0
"The group is discussing a present for Anna's mom, who needs a new backpack for her walking hobby. They decide to wait until Black Friday for discounts and buy the same backpack as Kuba in red color. The size and color are",1
Brian is an admin. Angela has a Flash application for interactive boards that she wants to run on a school laptop. Brain thinks it will work but Angela is not sure. Angela will give kids a quizlet.,0
"Alan and James are communicating, with Alan confirming that he is present and James responding that he is on his way.",1
There is a concert on 15th of March and Ben is coming. ,0
"Sammy wants to work from home the next week, because her commute takes one hour and John won't be at the office. John agrees. ",0
Aaron is going to call Linda tomorrow as he has a free morning.,0
Ines lost her wallet. Mike comforts her.,0
"Laura's boyfriend cheated on her with a coworker who spilled wine on his shirt during the office Christmas party, and the coworker told Laura to let her know so she could make an informed decision about the man she was mar",1
Alison congratulates Tom on his MA and they catch up on old times. They discover that they have a shared interest in starting online businesses and plan to meet up around Christmas to discuss potential ways to help each other out.,1
"Jane is from Coxwold, Yorkshire. Jane thinks it's lovely but admits the weather is changeable. Winston is from Tooting. Winston thinks it's just an ordinary suburb in the south east of London.",0
"Agatha asked Johnny if he had finished reading her book, and Johnny replied that he had not.",1
"Ethan congratulates Lilly on the birth of her baby boy and suggests the name Ethan, but Lilly says the father will decide the name.",1
The cat is banging at the door and Jim is supposed to let him in now.,0
"Deborah recommended the newest Sparks to Kelsey, who expressed happiness after hearing the recommendation.",1
"Kyle asked Patrick if he had math homework, to which Patrick replied that he didn't have it yet. Kyle then reminded Patrick that it was for tomorrow, and Patrick wished him luck.",1
"Amanda and her family went to a Christmas Market and had a great time, despite Toby being scared of Santa. They bought sweets and decorations and saw a cool castle with falling snow.",1
"Mike proposes to Martin that he wants to run the length of the Vistula next year, which is approximately 1200km in 12 days. Martin initially thinks Mike is crazy but later believes in him and supports his ende",1
Bonnie invites Susan to her birthday party on Saturday at 8 and Susan accepts the invitation.,1
Ashley finished their group work. Angie will do the editing. Ashley will send Angie the soft copy. ,0
Maggie can't sleep and she keeps thinking about what happened at school. Kate will talk with her about it tomorrow. ,0
Deborah forgot her wallet.,0
"Kate and Bruno are discussing planning a holiday together, and Kate suggests they go on a sailing trip in the Mediterranean. Kate mentions that Tom, who is experienced in organizing trips, could take care of it. Bruno agrees, but suggests they",1
"Béatrice spent the whole afternoon with their mother today. She tried to sort out the issues of cleaning in her apartment and giving her a shower when she asks for it. Both Béatrice and Annick think their mother receives a poor service for the money the home costs, though some caregivers are nice.",0
"Alyssa, Lou, and Gina are discussing the menu for their pajama party, including banana bread and pizza. They also talk about the movie they plan to watch, ""Casablanca"", and how they've",1
Rachel and Tom wish everyone a happy new year and hope they get what they expect in the coming year. They also mention having the best party ever and wish Jack was there to celebrate with them.,1
"Damon invites Laurie and Marilyn to help him craft an armor from WoW in the afternoon. Laurie is excited to help as she loves carving lion faces, while Marilyn agrees to come by later after running",1
"Randy, a former event manager, left his job due to lack of payment despite enjoying the diverse tasks, trips, and working with a great team. He is now in a new, well-paid job and is not interested in going back to",1
"Rob is in need of a car check and asks Will if he knows a good mechanic. Will recommends someone who fixed his father's car, which Rob refers to as ""shit on wheels."" Will then describes the mechanic as a """,1
Frances is at a meeting and cannot take Lauren's phone call. The meeting is boring so she plays Angry Birds. Lauren's birthday party is on Friday at her place. Frances will attend.,0
Beau is going to spend summer in Australia. Ashley liked Sydney and Urulu a lot. The round trip with QantasLink airline cost her up to 300 Canadian dollars.,0
"Terry is leaving tomorrow at 8. Manuela and Ron are in Duitama, going to Cucuta. Terry will pick them up at about 13. ",0
Lora is taking a few days off to rest.,0
"Nick is joking with Helen that he forgot the contract, but in fact he'll be right there. ",0
Josh is coming to London. He is going to stay at a hotel. He is going to meet Mary at Gary's pub on the weekend. Mary is going to invite John and Lucy as well.,0
"Alexander is excited to watch a Serbian independent film that he has been wanting to see for a while, but Karina is not interested and has no memory of it. The film is in black and white with yellow subtitles covering half of the",1
"Mary plans to visit her old parents on Thursday, but Emily reminds her that she won't always be around and Mary should appreciate her visits.",1
Sam and Lillian will give Marco the exam pass. Marco is a good student. Lillian will remind Marco to pay the balance as soon as possible. ,0
Hugh got an appointment with Dr Smith and his toothache is gone. Wade needs to go to a dentist soon as he hasn't been for ages.,1
Gordon shows Leo his new car and Leo is excited to see it.,1
"Mona offers to buy some apples and pears for Suzie, who plans to make an apple and pear tart.",1
Paris and Ronald are mad at Muslims that kidnapped and shot 4 girls in Nigeria.,0
Abigail's dad has had another surgery yesterday and will need to stay in hospital for another 2 or 3 weeks. Jason wants to visit with Karen. Abigail feels her dad would like that but in a weeks time when he is less tired. Bringing food is not a good idea but he likes herbal tea.  ,0
Milla made an appointment with the allergy specialist on Jane's recommendation next week. Sue needs a check-up too.,0
"Polly was having trouble buying a ticket online and asked Tony if he had a credit card to help her out. Tony agreed and Polly thanked him profusely. Later, Polly called her bank and was able to increase her transaction limit",1
"Monica asks Jamie to buy mozzarella for her pizza while she has everything else, and Jamie complains about work being tiring and Monica not helping with the pizza talk, but it's Friday and they look forward to Saturday.",1
Ammalee sent Maryann a photo of her nails that lasted over a month. Maryann will try Acrylic instead Linen on Ammalee's nails next time. Ammalee will send Maryann a photo of a design that she would like to have on her nails.,0
Andy and Patrick will have a beer later.,0
Nally was chosen for an event marketing programme. Mogens wants Nally to send pictures whenever she eats.,0
David will order 100 copies of the Bibles for $5 each. Samuel wants more Indian families to have their own Bible instead of sharing it.,0
"Reuben invites Lucy to join him and his dogs for a walk, and Lucy agrees to meet them at their usual spot with her dog Marvin.",1
"Sam suggests to Ben that their family can have a secret santa lottery for Christmas gifts, which Ben thinks is a great idea and should have suggested earlier. Sam reveals that they already got their mother in law as their secret santa.",1
Polly called the bank and they changed her transaction limit. Now Polly can use her card and doesn't need Tony's card. Polly will set up a Revolut account. Tony will send Polly an invite to Revolut. ,0
Theresa is furious with Ryanair after they lost her suitcase and she has to go to her hotel without her luggage. Gabriel suggests that she should ask for reimbursement from Ryanair.,1
Anthony and Samantha are happy about the last-minute decision announcing the Independence Day long weekend. Luke worries about the political situation and the economy.,0
"Henry and Lily take William with them to Riehen. They will meet with him for a coffee before they start, and eat a meal together afterwards.",0
"Coleen is excited about the remake of Pet Sematary, a Stephen King classic, while Glenn finds the idea of cats coming back to life in a movie to be stupid.",1
Vic has uploaded a new Foo Fighters cover to his YouTube channel.,0
"Frances offers to lend Agnes her dictionary for a couple of days, and they arrange to meet in person. Agnes mentions that she has a meeting at 2:30 and asks Frances to come earlier if possible. Frances agrees and",1
Joseph is in Kathmandu 6 months so far. Laura was in Jerusalem some time ago and she might go on the Camino next year.,0
"Allison is taking a taxi from her office to the emergency, as Tommy fell off the monkey bars.",0
Jose's bus is running 4 minutes late.,0
Jada is leaving. Latoya has decided to leave her job and will be heading to the Algarve. ,0
Akira is at the airport and tells Yasujirō to meet him at the luggage dropoff. Yasujirō is getting out of a cab and Akira is saving a spot for him in line. Akira reminds Y,1
Everyone came to Lia's to surprise her but she's in France.,0
"Neville wants to meet up with Laurel some time this week, and she finds it strange as they usually don't hang out just the two of them. Neville wants Laurel's help ring shopping for Violet and she agrees enthusiastically. ",0
Maurice is in Brussels. Albert is planning a trip to Europe to visit old friends in August.,0
"Magdalene is going to the cocktail party on Sunday and offers to give Josephine and Frederick a lift if they need one. Josephine is unsure if she will be able to attend due to her sick son, Jamie.",1
Luis and Margot convinced Devin to go to the Christmas party.,0
Dave wants Eli to watch a stand up show about men women relationship. It's about 8 minutes long.,0
"The girls are discussing their dresses that they picked up from a shop, but they encountered problems with their orders. Lona's dress was not there, and Morgan's dress was the wrong size. Hillary is calling the shop to resolve the",1
Maya wishes a happy birthday to Eva.,0
"The biology test is next Tuesday, and while Amanda and Robert are aware of this, Nick prefers to study one day before the test and still gets good grades, which leaves Amanda and Robert in awe.",1
"Josh wants to talk to Anne on Skype but she has to study. Josh asks Ann if she is going to Spain, she answers she won't. Josh goes to have a breakfast.",0
"Jill asks Kate if she can drop her kids off at Kate's place while she attends a funeral, and Kate agrees to take care of them and play with them.",1
"Gary, Dan, Owen, Eva, Alexander, Steffen, Kieran and Ben are going on a ferry journey on Friday, the 16th of November. Gary wants them to be at Malinche at 1 pm.",0
Marisa and Luke are trying to find a PowerPoint presentation that was sent to their group inbox by Lopez three weeks ago. They can't find it and are trying to figure out who deleted it. Emilia is concerned about the,1
"Hannah asks her roommates to bring her tea from the kitchen, but they find it strange that she is too lazy to get it herself since she is only a room away from it.",1
"Tom and Bridget discuss a man who tried to contact an isolated tribe on the Andaman Islands, and the potential dangers of introducing outsiders to such a community.",1
"Chris wants to go to an exhibition with his friends, but Bernie and Marty are against the idea because they think Chris's wife will find out and be upset. Chris promises that his wife won't mind, but Bernie and Marty are",1
"Robbie invites Trishia to the cinema, and they discuss which film to watch, with Trishia suggesting ""Love Actually"" and Robbie suggesting ""Avengers."" Trishia ultimately decides against ""Avengers"" because she doesn'",1
Ann and Eva are going to have lunch together at 13.,0
Ava doesn't want to talk to Greg any more and she's blocking him on Facebook. ,0
"Daniel has a friend who is passionate about animals and has taken many from a shelter, currently she has 6 dogs, a parrot, and fish in an aquarium. Jake finds it amusing that she has so many dogs and comments on the",1
Jill needs help choosing a date for her baby shower and wants to know the availability of her friends. Amanda suggests they use a doodle spreadsheet to vote on the most popular date. Katy offers to help and will bring her laptop to,1
"Alex and Alice are laughing and joking about how Alex sent a message before Alice received it, and Alice thinks Alex is reading her mind. Alice mentions that she is watching Dexter, and Alex responds by saying that they love the series",1
Natalie is sending Brian the samples of what they do and they'll talk tomorrow. ,0
"Tom, Amanda and Alexis are going for a short trip to some thermal baths for the first weekend of January. They're going to rent a car, which should cost them about 30€ for 5 days.",0
Joseph has found a funny meme and shares it with Roy. ,0
Katya wishes Marcin happy birthday and Marcin wishes her a happy new year. Zakharovs are sending their regards to Marcin.,0
"Barbara and Stanley are discussing the game they played last night on PS4, Beat Saber, and how much fun it was. They talk about possibly getting a PS4 with PS Move in the future, but also about their car that needs repairing",1
"Lesley informs Pat that there is no work for him to do today as most people are out on projects, and Pat responds by saying he will get in touch again tomorrow.",1
Bruce worried that the dog is gone as the back door was left open. Kate is walking him as she usually does on Mondays. ,0
"Julia apologizes for not being able to come today because she is very tired from a business trip to Canada, and Julie understands and wishes to see her soon.",1
Ginny and Harry are going to party on Saturday. Harry will pick Ginny up at 8. ,0
Brendan is not satisfied with his photos' quality after compression.,0
"Lola revealed the location of the garage key, which was in the hall cupboard, top drawer.",1
"Natalie shared commercial samples with Brian, who responded positively. They discussed more artistic work and scheduled to talk tomorrow.",1
"Sergio suggests Macy consider black pants with pink flowers or grey pants with blue stuff instead of the red pants she showed first, as they are definitely better options.",1
Adela has gone out to the shops. Jo is looking after the kids and then Nan will come over to collect them at 5. Dexter will sign Meg's permission slip and give Kyle his medicine.,0
"Francesca is being released from hospital. She is off tommorow, but working on Monday from 3pm.",0
The group is discussing whether or not to visit Sarajevo in Bosnia and Herzegovina. Henry argues that it is a beautiful country with unique landscapes and that it is off the beaten tourist path. Edward disagrees and suggests,1
John suggests visiting his cousin in Bethesda who is a fireman and recently split up with his girlfriend. Pauline agrees but expresses concern about whether he will mind their company. John assures her that his cousin is very sociable and will,1
"Jeff, Ann, Corina, and Maria are discussing their plans for a hiking trip tomorrow. The track is 21.3 km long and goes to a lighthouse. They decide to take a bus back after reaching the lighth",1
Peter will come for lunch to his Mom on Sunday. Angela will cook something.,0
"John and Ellis are on Fraser Island with their kids, enjoying the sunny weather and the contact with nature. They rented an SUV to explore the island, which has huge, wide beaches that serve as ""highways"". Ol",1
Scarlett will pick up Jacob at 8pm and take him to the cinema. ,0
"Ang and Ken are discussing an old TV show and how it's not politically correct now, but they understand that it was a different time. They also talk about how things have changed for the better, but there is still work to be done",1
Dee Fallows is picking up Rayea at 12 and will be back at 6. Caron is not coming over tonight as she is in Ireland. They plan to catch up next week. Dee Fallows asks if Caron,1
Susan invites Marge for a drink tonight. Olive can't go with them.,0
"Marissa would like to join an English speaking course. As she doesn't have time for a level test, Irving will send her information booklets via email so that she can make up her mind.",0
"Scarlett wants to pick up Jacob at 8 p.m. to go to the cinema to see ""Green book"" with Viggo Mortensen.",1
"Victor applied for a job in Vincent's company and during the interview, Vincent questioned Victor about his choice of engineering over medicine, his academic achievements, and his job search in Pakistan. Victor explained his reasons for choosing engineering and his desire to prove his",1
Fan will turn down the music at Sam's request. ,0
"Aubrey and Lisa are discussing a bad experience they had at a restaurant they went to the previous night, where the smell was foul, and Aubrey is planning to leave a bad review online to warn others.",1
"Georgia and Todd are discussing a game that Georgia thinks was great while Todd is unenthusiastic about it. Georgia teases Todd about his team's poor performance, but Todd dismisses her and leaves. Georgia calls Todd a sore loser",1
"Wacky reminded Mona about the club meeting and ensured she would bring the slides, and Mona confirmed she hadn't forgotten and would bring them. Everything is okay.",1
"The group discusses the appropriateness of starting to think about Christmas, with Nancy and Bob arguing that it's never too early, while Ian suggests that it depends on individual circumstances. Beth, whose turn it is to host the family gathering this",1
"Dave recommends a stand-up show to Eli about men-women relationships, which Eli finds interesting, and agrees to watch it and talk about it later.",1
Rick and Ana are getting late because of traffic.,0
"Mickey shares that Aokigahara Forest in Japan, also known as the Suicide Forest, is the scariest place for him due to its eerie atmosphere with lots of string or tape, letters, and an overwhelming silence. O",1
"Colt wants to live for 1000 years to be with his parents, but Lyric thinks that's too long and suggests 60-70 years. They discuss the unknowns of what happens after death and agree to",1
Esme scoffs at the cute frog Peeta has left in her wallet.,0
Audrey is after a tv series to watch and Tony recommends Lucifer. Jessica confirms it is worth watching. They decide to watch series 4 together when it comes out. Tony sends Audrey the files for the first 3 series.,0
"Bart asked Nick to check a file he sent to the cloud, but Nick was too busy. Bart then changed his mind and asked Nick to check the file in the evening and discuss it in person tomorrow, making sure he had some time for Bart during",1
"Reuben wants Lucy and Marvin to join him, Daisy, and Norma for a walk.",0
"Clara is stuck in Thailand and needs help, George and Peter try to assist her by translating through Google translate and Peter's Thai friend, Clara is grateful for their help.",1
"The group is discussing the arrival of winter and how long it lasts, with Lin expressing their dislike for the cold and dark weather, while Shane suggests sleeping through it.",1
Johnny and Sam are making plans after work.,1
"Gerard informs Holly that payday is tomorrow, which she reacts to by saying she's broke.",1
Daina finds disgusting a video Alvin thinks is funny.,0
Siddhi wishes Greg happy new year and he wishes her the same. They're both fine. ,0
"Cheryl invites Lucia and Candace to karaoke night, but Lucia declines because she finds Candace annoying.",1
Electricity has been cut off for a while and Orion's sat in the dark. Lilyana shows him how to make candles out of oranges.,0
"Henry is looking for John, but Jesus and Gleydson inform him that John is not with them and his phone is off. Henry needs John urgently because he took his wallet.",1
"Sandra asked Dan to buy a carrot, some milk and some fruits on his way home. Dan agreed and they said goodbye.",1
Marie is looking for a place that sells inexpensive crochet supplies. Octavia usually orders from Mila's Crochet as they have many special offers. Octavia lives on the west side.,0
Regina reminded Tatiana about the upcoming deadline for completing required trainings and urged her to start working on them immediately. Regina also offered to help Tatiana with some of the quizzes.,1
"Huan, Dominik and David have a test tomorrow from chapters 2 and 3.",0
"Mike is at home and Lucas and Jordan are there too, but they were supposed to wait for Mike after school.",1
"Alice and Madeleine are discussing the new clothing boutique that opened at Day's Time Av. They talk about the store's latest collections, warm scarves and coats, affordable prices, and friendly shop assistants. They decide to",1
"Shane recommended Dr. Smith to Peggy, a dentist in Centre clinic.",0
"Kate asked Ann about her opinion on the films ""The Star is Born"" and ""Roma"". She liked the first one very much. The second one is appreciated by the critics but not so much by the public.",0
Ellie helps Nat find the keys that were on the window sill.,1
Caron and Dee Fallows discuss many different meet-ups. Dee Fallows is in Ireland. Caron has bought a pair of Sally Morgan glasses.,0
Ben is furiously waiting for Frank's overdue report and demands it immediately.,1
Katarina is looking for a flat to rent and Jill offers to show her the flat which is currently available.,1
Mark and Susan catch up and make plans to meet for dinner at Costa next to the shopping mall on Tuesday at 7pm or 6pm.,1
"Elizabeth encourages Phillip to try learning the violin, dismissing the notion that age is a limiting factor.",1
"Etham is stuck preparing a meal and needs 3 eggs. Johnny offers to help and invites Etham up. Etham is excited and responds with ""OMW"".",1
Kim is going backpacking through Europe for a month. She will stay at her mom's friend's place in Paris for two weeks. Kerri recons the Louvre is a must.,0
Nick and Angela discuss what to buy Pete for his birthday. Angela wants to join a money collection of Sarah to get something bigger. Nicks wants to be posted.,0
"The test results were initially worrying, but they turned out to be all right, causing relief and gratitude.",1
"Dan is considering whether or not to take on a new project, but he is concerned about over-committing and not being able to give it his full effort. Eve tries to convince him to stay on board and promises to pay him once they secure",1
"Connor convinced Sydney to watch ""Fantastic Beasts: The Crimes of Grindelwald"".",0
"Melissa and Wesley chat about Laura's new boyfriend, with Melissa gushing about his attractiveness while Wesley expresses disinterest and disapproval due to his behavior towards other women. Melissa suggests they tell Laura about their concerns",1
"They wish good luck to Bob and Nancy, who are moving to Spain in a week.",0
"Bobby and Eva discuss the grossness of the I'm a Celeb episode that aired the previous night, while Eva also complains about missing the show due to being in the pub. They agree that the show is good, but Bobby wishes",1
Bart will be at Matthew's place in 30 minutes. They'll drink good whisky that Meggy gave Matthew for his birthday.,0
Jacob is stuck in traffic and will be late to hear Becky sing.,0
"Amber is still struggling to get over her ex-boyfriend, Teddy, six months after their breakup. Her friends, Lora and Nicole, console her and suggest they go out for a drink to help her forget about him. A",1
Jack is asking his sister what she bought for their father and Mackenzie suggests buying him a fondue set since he loves cheese.,1
"Chris and Bernie, both married with children, go on dates with their wives as if they were single, and their wives enjoy it. Marty is surprised and thinks that having a wife means not having to go on dates anymore, but Chris and Bernie",1
"Jackie and Julie plan to meet at 5:30pm, Jackie needs a half hour to get to the station and Julie is okay with the change in time.",1
Tessy had oat for breakfast yesterday and the day before. She is not sure if she is going to gain weight. Tessy will call Chris and they will go out and eat ice cream. ,0
"Alice initially did not want a maternity photo shoot but after seeing a beautiful one, she has changed her mind and now wants one. Kate, Gina, Mary, Lisa, Emma, and Tina all agree that the photo is adorable",1
"Yigal and Nora want to stay where they are. But there's only one ferry a week, so they have to take it tomorrow, otherwise they will miss their flight to Europe.",0
John's team lost the game. Audrey comforts him.,0
"Danso advises Aslan to go to the bathroom if he is unsure whether what he is experiencing is a fart or poop, and asserts that one should never trust oneself.",1
Anthea is updating the recent program for the conference in two weeks. Jason wanted to amend a set of dates and Linda forwarded them to Anthea.,0
"John suggests he and Pauline go to visit his cousin who has just split up with his girlfriend. She agrees although she implies the cousin might not be too enthusiastic about guests. Another suggestion of John, which is going camping, is rejected by Pauline.",0
Fran bought a nice jacket. Brianna and Fran are going to have a picnic in February in the same place they went to last year. ,0
Diego thinks that Diana's doing drugs. She looked really strange yesterday.,0
Mike tells Suzie that Allan is going on a date with Mary at 8 o'clock and will probably be back then. Suzie asks about Allan because she needs his English book for homework. Mike reveals that Allan has finally decided,1
Walker was in hospital during class time.,0
"Anne and Josh are discussing Anne's upcoming exams and Josh suggests they talk on Skype. Anne explains she has exams tomorrow and after tomorrow, and Josh acknowledges she won't be studying all day. Josh then changes the subject to",1
"Steve is reporting a colleague who shared a terrible article on his wall, and Charlotte supports him.",1
"Molly arrives home and Amy is still on her way, she suggests taking Uber to avoid walking through Harlem.",1
"Ava wants to see Richard and Bella tomorrow to discuss their bad test results. Richard studied for the test together with Bella. If his results don't improve, Ava will contact his parents. ",0
"Oscar has called in sick. He hasn't done this exercise with this group before. He'll send Penny a presentation for TPM, for the other one she could use yellow tapes. Penny is going to explore the city centre now.",0
Chandler will pay for his coffee tomorrow.,0
"Andrew suggests a garage to Phil, who thanks him and calls them. Phil expresses gratitude and Andrew responds positively.",1
Kira bought a new bed this weekend at a new shop near her house. ,0
Mark will pick Lucy up in 10 minutes and they will buy a new mattress. ,0
"Holly is in a dire situation as her washing machine broke down and is flooding her neighbors, all while she has a crucial job interview. James comes to her rescue by offering to fix the washing machine or take care of it until she gets back,",1
"Connor and Sydney discuss their opinions on the ""Fantastic Beasts"" movies, with Sydney expressing her love for the latest installment and Connor encouraging her to see the next one.",1
"Aaron made Christmas shopping at the mall full of kids waiting in a long line to see Santa. Aaron has got all he needed, but Shirl hasn't got any gifts yet. ",0
"Pedro and Marie are discussing the theft of Patrick's backpack, which contained his computer and PhD thesis. They express sympathy for him and criticize his lack of foresight in not keeping a safe copy elsewhere. Marie goes on to say that she",1
Tom has Mary's keys. Mary will take Ed's keys.,0
Draco has seen his ex today and all his remaining feelings disappeared.,0
"Kas charges 12GBP per hour for an in-house lesson plus 50p per mile for travel. He has available slots for weekends, after 4pm on Thursday and all day Friday. He teaches children but mainly adults",1
"Pete suggests going for a walk, but Claire declines, stating that she needs to study.",1
"Alex found someone's notes which turned out to be an amazing guideline for the test. Kasia was relieved and grateful, and they both felt hopeful about passing the test. They discussed how the test went later on.",1
"Norman was a part of AIESEC last year and had a great time with his friends, but Kyle, who is stubborn and doesn't listen to others, destroyed their friendships.",1
"Henry is not coming today to Rebecca and Carly, he's feeling ill. He has a fever and coughs. ",0
"Anna wants to buy a watch for her partner's birthday and asked Austin for his opinion. Austin suggested that her partner should choose it himself, but Anna wants it to be a surprise. Therefore, Austin agreed to go shopping with her and first look",1
Fiona sends Anna a happy birthday message with a gif file and wishes her a jolly day.,1
Maurice agrees to come to the office at 9:45 and suggests contacting Ben to attend the customer at 9:30.,1
Jen and Angie are studying for the maths exam which is next Tuesday.,0
Ron agreed to throw away the garbage when he comes home.,1
Steven will organize a meeting for his high school friends after 15 years. They will meet in the Irish Pub. Roman and Steven were conflicted.,0
"Amelia had to cancel their meeting because her car broke down, but she is okay and will call Isla later to set another date.",1
"Peter explains that in Italy, tipping is not expected as it is already included in the bill.",1
"Jorim and Maria discuss the return of a history book, with Jorim expressing that it's okay and Maria apologizing for not returning it earlier. They plan for Maria to bring the book back to Jorim tomorrow before their",1
"Ivone used to much self-tanner and she is orange now. It doesn't come off, so she has to wait 2 weeks or so.",0
John expressed interest in the apartment and Anna arranged for him to view it at 6.30 pm that day.,1
Stu is on channel 6 now.,0
"Mike consoles Ines after she loses her wallet, assuring her that he believes she will soon find it.",1
"Ellington is discussing with his friends whether he should take protein and vitamins for his workout routine. Everard suggests that Ellington should read about it first and consult a coach, while Harper criticizes Ellington for not warming up properly.",1
"Joe, Tim and Jack are watching 'The Millionaire'.",0
Paul saw how Patrick and his team destroyed Manchester City over the weekend.,0
"Trudy is looking for a cheap dry cleaner near Hom and mentions that she has already tried washing it in the sink, but it still smells horribly. Jenny suggests Swiss Dry Cleaners, but Trudy is hesitant due to",1
Hellen uses the internet at work only to do her job so she didn't hear about Bush death. Kelly reckons she should check the front pages.,0
"Patty cannot attend the concert tonight but will be at the conference tomorrow. Pola expresses her disappointment and frustration that Patty is not coming to the concert, but Patty explains that she cannot attend. Pola then asks about Patty'",1
Julia can't come to Julie today because she's very tired after her business trip to Canada. ,0
Johny wants to go out clubbing with Luke in order to meet a female partner. Luke has plans but he advises Johny to install Tinder. Luke critisizes Johny for speaking about women without much respect.,0
"Katie does not have any plans for the weekend yet, while Lacey is busy studying.",1
Paul is looking for Granny's lost hearing aid and Betty is guiding him on where to look. Paul eventually finds it on Toby's pillow and puts it in a safe place.,1
"Rachel is scheduling a GDPR training session and sharing the options for the date and time. Joyce and David have special requests, and Rachel is accommodating them. She is also reminding the rest of the team to sign up by the end",1
Freya explains to Amanda that she doesn't wear make-up because she doesn't need it and doesn't like the idea of foundation entering her pores. She also states that she doesn't have make-up products.,1
Eva is going back home this weekend and is going to the beach with Jodie and Claudia.,0
Norma has a new Japanese tattoo. Both Marston and Royce like it.,0
Laura is coming to the June Ball. She already has 2 tickets.,0
"Sophie, Claire and Patrick will cook pizza tonight.",0
"Wanda is bored and stuck in a long line, and Zoe tries to entertain her by suggesting I Spy and offering to meet for coffee.",1
"Tabby and Michael are having relationship issues. They have different views on life. Michael claims to love Tabby, but she isn't satisfied with just that.",0
Tom informs Gina that he will arrive the next day after finishing his job and will start packing immediately upon arrival. Gina expresses her excitement to see him.,1
"Emily is struggling to learn Spanish due to a poor teacher and lack of focus, but Ryan offers to help her since he knows the language well. Ryan also mentions that he is learning French and finds it challenging to start a new language. Emily agrees",1
Samantha informs Liam that a new album by Mumford and Sons has been released.,0
"Marlene is upset because she believes Ned cheated on her with a kiss, but Ned explains that he was drunk and doesn't remember the incident, and James told him about it after Marlene found out.",1
"Leslie and Laura are planning a baby shower for Tiffy, who is due next month. They decide to have it at Laura's place and Leslie brings decorations and games from their recent shower for Julie. They discuss buying Tiff",1
"Jim is going to come to Poland on the 26th of December or later. He might have to be at work on the 27th. If he travels before Christmas or on the 24th of December, Eva can pick him up from the airport. Eva does not have to explain anything to the parents. Her translation might be needed later on.",0
"Henry shows Julius his collection of Pokemon cards and Julius is impressed, but Henry plans to sell it on ebay.",1
John'll be at the main station in 5 minutes. Lia suggests that Sam should pick John up. Sam'll collect John from the bus stop in 15 minutes.,0
Debbie will see Chris in 10 minutes.,0
"Simon is almost finished reading ""Women"" by Charles Bukowski and enjoys the author's writing style. He plans to read ""Factotum"" next and Terry borrows it from him.",1
Mary fainted in a library. A librarian called an ambulance and Steve. The paramedics suspect Mary has heart issues. Mary will have more tests next week. Gary is going to visit Mary next weekend. ,0
"Mandy and Jordan are discussing whether it is the right time to admit their son in primary school. They decide to call their friend Alex, who has experience in such matters, for advice. Jordan promises to call Alex and inform Mandy about his views",1
"Chris gives Natalie tips on packing for a cold trip, including bringing termoactive clothing and a good sleeping bag.",1
It's Teresa's first day at school tomorrow ans she's nervous about it. Mike will walk her to school. ,0
Emma and Bryce talk about Emma watching Infinity Wars with her brother and how much she enjoyed it. They also discuss how Cindy has been a spoiler by talking about the movie all day. Bryce invites Emma to hang out on,1
Monica is waiting for Lexie.,0
"Olga excitedly tells Anna that her aunt Rosie, who has been living in Austria, is coming back to visit them in a week and getting married.",1
"Bob is angry with Rose because she took his iPad without his permission and entered his room. Rose apologizes and explains that she needed to check something on her laptop, which was updating. Bob is still upset about the behavior and the disrespect, and",1
Julian says he's okay and tells Richard to fuck off.,0
"Henry wants Kyle to pass him salt, but Kyle will pass him something else instead. ",0
Jada is happy that she no longer has to wake up early starting from next week and is also looking forward to Latoya's departure. Latoya wants to leave the company soon and Jada thinks the people running the company are not nice.,1
Makayla is having a horror night with Jason tonight. They will watch 'The Shining'. ,0
Henry invited Dona to a house party with his friends for New Year's eve. Dona agreed to go.,1
"Nina needs help with maths. Her brother Rick recommended contacting Carmen. Carmen's brother is good at maths and she gives Nina his phone number. Nina should call him in the evening, after his gym activity. Carmen's exam was good, but she forgets dates. Nina offers her a book about WW II.",0
Ryan and Irma are going to the movies tonight instead of meeting Isabelle as promised. Ryan will be leaving for London soon and wants to spend time with Irma.,0
"Eli compliments Aurora's new haircut and thinks it suits her perfectly, while Aurora is unsure if it's too short.",1
"Sue invites Fran to go to the theatre tomorrow, and Fran agrees to go.",1
Lee just got a new mechanical keyboard.,0
"Piper and Natasha are catching up, with Piper expressing their busyness and Natasha responding with a smile. They then discuss scheduling a quick call.",1
"Garrett had a bad night's sleep despite having a new, expensive pillow that was supposed to be healthy and fancy. He plans to give it another try tonight.",1
Emma got tickets for a concert next month and they are in the fourth row center. Jess is excited for her and asks if the seats are good. Emma says they are amazing. Jess offers to take care of the tickets since Emma tends to lose things,1
"Thomas apologizes for not being able to meet Elisabeth half an hour later, and suggests that she starts the meeting without him. Elisabeth agrees and they say their goodbyes.",1
"Sally and Molly possibly played in the mud and got to parent's bedroom, where they made a mess. Randy will start cleaning and Natalie will join him as soon as she can, because parents might be here any minute.",0
Dorothy is sending out a hundred CVs daily without worrying about fitting the profile and hopes to get at least 10% of the companies to call her back.,1
"Lee lets Mason know about the betting site being back online right now, so he can check it now.",0
Alison and Barry ate a delicious dinner from John's mother's. They are very grateful and asked John to thank his mom.,0
"Anna and Peter are discussing an app that helps with organizing clothes. Peter finally understands how to use it correctly, and Anna is happy about it.",1
"Rowley will have a baby with a woman he met in the summer, not with Kelly.",0
Ava did a new painting with some help from her elder brother. Noah will study it when visiting Ava.,0
"Cierra picked it up from the parcel shop today. Tucker finishes in 20 minutes. He will come to Cierra in around 45 minutes. Cierra will be home, but she's leaving at 3.",0
"Kathy expressed concern about Jeff leaving earlier than usual, but Jeff explained that he had a dental appointment and was okay. Kathy relieved that Jeff was okay and Jeff appreciated her concern.",1
"Bella, Trevor, and Kevin are discussing whether to buy a gift for their language teacher who has been teaching them for free. They decide to buy her flowers or a voucher and settle on 20 euros each. They",1
"Lisa and Linda are discussing the sudden eviction notice that Linda received from her landlord, which requires her to vacate her apartment in three months. Lisa suggests that Linda post about the situation on Facebook to see if any of her friends have an available",1
Melissa and Margerie are discussing their Halloween costumes and decide to go to the mall to find inspiration.,1
Joe and Harry haven't spoken since last year. They are going to meet up at Bourbon St. on Friday and grab a burger.,0
Isho owns Trevor 35 dollars. He plans to give it back in a few days.,0
"Nicole asks Poppy if she is available to babysit Toby on Friday night from 8 PM to 11 or 12 PM, and Poppy agrees.",1
Oliver confirmed his appointment with Dr. Lee.,0
Phil sends Jason some photos of a car he intends to buy. It costs 8500 and the mileage is 29k. Jason says it's a bargain.,0
Will gived Rob the number of the car mechanic who fixed Will's father's car.,0
"Lucy has seen ""Beautiful Boy"" and she loved it. Juliana hasn't, so Lucy will go will her to the theater tomorrow. Lucy finishes work at 6 pm, Juliana at 5.30 pm. Juliana will pick Lucy up from work. ",0
Loreen apologizes for disappearing from their chat due to a thunderstorm in Mexico that disrupted the internet connection. They discuss plans for a New Year's Eve party and Loreen shares that they will be traveling to Cuba. Mel,1
"Pansy requests Mitchel's home address to book a flight, and Mitchel responds by sending it via email.",1
Mary wants to invite Peter and Matthew over. Peter can make it but Matthew can't due to the exam on Tuesday. ,0
"Omari asked Tori to share the pictures with him, also those taken at the shopping center. Ethan has some more pictures.",0
"Ewa and Jhordan enjoyed the tacos concert, while Mason felt that the singer's performance was better before and the beats weren't great.",1
Tim lost his phone. Neither Ian nor George have seen it.,0
"Ralph and Mary are having a conversation, and Mary suddenly mentions that she needs to go to the bathroom, which Ralph finds a bit too much information. Mary assures Ralph that she will be out soon and takes her time.",1
"Joyce, Andrew, Carla, Anette, and Helen are all on their way to a meeting and are updating each other on their arrival times.",1
"Kelly asks Cohen if he is okay and Cohen responds that he is good, but Kelly expresses that she is not doing well.",1
Trey did not buy the ticket but there are still some available. Hank confirms that Laura and Jack will be attending the concert.,1
"Gavin and Ezra discuss a dream Gavin had where Ezra wanted to meet for rum and coke, and make plans to catch up after Ezra returns from holidays.",1
"Sophie tells Gabi about Marcel's awkward visit to Boston where he confessed his love for her and wanted to kiss her, but Sophie hugged him instead.",1
"Frank is on the bus. Peter can meet the guys halfway, at Euston. Stacy is not coming because she has an emergency at work. ",0
Jane asked Jones to check his mail and mentioned that he had sent him a document.,1
"Boris voted for Brexit, but wouldn't vote differently now even though he thinks it's a mess now.",0
"Isabelle is upset because she thought there was no homework and bought wine, but Giselle informs her that they need to translate the first column of an article they read last time in their notebooks, not on a piece of paper, so",1
Gregory and Luke are discussing whether Gregory or Luke should bring the barbecue set and beers for their gathering. Gregory seems excited about the prospect of having beers with the barbecue.,1
Scott has just got the test results and everything is fine. Fred and Christy are relieved.,0
Benjamin wants to start a book club. Ashley wants to be the co-chair.,0
"Lila hoped that Ana would come to Poland, because they will be skiing this weekend. Ana is very busy at work at the moment. Ana will check it out at work tomorrow and maybe she will come to Poland in the spring.",0
Lucy needs a new mattress because she is not comfortable and tosses and turns all night. She suspects bedbugs in her old mattress. Mark agrees to get a new mattress for her.,1
"Harry fed the cat two sachets and advised Tom not to give him anything more as he is already too fat, but Tom can give him something in two hours.",1
"Ann is considering moving to Canada due to feeling unfulfilled in her current city. Tony and Marianne suggest Vancouver as it is a comfortable, liveable city with a mix of American and European influences. They also mention that Ann would be far from",1
Donovan doesn't like the smell of Beverly's very expensive cheese.,0
"Elsa's cat disappeared 3 days ago, so Rita helps with searching. Minny thinks she might have seen this cat in her orchard. Minny will call Elsa if she sees a tabby again.",0
James sent Josh three photos of his new kitchen.,1
"Tommy informs Paul that he has checked his train online and it is not late, and Neil expresses relief that at least the train is on time.",1
"Debby is going to a wedding with a friend next Saturday. Debby sends photos of dresses to Maggie, so Maggie can help her decide what to wear. They discuss Debby's outfit for the wedding. Maggie offers to lend Debby one of her bags.",0
"Drew convinces Meg to go to Evelyn's weekend invitation, assuring her that everyone cares and Evelyn wants her to come despite the awkwardness Meg feels.",1
" Aryana will pick up some holly from Eva. Sandra will drop Denise off at 12 tomorrow and James is happy to have her, just like the last time.",0
"Sandra Donovan, now Taylor, reconnects with Pat Simms, a former colleague from Lister's Fine Clothing, after 35 years. They discuss their lives since leaving the factory and reminisce about their time",1
Monica suggests to Nathan that he should check Wizz for cheap flights to Rome. Everything has been sold.,0
"Sophie offers Clara a jacket to wear for her interview at PwC, as Clara is unsure about her dress code and doesn't have anything formal to wear.",1
Tom and Alison haven't spoken in 2 years. Tom has just finished his MA in e-commerce for small businesses. Alison is just starting an on-line business selling the things she's knitted. Tom and Alison arrange a meeting on 12/20 to discuss helping Alison with her business.,0
"John is in a meeting and cannot talk, he is not sure when the meeting will finish and Mike needs to speak to him tonight.",1
"Shirley informs Oliver that she will be late for training due to being stuck at university, Oliver responds that they might start later anyway as others are also running late and assures Shirley not to worry, they will meet later.",1
Ron asks Ann and Sissy to lock the door to the white room only once. Ann has the key to Studio 2.,0
Dona will reschedule the meeting on Harvey's request.,0
Evelina tells Lucas that she takes Centrum vitamins and they agree to talk later.,1
"Ula invites Alan to a concert that starts at 22:00 or later, and they agree to meet at the club.",1
The group is discussing their favorite comfort foods and sharing stories about their relationships. They express gratitude for each other's support and encouragement.,1
"Lillian is struggling to find a dress for the wedding and Drake suggests going naked. Ben and Samantha relate to her struggle and Samantha finds an ""ok-ish"" dress. Lillian compliments Samantha'",1
"Emma invites Sharol to join them at the beach. Sharol asks if Wendy is okay with her joining, Emma thinks there must be a misunderstanding and suggests they meet up to sort things out. Emma's place is at 1",1
Nate and Julien are in the same location and are communicating through text messages.,1
Ares is thankful for the video.,0
Greg's sister is pregnant and her baby's name's Amber like Kevin's niece.,0
Mike's favourite Avenger is the Black Panther. Harrison's - Captain America.,0
Michaela got scammed by someone who pretended to be giving away free kids toys on Ebay. She paid for delivery and was later drained from her bank account. Michaela filed a claim with her bank and went to the police.,1
"Oscar is glad that Janet liked the Mickey Mouse tee he was wearing, but he won't wear it again because he is allergic to the fabric and it gave him an itchy rash.",1
Sammy bought to many vegetables so she will bring some for Crista's pet.,0
Fred and Rose are worried about the structural changes in their company.,0
Vicky was criticized by her mother during family dinner today even though Vicky's father supported her decisions. Vicky's brother Frank makes her feel better.,0
John can't talk at the moment as he is in a meeting. John doesn't know when the meeting is going to end. Mike needs to speak to John tonight. John will try to call Mike when he's free.,0
Terrance's still in bed. Mary woke up at 6 and is already in the office.,0
"Donna requests punctuality for an 8 am meeting, stating that if Leo is late, they will proceed without him. Leo responds that he is almost there.",1
"George and Alfie are discussing the new behemoth album, with Alfie praising it and George agreeing. They discuss their favorite tracks, with Alfie particularly enjoying ""Bartzabel"" and George enjoying ""Wolves of Siber",1
Gred sends Patrick a file with recipes that he got from the internet and chefs.,0
Matt needs to buy tickets. Chris thinks Matt should check out the website he used last year. Chris advises Matt to use a browser's private mode when he is looking for good deals.,0
"Peggy invites everyone to a national congress in Warsaw, but Tim is not interested in attending. Peggy also asks for a logistician to help with workshops on Saturday, and Raphael offers to help despite initially being hesitant",1
Matt is worried about people gossiping about him in the office. Matt sent an email to his boss and to Harris by mistake. Amy will try to stop Harris. ,0
"Charity takes many selfies but only selects a few to send to Gilberto, and there is no point in sending all of them.",1
Tina is angry with Derek because he won't do the dishes.,0
"Nancy is having trouble deciding which social media platform to choose from - Twitter, Facebook, Instagram, and Tumblr. Phil recommends against Tumblr, stating that it's essentially dead. Vic suggests that Nancy should use Instagram,",1
Ken and Ang watch old TV shows; they like some of it and dislike some old-fashioned episodes. They also do not like the current US President.,0
Martin is going to Lisbon this weekend for 4 days. He will get Alex a bottle of dry vermouth.,0
"Renee advises Gino on his outfit. Renee is worried Gino might look like a waiter. Ultimately, Gino will wear a white shirt, black trousers and brown shoes.",0
Norma has completed homework for tomorrow.,0
Bruce has a hangover after drinking with his co-workers.,0
"Ean is unable to help Brisa install Windows on her PC immediately, but offers to call his elder brother who can assist her. Brisa is fine with that and provides her address to him. Ean also asks if the brother will install drivers",1
"Abby is not okay and wants to talk to Amber and Faith, who offer to meet up with her at her place whenever she's ready.",1
Donald Trump revealed a plan to help Pakistan. This Friday he will give a speech. Ann won't be able to listen. Camilo will watch it on yt later. Ann and Camilo will meet in college tomorrow.,0
"Bob inquired about the availability of a chest of drawers, Jack confirmed it is available and is based in Kingswood, east Bristol. Jack does not deliver, so Bob is unable to purchase the chest of drawers.",1
"James warns Sarah about the negative effects of stress on memory loss before the age of 50, citing a study. Sarah acknowledges the difficulty in reducing stress but James offers to help her.",1
Ruby will be making drinks.,0
"There are 67 days left till Christmas. It's Beth's turn to invite her family over, so she has a lot of preparations to do.",0
"Brad is interested in renting a room in a two bedroom, one bath apartment located in a quiet complex. The rent is $650 a month, and Brad would pay $325 a month plus half of the bills. Andy,",1
Kelly is making Rocky Road. Crista is making a cake as well. Crista will sort out the teas and coffees.,0
"Leopold is unable to leave work early to meet Lucy, so they make plans for him to come to her apartment after finishing his work and eat at the Taj Mahal Curry House. He will bring his computer with him and work from Lucy",1
Paul turns down Jerry's offer to give him a lift tomorrow. Paul will go with his colleague instead.,0
Heidi has returned from her trip and Darrell is happy to see her. She tells him that it felt like she woke up from a coma. They discuss the long commute to work and Heidi suggests that Darrell take his car.,1
"Jason is still going to Thailand next week as planned, and Natalie asks him to buy her some spices that she cannot find locally. Jason agrees to do so, but he is not very good at remembering names, so Natalie will send him",1
"Emily and Richie discuss Richie's upcoming trip to Lofoten, Norway, which conflicts with Emily's plans for Kraków, Poland. They express disappointment but agree to find another time for their trip together.",1
Karina apologizes for not being able to meet Haydee and expresses her hope that Haydee has a great time in her hometown. Haydee asks about Karina's mother's health and Karina updates her,1
"Arlene invited Judy, Judith and Clara to her birthday party.",0
Luke and Mike are learning for the English test. Julia has sent them the copy of the material.,0
Sara is disappointed that all tickets for Ed Sheeran's concert have sold out and Janice and Rita are also upset.,1
"Keira and Tom discuss plans for a coffee and climbing wall outing the following week, with the possibility of going to Portugal in the near future. Tom mentions that he will be working remotely in Portugal and that there will be crowds due to",1
Emir requested Etna's 2017 financial statement in English.,1
Lucas likes Sophie who is Torreira's good friend.,0
Jeff is still sick after last night.,0
"Oliver is hosting a game night at his place at 9 pm. Fifa's included. George, Jack and Noah are in.",0
Rodger wants Ann to visit him in Norway but is broke and not convinced about staying at his place.,0
Jeremy cannot log into his work account. He is dreading the prospect of having to call tech support.,0
There is a new team leader replacing Clare. They find him attractive so Ellie and Henrietta are going to sign up for the gym on Saturday. Melinda will let them know tomorrow if she also decides to join.,0
Louise and Sue are arranging another driving course for Louise. Louise would like 2 half-day drives with the same tutor and prefers weekends. Sue will contact the tutor about the dates and will get back to Louise with a text and an e-mail. ,0
"Stan is on his way but is stuck in a traffic jam, while Lee is already inside.",1
Amy seems down to Brie lately. Amy's partner broke up with her recently.,0
"Hall has seen the new season of the Plebs. Peggy despises the series. Haley, Aston and Craven are more than interested in changes. Peggy spoils the plot.",0
Tom confirms that the small red leather bag found by Teresa after the party is Suzie's.,1
"Daniel provides Jan with Radek's phone number, but advises him not to call him as he is at the dentist's.",1
Helen is admiring Megan's dish.,0
"Mavis is experiencing leg pain and is unsure of the cause, but Delia suggests it could be due to a match or high heels, and Mavis decides to go to a doctor.",1
Tamara will meet with Constanza at the teen's center at 3 pm. She will try to persuade Leon to come with her.,0
"Liz is in the neighborhood and wants to visit Tim, who invites her to come by and they plan to meet in 5 minutes.",1
"Jess and Abby discuss the possibility of having a dance party for their first dance, with Jess suggesting it would be fun and Abby thinking it would be embarrassing.",1
"Tina can't join Sandy as she needs to keep writing an essay on psychology for Monday. She has to write 30 pages, but has only 5 now.  ",0
Zahra likes Hayley's dog. ,0
Mark and Cate are watching the game tonight. Sue might join Mark but Cate will stay in as she needs to be at work early in the morning.,0
Sabrina and Rose are discussing their free time and how Rose has been spending hers by watching Merlin episodes on Youtube. Sabrina approves of this and shares that she is looking forward to a busy schedule starting from 10,1
Leon finished his work earlier. He will pick up Millie from school at 4 p.m. and make chicken thighs and potatoes for dinner.,0
Henry invited Barbara to a concert on Saturday night and will pick her up.,1
Jennifer and Nancy are waiting for a meeting to start.,1
"Charlotte and Edna discuss their favorite colors and share their excitement about owning ponies. Charlotte expresses her disappointment that her parents can't afford to buy her one, while Edna offers to let her visit her pony whenever she wants.",1
"Kate is having trouble with her TV and asks Jared for help. Jared suggests turning it on, and Kate is grateful. Later, Kate mentions that if her key stops working, she will just go somewhere else. Jared finds this am",1
Kevin still has not received the PS4 Pro he ordered. Jason is disappointed that they cannot play on it yet.,0
The group is planning to go out for a beer at Morty's at 7pm. Rick is excited about the plans and mentions that he had a tough week.,1
"Nancy and Zoe are discussing the new film ""A Star is Born"" featuring Lady Gaga and Bradley Cooper. They both loved the movie, praising Gaga's acting and the music, as well as the simple yet authentic love story",1
"Harry will be in Luxembourg from 5 until 15 July. Adrian and Ian will be happy to meet. Audrey is on holiday until 12 July, she will get in touch with Harry when she's back in town. ",0
Susannah agrees to attend a gathering at Eva's house from 7 to 11 pm and assures Eva that she won't give her any headaches. Eva thanks her and informs her that the food is in the fr,1
Jenny and Beth are discussing Beth's job at a retail store where she works long hours during busy periods and has no holidays. Jenny sympathizes with Beth and suggests they meet for coffee.,1
"Sylvia is going to pick up the Gap shoes, infant 6 tomorrow a 8 pm. Alana will meet her.",0
Roberta found Makoto's dress and will send it to him on Friday.,1
"Mr. Smith requests to postpone their meeting by half an hour due to an emergency at the office, and Mr. Blackwell agrees.",1
Susan broke a tire in her car. Susan has a boyfriend called Tom. Her dad Phil advised her to ask him for a tire change.,0
"Lily instructs Marco on how to properly prepare ginger to fight off a cold, emphasizing the importance of grating and brewing it first, and drinking it every 2 hours or more often. Marco agrees to try it after the meeting.",1
"Chris and June are discussing a wild party they attended where someone cooked one of Luke's expensive sea fish, which was unique and Luke had gone far to buy it.",1
Jamal and Carrie are discussing the weather and how a storm hit them both unexpectedly last night. They share that their yards are a mess and that they lost power for a bit. They also talk about a tree that fell down in Carrie,1
Kirsten and Johnny parked at the city hall. They have a new green car.,0
"Lisa recommends a new TV series to Karl, which is similar to their previous favorite Sci-Fi series. Karl is excited to start watching it, and suggests they switch from YouTube to Netflix. Lisa reveals that the series is on HBO Go and",1
Anne will come to the part by bus and call an Uber to get her back home afterwards.,0
Vikki won a competition. There was a one-point difference between Vikki and the girl immediately behind her in the score. Vikki received vouchers and books as a prize. Vikki's waiting for her father to pick her up in McDonald's. Leonor will leave food for Vikki to microwave.,0
Will will be at the St. James's Hospital in 30 minutes.,0
Cierra picked up the package from the parcel shop and brought it to Tucker's house. Tucker was excited to see it and wanted to come to Cierra's house to see it. Tucker finished school in 20,1
Bobby and Dom arrange a meeting in 20 minutes at Bobby's place to watch the last episode of Maniac together.,0
"Bill had an emergency op in his eye due to a retina displacement. He had 5 tears in his retina, probably caused by the cataract op. Now he's recovering and he can see some fuzzy outline of objects, with distorted colors. He needs to reduce his physical activity and refrain from alcohol.  ",0
"Sidney asks Randall to get him a loofa, make-up brush and a bottle of pink nail polish while he is at the store.",1
"Sarah is organizing a biliards competition and invites Victor to join. The competition is next Monday, there will be something to win but it's a surprise. Victor agrees to participate and suggests inviting Matthew.",1
"Henry requests the salt and Kyle responds by offering something else instead, causing Henry to express frustration.",1
"Diana has added Leo and Yadani to her WhatsApp contacts and expresses her gratitude for their hospitality and delicious breakfasts, especially the cheese and ham. Leo responds by expressing his pleasure in providing for them and assures that",1
"David is informing his friends that his friends are relocating and cannot take their cat with them, and he is suggesting they contact Sarah if they are considering a pet. Sarah explains that the cat has been a family pet for four years, is",1
Rich is arranging with Jo for Molly to play with Emma on Friday. Jo will pick up Emma back at 7.,0
"Layla asks Jacob to look at something, turns out her flowers are dying and she doesn't know how to save them, Jacob suggests trying water and fertilizer.",1
"After graduating, Anne would like to be a teacher. Stephen still doesn't know what he'd like to do. ",0
"Tracy burnt a cake and she's looking for advice how to save it. Nick suggests to peel it with a knife, Dylan thinks grating off is better. Tracy grates the burnt part off.",0
Emma is living in a rural region of Japan and feels like an outcast due to her appearance. She receives unwanted attention from locals and even had two marriage proposals. Danielle consoles Emma and hopes that she will find her place on the island,1
Guy finished the book Marta gave him. She needs it back because Simon wants to read it. Guy will bring the book tomorrow. ,0
"Ben is hungry and wants to eat something, but his roommate is making chicken in a weird sauce, so Ben is unsure if he wants to eat it. Donna suggests they go get some Thai food instead, which Ben agrees sounds incredible",1
"The group is discussing their plans to cross the river and continue southwards, but they discover that there is only one boat a week available, which means they will have to stay for a week and miss their flight back to Europe unless they take the one",1
"Ed offers coffee to Steve and Monica, Steve asks to wait for a smoke, and Patty declines.",1
"Rob has gone to the doctor and has been diagnosed with rotatory cuff damage. He needs physio first before they will consider an operation, and an xray has been booked for the next week or so. Mum will call him later.",1
Ted keeps sending Kris pictures and videos of cats.,0
"Lukas bought milk, flour, butter, bread, eggs, cottage cheese, beef steaks and sweets, and Hannah joined him to buy beer on the way home.",1
John will pick up the prints today.,1
Dan asks if Veronica has any plans for tonight. She doesn't know and is currently busy.,0
"Jenny shows Greta a video of Tommy taking his first steps, and Greta responds with a cute gif and tells Tommy she's proud of him.",1
William and Ann are going to the Azores for their summer holiday and John is surprised to know that they have already made plans together.,1
Olivia doesn't know how to caption the photo she wants to put on Instagram. Taylor gives Olivia some hints.,0
"Maciek is doing well and has an invitation to present his research next month. He had a great time in the previous university and is currently working on his research. Franek is quite busy with two weddings, a conference, moving to another city",1
"Lauren expresses her dislike for autumn while Diego defends it, citing that it's better than summer. Lauren complains about the weather and her hair while Diego tries to console her, reminding her that her hair will dry eventually.",1
"Eric invites Jamie and Quinn to a pot luck before the finals, and they agree to go. Quinn suggests they teach Jamie how to cook, and Eric offers to host at his place on Friday. Quinn prefers Saturday and has a family dinner",1
"The Cowboys are winning the game Derek, Selma and Alonso are watching. It's one of their best games recently.",0
Eve confirms that the lunch meeting is usual.,1
Pete is going to send a big video file to his laptop and then copy it to Thomas's laptop. Thomas wants Pete to send him the file by bluetooth but Thomas doesn’t know whether his laptop has bluetooth connectivity. They finally agree that Pete's going to use google drive to share the file with Thomas.,0
"Frank reminded Rick to work during his lunch break, and Rick assured him that he would.",1
"Erica is trying MarieKondo and is looking for free jars to use for her decluttering process, Ingrid and Nicole discuss the concept of MarieKondo and Ingrid offers to buy a glass jar for Erica next time she needs",1
Janet will start queuing to enter the new supermarket at 7 am on her mother's request. Vicky and Marta are very tired.,0
Dave will stay at Marciano's house at the beginning of the next month. Dave started going to events like pottery classes. Marciano is going to tell Tina about Dave.,0
Jack offers to buy some bread for Anne.,1
Luke's staying home with twins at Christmas. Jonah's going with Julie to hers and after to his parents. His son loves travelling by car. They're planning to meet at Luke's on Boxing Day.,0
Martha confirmed receiving Bill's email and assured him that she would let him know if the details were okay.,1
Dean's office is going to sign Mike up for classes. It is more convenient for the office as the group is only 12 students.,0
Emil invites Sallie to the Ed Sheeran concert and they end up going together as a date. Sallie reveals she has had a crush on Emil for a long time and they both express their feelings for each other.,1
"Sam invites Alice to a board games night with friends, and they discuss the type of games they play. Alice is interested but has only played basics, and Sam suggests trying Days of Wonder. They agree to meet at the Game Pub on Friday",1
"Owen informs Samuel that Microsoft Office prices are not as expensive as he thought, with a monthly fee of 8,80 euro for business use and a free plan available for personal use with basic functionalities.",1
"Laura asks Pat about the bus times, Pat asks Laura about her outfit and takes a photo, Laura responds that she will show her outfit when they meet, and Pat confirms the bus time.",1
Mike asked Ian to borrow his car for the night because he had a date with Mary.,1
Amber lost her flower necklace. Gabriel will look for it when cleaning. Mariah found it in her pocket and she will bring it to the office on Monday. ,0
"Mohamed invites Victor and Diego over for dinner and they accept. The cuisine is Lebanese and though the specific dishes are uncertain, Diego is looking forward to it. The time for the dinner is around 7 p.m.",1
Madelene and John are planning to have pizza and prosecco at their usual place at 5 o'clock.,1
"Max informs Theo that they will be late by 15-20 minutes due to a traffic jam on Washington Ave, passing the Ikea. Theo suggests that Max should call Thelma to inform her of the delay.",1
Jeff managed to get the essays of Sontag from the library. The book had always been borrowed.,0
Wyatt reminds Neville his wedding anniversary is on the 17th of September. Neville's wife is upset and it might be because Neville forgot about their anniversary.,0
"Helen and Nina had a nice conversation in a coffee house some time ago, and Helen hopes to know when their relationship gets serious, while Nina advises Helen not to jump to conclusions.",1
Ula invites Alan to a concert. Alan will meet her at the club after his work. ,0
Nadia wasn't feeling well on Friday. Hannah is at her sister's house. Hannah will send regards to her family on Nadia's request.,0
Nick will take 2 croissants from the canteen for Bart.,0
Sean's grandfather celebrates his 100th birthday tomorrow so they're organizing a party for 50 people at the weekend. Sean might do something for his grandfather rather than buy a present.,0
"Victor and David are discussing the recent price increase at their gym. They believe the increase is unfair and are considering ending their contract. Victor found a new gym, but it is too far away. David is also facing the same problem and is considering staying",1
Jake has a dinner party tomorrow night. Jake and Amy want to see the movie 'Bohemian Rhapsody'. They also talk about the books they've recently read. Amy read 'Metro 2033' and Jake - 'Sapiens: Brief History of Humankind'.,0
Barry believes in God and follows the teachings of the Bible. Barry extends an invitation to Heather to join the service this Sunday.,0
Tom is in the upper cloister.,0
All participants agreed to click on the link and vote for Matthew's project fellows.,1
"Carson is going to Shambala and invites his friends to join him. Sheldon is unsure if he will attend, while Tina decides to go after realizing the tickets are cheaper. Carson and Tina plan to stay in",1
"Mia is arriving in Newcastle on a train at 5.30 and Kat offers to pick her up, but Kat has to finish work at 5.15, so Mia may have to wait a bit. They plan to",1
"Christopher suggests going abroad for the weekend, but Matthew and David are unable to due to work and family obligations, leaving Andrew out as well. Christopher expresses his disappointment.",1
"Ben's car broke down and he needs to contact uncle Joe, who's an expert in cars. Adam needs to ask Dad for uncle Joe's number. For today, Ben borrowed Rosie's car. ",0
Sue will come to Nathan at 7 because his mum is making trifles tonight. ,0
"Snape asks Eva if she has formed a group for the robotics project and when Eva says no, Snape offers to be her partner. Eva agrees.",1
"Sam and Lillian discussed Marco's academic performance and decided to give him the exam pass, as he is a hardworking student and has never received any complaints. They agreed to text him and inform him of the decision, and also reminded him",1
"Elisabeth and Richard are discussing the rise of nationalist leaders such as Bolsonaro in Brazil and other leaders like Trump, Putin, Orban, Kaczynski, and Erdogan. They are concerned about the direction the world",1
Adrien shares with Cathy an idea for their show. He has also lost the game.,0
Pedro got promoted and Samantha and Jake are happy for him and plan to celebrate.,1
"Ritie asked Susan if she got home okay, but Susan replied that it took longer due to impassable streets, and it was too late to call. Ritie then wished Susan a good night.",1
"Liz and Pamela are discussing watching the Germany game tonight, but Pamela has forgotten about it and needs to make plans to watch it. Liz offers to watch it at her place or go to a bar, but Pamela needs some time to sort",1
Dell and Andrea are meeting on FaceTime in about 10 minutes.,0
Jane and Michael enjoyed watching the last episode. Jane is happy to see more hunting and Mommy written out. She is not happy with seeing less of Castiel. Jane took a break from watching after season 9. Michael is happy to see an interesting episode after 3 bad seasons.,0
"Michael is angry with Chase for being late and not showing up, while Chase apologizes and explains that he forgot.",1
Melissa is stressed before an exam on Monday.,0
Ana is unable to see Wilson and others clearly during a live call due to poor internet connection. Wilson apologizes for not being able to show her Ron's wedding live and Ana understands that it might have been an emergency. Wilson sends her lots of,1
"Mandy is asking if anyone has paid the electricity bill, and finds out that Sarah has already paid one, but not the one they are currently facing a demand for payment for. Mandy offers to pay it, but expects Sarah and Josh to pay",1
"Lidia invites Barbra to church and expresses concern about her well-being, leading Barbra to question her own spirituality.",1
Leslie and Laura are throwing a baby shower for Tiffy probably at April 21st at Laura's place. Everybody is going to pitch in to buy her a stroller. Tiffy is having a boy and going to name him Leonardo.,0
Jamie and Maggie are meeting at noon tomorrow at a spot by the river. Maggie is preparing peanut butter turkey. Jamie has corn and sausages.,0
Miranda sends Michalis and Linda a link with the hall menus for this term. ,0
"David is waiting outside. Bill and Victoria are almost done, they need 10 minutes.",0
Billy is looking for a film called Enter the Void and Will helps him remember the title. They discuss how Will has seen the film multiple times while high and has fallen asleep during it. Billy warns Will about the dangers of smoking too much,1
Kitty will convey money to Barb and Ken.,0
Madison no longer needs Thom's help with the dog today. Her last meeting takes place in her area so she can take care of the dog herself.,0
Iris and Steve are discussing the new manager and Steve thinks she is attractive but Iris doesn't agree. They also talk about her authoritative behavior at the meeting and Steve thinks it's natural for her to want to know about plans and,1
Skylar is coming to Victoria's rescue after she runs out of toilet paper while eating at a restaurant.,1
Hellen will take Jake shopping to get him some new shoes.,0
"Maya got the job. Her current boss didn't give her the promotion in March, so she told her she might start looking for something. She has a month's notice, but she has 2 weeks of outstanding holiday, so she has only 2 weeks left at the office.",0
"The group is having a light-hearted conversation about humour and political correctness, with Paolo finding Dave's jokes about Italians amusing, while Anna and Patty find them offensive.",1
"Chen is learning German and finds it easier than Italian, despite not knowing why. John and Philip are impressed and John expresses his difficulty in learning German.",1
"Peter is waiting for Liam and Jenny. They'll be late, because they had a little accident. They are OK.",0
"Ellen and Sookie are discussing the progress of their project and are happy to report that they have around 17 pages in their shared Google Docs file. They acknowledge that they will lose a few pages when they remove repetitive information, but they",1
Jax has found a perfect present for Erin for Christmas. ,0
Colin is unsure about attending and informs Phil that he will arrive at 8 PM.,1
"Ralph is on a train to Sheffield for a business meeting and is bored. Agnes suggests cat memes, but Ralph's Internet is slow. Brittany asks where Ralph is going, Felix suggests they could go out for a drink",1
Andrew is in London. He's meeting Julie for a coffee at 2 pm.,0
"Pete needs to send a large video file to Thomas, but it's too big to be sent directly from his mobile to Thomas's laptop. Thomas suggests putting it on a memory stick, but Pete thinks that's too complicated. Instead,",1
Jenny Morris Sharpei will pop over for 12. She will bring some drops for Molly and wormer. Council should come out this week. Jenny Morris Sharpei and Caron has to finish off preparations. Andy and Caron will take Luna and Molly for a big walk on Sunday. Jenny is fine with her new chap.,0
Catherine tells Jane that Denise is leaving her job and moving to a new place that is 5 minutes away from her home. Jane learns that Denise has another job and that she will be better off financially after leaving her current job.,1
Dad will be late tonight. ,0
Emma has the flu.,0
Monica is worried that she left the iron on and Mark assures her that he put it away before leaving home.,1
Tori sends Omari the pictures she downloaded and the ones they took at the mall. Omari expresses his gratitude and asks Tori to ask Ethan to send him the remaining pictures they took together.,1
Greg informs Kevin that his sister had a baby girl named Amber and asks him to convey his congratulations to her.,1
Oscar invites Poppy to a private concert of his friend's post-rock band in the Old Town. The concert starts at 7pm and is in a friend's apartment. They will meet at 5pm and walk there together,1
"James is considering getting a new console and is torn between the PS4 and Xbox One. Brian suggests that James should choose the console with games he's interested in, as both consoles have their own exclusive games. Brian also mentions that the",1
"Ian apologizes for the meeting being canceled because too many people cannot attend, and Paula expresses disappointment but understands that it's okay.",1
Mark accidentally packed Ian's notebook for English into his backpack.,0
"Harvey needs an Uber and asks Zac to order it for him, but Zac tells Harvey to do it himself. Tristan also offers to help. Harvey says his credit card is not working, so Zac tells him to let him know",1
"Sam is Leah's former college student. He likes his university, flat and friends. He lived with some vegans before, but they moved out mid-October. Leah's college is hectic. Sam is working hard, he has 3 deadlines this month and a job at the cinema. He's also an illustrator and designed a book cover.",0
"Quentin and Tarquin discuss the upcoming unboxing event, where Quentin will reveal new books he has received. They talk about the Facebook event and how Tarquin got banned from the platform for making a joke involving a penguin. Qu",1
Maria has cooked a lot of food. Andrew will bring some Italian wine.,0
"Paulina sends Megan two photos of her boyfriend and they discuss his appearance. They also talk about when Paulina might meet him in person, which is uncertain, but they continue to video call and talk every day.",1
"Justin suggests mushroom soup for supper to ease tension, and Stephanie remembers making a similar soup with apples when she was 7.",1
Mary and Lizy are happy for Anna who is going to France. ,0
"Babe asks James to wash the car and reminds him that the keys are on the table. James responds with ""ok thanks.""",1
"Dean asks Rory if she wants to go to a movie, but Rory declines because she has finals and needs to study. Dean becomes frustrated and tells Rory that he hardly ever sees her because of her studies. Rory explains the",1
Patrick missed his flight and Wildens and Jean expressed their disappointment.,1
"Hartley is looking for a Spanish learning app and Draper suggests an Italian course instead, stating that Italian is cool. Burbank asks if Hartley knows Spanish and Lancaster reveals that he had no idea Hartley was going to Barcelona for",1
Susan asked Lizzie to check the first chapter of her MA thesis on Ku Klux Klan.,0
"The group is discussing the upcoming long weekend and Luke is complaining about the political decision that announced it at the last minute, which will negatively impact the economy. Anthony and Samantha try to change the topic and celebrate Independence Day, while Luke",1
Dan and Ken will meet tomorrow to talk about Dan's script idea. ,0
"Daniel requested to cancel tomorrow's meeting due to family staff issues, which he will handle, and he will inform Henry when they can meet again.",1
"Sam and Ben, who works at a bank, will meet over a beer as Sam needs help with getting a line of credit for his new business and he was already rejected twice.",0
"Nick likes Metallica, Glitch Mob, Eminem, Snoop Dogg, The Black Keys. Dave is trying to configure his youtube autoplay so that is resembles Nick's. ",0
"Trevor borrowed 35 dollars from Isho and promises to pay him back, but is currently broke and asks if he can pay him back in a few days. Isho agrees and they both remember the agreement.",1
Today is pancake and hamster day.,0
Amanda offered Jerry some cookies that she baked and they agreed to meet the next day for him to have them.,1
"Sally and Tina catch up, discussing Sally's recent holiday to various beaches and attractions in Cornwall. They laugh about Sally's misadventures on a pedalo and rowing boat, but overall agree that it was a",1
Jim has just sent out information about an event and is now wondering if a mistake was made by mentioning the British Museum in the poster. Violet checks with Alex and finds out it was a mistake. Jim asks Violet to write to people on,1
Tom will come for one lesson of English at the upper-intermediate level. The group has 4 students. The text book they use is English File.,0
Dylan is in town. Matt and Dylan will meet for a drink tomorrow at 6 PM. Dylan will call Matt to specify where he wants to meet.,0
"Nancy is looking for a present and her friends suggest buying a book about time theories from MIT Coop in Kendall Square. John recommends the specific book he saw there last week, and Nancy decides to get it.",1
Jason is upset that the toxic main office is causing problems and has cost their office a 2.5 million relationship. Sally agrees and says the President is stupid and may be going through menopause.,1
Paula's train is delayed because someone died on the railroad tracks. She will let Trevor know when the train departs.,0
"The group is discussing a new kindergarten design and its lack of trees. Suzy and Dana argue that kindergartens should have more than just plastic, concrete, and wooden panels, while Brad thinks it's a great solution from",1
"Matthew asks Harley, David, Dylan and Toby to vote for his project. They do it. ",0
Mike ordered a big box of fruit.,0
Jessica is on a 2 weeks leave. According to Will she is overtired with work. Paula will text her.,0
Fiona is at a conference. She'll be coming back soon. Adam is smoking grass and playing Dark Souls. He will prepare a nice supper when Fiona comes back. ,0
"Buba is asking Esther and Vanessa which dress to pick for a Christmas party at work, and Esther suggests going for a dress with pockets while Vanessa thinks the first one has the best shape and the color of the last one is great",1
"The streets of Conakry are being protested against the 25% rise in fuel prices, causing unbearable traffic.",1
"Theo has pizza, May will be there in 5 with cash. ",0
"Claudia is back in town, but she's busy with work. Artur has been sick for a week.",0
"Sara and Martha discuss Sara's daughter Kyla's participation in a beauty pageant. Sara is concerned that Kyla may feel sad or self-conscious if she doesn't win, and wants to put more make up on her to make",1
Anthony went to Isaiah's classroom to borrow a math textbook but found out that Isaiah was in the hospital. Anthony was shocked and asked Isaiah everything that happened. Isaiah explained that he felt pain in his right stomach after getting off,1
Jen sent Paul an email. Paul will check it later. ,0
"Melanie recommends Angelica to watch True Detective, stating that it is rewarding despite following many details, and that there are lots of events and revelations in the episode.",1
Ana will come to Denis' birthday party tonight.,0
"Jake, Alex and Lily's class is held in room 214.",0
Greg passed his exam. He will come to the UK after his next exam.,0
"Emma has already watched the second season of ""Gravity Falls"" and recommends it, stating that it is just as good as the first season with witty humor and references. Noah is skeptical due to negative opinions he has heard online but",1
"Arthur is still unemployed and enjoys his current lifestyle of waking up late and watching sports. Leon offers him a job as a junior project manager at his friend's company, and provides him with the necessary details to apply.",1
Ellen and Paul are doing the redecoration and it takes a lot of time. They want to finish it by Christmas but workers are permanently late. Kate is looking forward for the housewarming party.,0
Matt and Nina just come back from a trip to Budapest in Hungary. They left on Tuesday and came back on Friday. ,0
Jan is selling cookies for charity. Jake is going to buy some soon.,0
Denny has an appointment at 10. He'll call Wilma afterwards.,0
Albert and Maurice are discussing a trip to Europe in August to visit old friends. Maurice is still in Brussels and Albert is asking about his location.,1
Jim likes it at college but has some problems with his roommates who make noise.,0
"The group is discussing different ways to relax and find inner peace, including taking a warm bath, doing physical activities, listening to music, reading, watching comedy, practicing yoga and meditation.",1
Hope and Rosa are planning a nice evening with close friends at Hope's apartment. Rosa suggests bringing some appetizers and will arrive at 7:30 pm.,1
Abi had some work to send in the morning. She can't sleep now and feels like she's going slightly mad.,0
Jen informed Paul to check his email and let her know his thoughts once he has a chance.,1
Mia is sick. James will bring mac & cheese to comfort her.,0
Adonis helps Zenobia find building 42 by giving her directions and pointing out landmarks.,1
"Lucas and Torreira are having a conversation about their mutual friend Sophie, with Lucas expressing his enjoyment of her while Torreira acknowledges that she can be too much at times, but still considers her a good friend.",1
Sofia will visit Veronica next weekend. Veronica's daughter Annie likes Sophie. ,0
Loreen lost her Internet connection. Melissa and Peter have booked a holiday apartment on Lake Constance for New Year's Eve. Loreen might spend 4 weeks in Cuba. She won't rent a car. Loreen will go down for breakfast soon.,0
Veronica and Megan postpone their meeting with other girls till next Friday because Kate is unavailable this Friday. There is variety of bars in Down Street. Megan does not know where Negroni is served.,0
Dave is proud of Ben who made it to the regionals in football. He filmed a bit of the match and Sandra was there to support him. John is also watching Mattie on Saturday at 3.30 for the juniors,1
"Arthur, Lisa and Kevin are meeting today at 4.30. Rachel cannot join them.",0
Foley is unable to find 50 boxes to refund immediately and asks Justin to give him 10 minutes to check with his father.,1
Betty is at the doctor's with Granny. Paul is looking for Granny's hearing aid and finds it on Toby's pillow.,0
Hugh suggests James turn on the TV to Channel 4 to see his ex-girlfriend. James reacts with surprise and shock.,1
"Mat, Phil and Peter are going to the theater. Peter bought the tickets. Mat will pick up Phil at 6:30.",0
Joe and Kelly were out together on Saturday. They drank a lot. Kelly lost one of her shoes on the bus. Joe is going to Liam's party on Friday but Kelly is not. Kelly will be 25 soon. Joe and Kelly will see each other on Sunday at the pub.,0
Amber and Ivy hate Miss Smith while Gracie thinks she's nice. Amber wishes for Miss Smith to die in a fire while Ivy calls Gracie crazy for defending her. Gracie tells Amber to study more,1
"Lisa and Kendra don't know what to eat for dinner. Kendra does most of the cooking, although they're both busy at work. Lisa will think of something for dinner.",0
"Elizabeth found a cheap flight to Mallorca in February for 30$ per person and Tom agreed to take it, while Elizabeth asked him to find a cheap but reasonable airbnb.",1
"Lee informs Mason that the betting site is back online and the markets are fair, so Mason should check it out.",1
Sandra expresses her dislike for Jimmy while Jimmy tries to defend their friendship and denies any wrongdoing.,1
Rasheed and Rudy reminisce about a photo of Jennifer taken in July 2010 and comment on how much time has passed since then. They also discuss how Jennifer has changed and how they are both getting older.,1
"Mary, Caroline and John where at Thabo's fashion show. Thabo used ethnic elements from Basotho tribe. He's from Maseru, Lesotho and he wants to promote Basotho culture. Louis Vuitton used Basotho blankets in his collection.",0
Frank is at the Sports Direct store on the ground floor outside Morrisons and Rosie is on her way to meet him there.,1
"Ford, Gary, and Gerard discuss the time to pick up Gary and plan to crash a party.",1
The group is discussing their favorite superheroes and engaging in a hypothetical battle between them.,1
Nicky's cancelling this Wednesday's meeting with Kim and Sam. She'll get in touch to reschedule.,0
Peter and Mary are talking about their plans to spend time together once Peter returns home in two days. Mary expresses her excitement and Peter assures her that they will have a great time together.,1
"Steve, Brian, Jane and Charlotte are looking for a new worker from February. Steve will call a guy who's sent them a resume even if they aren't convinced to hire him.",0
"Bart, Matthew, and Mike are discussing whether or not to go to the location where Greg proposed for New Year's Eve. They are hesitant due to the long drive and the possibility of it being worse on the way back. Matthew suggests",1
"Johnny, Sara and Kent will meet in the soccer field.",0
Sophie doesn't have to retake her classes. Today she has to stay home and write her thesis. She had a fight with her mom. She will meet with Alec at 8.,0
Dave is meeting Seth at the front in a second.,0
"According to Wikipedia, there are three countries that don't recognise North Korea: USA, Japan and France.",0
Toby is in Monrovia and will be back on Monday. Jim doesn't have Toby's number.,0
"Lara, a friend of Jenny Smith, offers to be a babysitter for Tom's 4-year-old daughter during their working hours from 7:30 to 17:00 and sometimes in the evenings",1
Zoe is departing around 12 to be there at 3 pm. Owen's suit is ready.,0
Betty warned Steven about some cancer-causing part of his diet. He refuses to avoid it.,0
"Joyce and Maria are discussing something they saw and found amusing, causing them to laugh out loud.",1
"Hiro is coming back home, to Nel.",0
Anna would like to buy a watch for her partner's birthday. Austin will help her pick one while shopping together.,0
Amanda invites Linda to go to the cinema together since Jane stood her up. Linda agrees and they meet at the specified location and time.,1
"Naomi asks Jeremy if it's cold in the gym today, and Jeremy responds that it is because they are economizing on heating. Jeff agrees, saying it's horrible.",1
Audrina and Selena both got drunk last night.,1
Jackie shares a picture of her boots. ,0
Sophia is helping David with his test in 1 hour.,0
"Mat missed the bus and was annoyed, but found money on the ground and used it to buy sweets and chocolate.",1
Mike wants to go out with Suzie but she refuses.,0
Don doesn't want anything special for Christmas. He would like to spend some time with June.,0
"Bernie, Chris, and Marty are discussing the possibility of going to a concert together. Bernie suggests that he may be able to convince his wife to go, while Chris agrees to talk to his wife about it. Marty confirms that he",1
Eleonor is moving to Barcelona. Stef is still in Munich. Stef gave Eleonor's address to a friend. Eleonor met that friend and enjoyed it. Eleonor asks Stef if she has more information on a certain topic. Stef asks around and sends Eleonor her friend's opinion on that matter. ,0
"There are some new arrivals in the library, such as the companion about Jewish history.",0
"Beth, Poppy, Molly and Pauline love their children but they don't enjoy motherhood. Beth wants to talk about it more often.",0
Samantha sends Benjamin an offer. It got cheaper so they need to buy now. ,0
"Clark recommends the book ""The Five People You Will Meet in Heaven"" and encourages Emily to start reading it without further hesitation.",1
"Jeremy is unable to log into his work account and has been experiencing problems with it for some time. John suggests that Jeremy check his login and password, but Jeremy is sure that they are correct. John suggests that Jeremy contact tech support for assistance. Jeremy",1
Ashley is temporarily living in Warsaw. She stays busy and doesn't like the cold. Tim will call her on Wednesday around noon.,0
Angelina and Helen are discussing a picture of Max that was posted on Instagram. Angelina thinks Max is handsome while Helen is not sure. Helen reveals that she prefers Dan because he has been nice to her recently. Angelina is not interested in,1
"Adam's dog, Biscuit, is sick with diarrhea and Adam is on his way to the vet. Jean is worried and asks if Adam knows what happened to Biscuit. Adam doesn't know and is on the",1
Bulgaria gave the world yogurt. Harry needs this information for his homework.,0
"Chris went to Sawyer's and found out the prices are much higher here than in Bath. Ruth and Chris enjoy some aspects of the shop. Xavier is having a drink as he's meeting his cousins in the evening, that he dislikes. ",0
"Jason is concerned about Holly after she fell down and asks if she needs help. Holly assures him that she is okay and tells him where she is. Jason offers to pick her up if she needs help, but Holly says she is fine and can",1
Yuri and Tom agree that the gif resembles the pirate.,0
Tommy and his brother are getting the new Beatles collection for their dad's birthday. Diana bought a set of four ties. Tommy can come over 5-5.30. Tommy's grandma is getting better after the operation. Tommy's Aunt Irene is coming tomorrow as well. ,0
"Mark has been to Paris twice and liked combinations of wine and cheese. Josh doesn't like food very much, he's a great fan of sports. ",0
"Rory is seeking advice on whether to classify her Australian visa as business or tourist, and receives conflicting opinions from her colleagues. She decides to email HR for clarification and will forward their response to the group.",1
Greg is not feeling well but does not want Anna to come over.,0
Joe got married but they split so he is back in Newport. Kelly works in the bank and is hoping for promotion. Joe will pop into the bank on Friday and they go out for a drink.,0
"Kate has taken Bonzo to the vet and he has been admitted. Jake is worried and asks if he should come, but Kate says no as Bonzo has a stomachache and they are waiting for the results. Jake becomes anxious and asks what if",1
Jennifer is graduating this year. William is graduating next year. He needs to retake some classes to get into Law. ,0
"Anna Telka is considering disqualifying herself from a competition again due to her love for cream cones, and Jake finds it amusing.",1
"Lucas and Anna wanted to join Miranda on her 3-day trip in London, but the flights were sold out.",0
Peter will pick up the invitation to the New Year's party at the office tomorrow by 5 pm.,0
Fiona sends Piotr her photo from Halloween 1999.,0
Nina will join Tim and Alice in the main room.,0
"Bob drops off a parcel for Sue and thanks her, Sue confirms that they know to deliver it to her door, Bob expresses his appreciation for good neighbors while Sue responds with a laughing emoji.",1
Julian responds dismissively to Richard's concern about his well-being.,1
"Dwayne and Jasmine are having a conversation about the differences in language between the British and Americans, with Jasmine arguing that the British invented the language but the Americans perfected it. Dwayne becomes frustrated with the argument and decides",1
Mella calls Marcin because she can't contact Sebastian. Sebastian has a hangover. He is calling her.,0
Noah and Ron will go for a basketball practice on Saturday from 8 to 12 AM. ,0
Susie has to wait a bit for a contractor who is stuck in traffic. Susie will call Sean when CPS finishes their job.,0
"Eleanor is wearing a transparent black robe when Sawyer opens the door, and she always wears underwear when she takes a shower in it. Sawyer suggests taking a photo of her wearing the robe, but Eleanor explains",1
"Blake and Alexis have a heated argument about Alexis' influence on their son, Steven. Blake believes that Alexis has a negative impact on him, while Alexis believes that she is his mother and knows what is best for him. The conversation",1
"Lucas is busy with work and studies and doesn't have time for himself, Giles advises him to take some rest, but Lucas doesn't have that option as his boss requires him to be present at least 4 days a week and",1
Dan saw the doctor because he suspected cancer and his mother died of it. He should do regular check-ups.,0
"Hugh and Naomi are discussing the arrival of winter and the need to prepare for it, with Naomi expressing her dislike for the cold weather and Hugh acknowledging the inevitability of the season.",1
Mustafa baked some cookies. ,0
Chiellini is in Spain now. ,0
"Don and Al discuss the president's decision to shut down the government in order to build a wall on the U.S.-Mexico border, and speculate about what the president might do next once the wall is built.",1
Ioanna started her first day at work and her colleagues wished her luck and success.,1
Matt wants to go on a date with someone. He opposed to using Tinder. He goes out a lot. ,0
Joanna's doctor forbid her to do yoga because she has back problems. She does ashtanga yoga. She find sivanada yoga boring. Paula goes to Lotus studio for classes with Tina. Joanna will try this class and bring her medical files to consult with the therapist.,0
"Ken excitedly announces that Rowley is going to be a father, but when David asks if it's with Kelly, Ken reveals that Rowley had an affair and fathered a child with someone else, who refused to abort the baby.",1
Mark asked Adam to give him the address of the hotel he stayed at last summer.,0
"Farah wants to go on a funfair with Ria. Ria cannot afford it, she has recently lost her job because of punctuality issues.",0
"Steve and Nick plan to go for a swim after work, Nick finishes at 5 pm and Steve finishes at 4 pm, they will take Steve's car and go to a new burger place afterwards. Jackie can't come",1
"Jeff, Mary and Tommy are going to a supermarket tomorrow.",0
Mary made a vegan celery casserole. Agnes is allergic to hazelnuts. ,0
Nick will arrive in 10 minutes.,0
Iona requested some water and Will obliged.,1
"Brie and Maddie discuss Amy's recent breakup, which they both find surprising due to her and her ex's apparent strong connection.",1
Tom wants to borrow Alan's car but Alan needs to ask Sally first.,0
"The group recommends the Spanish horror film ""Rec"" as it is psychological and not just gore. They suggest starting with the first one and avoiding the sequels.",1
Lang found an xbox on ebay. He's been looking for it for a month. Hugo and Lang are meeting tomorrow to assess its condition.,0
"Aaliyah asked Michael to check if she had turned off her flat iron, which was in the bathroom and was off. She thanked him and mentioned she was meeting with Kelly and would be back at about 10 p.m.",1
David is cold again and would like to know what to do to stay healthy. Hayden eats a lot of vegetables and make smoothies. Hayden encourages David to do the same. David will try to make a smoothie the next day.,0
Charlotte is arriving at 22:25. Oscar arranged the dinner and movie evening with Charlotte's mum tomorrow. Charlotte wants to take her mum by surprise by jumping out of a big box. Charlotte will let Oscar know when she gets to the building.,0
Johnny forgot his lunch and money. Joan will bring it to the school office in about twenty minutes.,0
Tom's coming to Gina tomorrow.,0
Lily is feeling down and Sandra invites her to meet up.,1
"Barry, Kelly and Jen are trying to find a date in June convenient for everyone for a trip.",0
Clark wants to know how to write an array as a pointer. Cristian suggest googling it.,0
"The group is discussing their attendance at an integration party tomorrow, with Chantal, Meghan, and Anne all planning to go, while Maggie is not. They express surprise that Maggie is not attending and speculate that she is antisocial.",1
"Joshua invites Mariah to have a drink, but she declines because she has homework, and Ralph makes a derogatory comment about Mariah.",1
"Lynn is trying to convince Greg to go to the sales with her, but Greg is not interested and Lynn is disappointed.",1
"John, Barry, and Alison express their appreciation for the dinner prepared by John's mom and praise her cooking skills.",1
"Dan inquired about Veronica's plans for tonight, but she hasn't finished yet, so she doesn't know, and Dan agreed to be called after she figures it out.",1
Jane and George are going swimming. Sandra reckons it's too cold. Sandra is going to the swimming pool and having a hot cup of tea afterwards.  ,0
Ben needs Uncle Joe's number for his car issue and Adam is unable to provide it as he doesn't have it either. Adam needs to check with his father before he can provide the number. Ben is not in a rush and has borrow,1
Esme is furious about Jason not inviting her to the party. Summer can't understand his behavior.,0
"Don agrees to pick up Carly's car and have it fixed, and assures her that David is not ignoring her. Carly expresses her gratitude and asks for an estimated time of arrival. Don tries to get hold of the garage to",1
"Jackie landed a job teaching history in an elementary school and is excited about it, despite never having used her history degree before.",1
Randy used to love his previous job but he didn't earn enough. Randy found a new one that is ok but it's well-paid.,0
Juan is almost 45 minutes late. He'll be there in 15 minutes. ,0
Eve has Netflix. Paul does not have Netflix. Greg will share a Netflix account with Paul.,0
"Georgia, Michaela and Daniela will have a picnic at the botanic garden.",0
Doug and Luke are appalled by Jim's Facebook post in which he is happy about a politician's death. They are remembering the good old times.,0
Donna tells Wesley that she will pick him up today 15 min later.,0
Ann applied for postgraduate studies and is excited about it. She plans to change work and is looking for a paid internship to gain experience. She is aware of the financial challenges and is ready to make sacrifices. Diana supports her and encourages,1
Corbin would like to buy his mother a dress for birthday. Jenna suggests a shop where he can get one and offers help.,0
Brian is running late and will meet Leo at the gate. Leo suggests doing a few rounds to warm up before they start their 5-mile run.,1
Carson wants Trojanski go and accompany him while smoking even though Trojanski doesn't smoke. ,0
"Bruce and Kelly are discussing the loss of their dog, with Kelly expressing concern and Bruce mentioning an open back door. Kate then reveals that she was walking the dog on Monday and had forgotten to tell them.",1
"Jeff and Rachel are having lunch at the Marriott downtown and invite Tom to join them. Tom is unable to as he needs to shower and have coffee first, but agrees to write them when he's on his way.",1
Tony told his parents. It went well. His mother knew it already. His father was not very happy.,0
Neither Anita nor Casper liked the ending of Dexter. Anita recommends Peaky Blinders.,0
"Greg informs his mother that he cannot come to dinner because he has to go to the library with Mary, and his mother leaves the dinner in the oven for him.",1
"Terry, John and Helmut are studying in Denmark and they're pleased with that. Liam's thinking about joining them there.",0
"There will be a conference in Accra. The deadline for applying is 21st of January. Lucy would like to apply, but Howard can't join as he needs to focus on his PhD.",0
"Cindy and Maria are excited about Monsta-X's new album, which is coming out on July 7th, as it is Hwi's birthday. Cindy particularly likes Hwi and is thrilled about the news",1
Nicki is nervous about singing the anthem at the game but Yannick reassures her that it's a huge privilege and she will be fine. Nicki hopes she won't forget the lyrics and needs to rehearse. Y,1
"Paulina and Patricia are discussing their homework assignments, which seem challenging despite appearing easy at first glance. They both agree that online classes can be difficult as well. Patricia's final exam for Northern Studies 308 is an",1
The wedding was normal and she looked wonderful. Jim did not get too drunk and he behaved well. The party was good and Kate came back home at 6 am.,0
Cam is trying to convince Lucky that his favourite band's new song is awesome.,0
"Holly convinces Alfie that his name is cool and suggests the nickname ""Trey"" if he wants a shorter version.",1
Kelvin and Candy had a pleasant conversation where they exchanged numbers and agreed to meet again.,1
"Pauline is throwing a surprise 30th birthday party for Chris, her fiancee. She is also planning a baby shower. ",0
"The group is having a disagreement about whether or not to pay for additional insurance, with Nancy and Chuck arguing against it while Donald and Joseph support it. The conversation ends in a stalemate with Donald refusing to pay for it himself.",1
"Hannah's neighbors are having a heated argument that escalated to the point of breaking glass, and Maggie and Vince suggest that she call the police to prevent any harm from coming to them.",1
Gina will talk to Jerry in half an hour.,0
"Amanda, Celine and Robert have a biology test next Tuesday so they have a week to study. Nick will study one day before as he always gets an ''A''.",0
"Patrick and Will discuss playing a new game together, but they have other plans for the day. Will agrees to wait and they plan to play the game tomorrow with one more person needed, Patrick asks Gary to join and he confirms. Will is",1
Daisy will save episode 9 of Suits on a flash drive and give it to Luke.,0
Buba is choosing a dress for a Christmas party at work. Esther suggests the one with pockets. Vanessa thinks the first one is the best with some accessories.,0
Alyssa and Kate advise Joselyn to choose the red one instead of the black one.,0
"Lucas invites Ivy to a concert at the Irish Pub on Monday, but Ivy is unsure if she can go because she needs to study for an exam on Thursday.",1
Thomas did not get up yet. Jennie left something for Thomas in the kitchen .,0
"James informs May that there has been a burglary at their home, and that the police are there to investigate. May is worried about their safety and wants to return home, but James reassures her that everything is under control and that there",1
Jesse agrees to pick up Owen and is a lifesaver for Ella who is in a bind.,1
Finn requests Lyla to put on channel 7 because it plays the last season of CSI: Las Vegas.,1
"Niidia is worried about failing a quiz, but Karina thinks Niidia is being overly dramatic and will likely do well.",1
Sam bought breakfast for Anna and is waiting for her to come out to pick it up. Anna is already there and they are discussing the food and Anna is waiting for Sam to leave with the food.,1
Todd will come to Peter's place to borrow his sleeping bag at 8 pm tomorrow. They will drink beer.,0
Stan is stuck in a traffic jam.,0
William and Ann are going on vacation to the Azores after datin for 6 months.,0
"Jenny invites Tom to have a beer or vodka after work, they plan to have dinner first and then go drinking. Jenny asks Tom to pick her up from work and to take her high heels.",1
"Deborah forgot her wallet and needs to go back to get it, Shawn tells her to hurry.",1
Bill just shared the video from last week's trip with Tom and Martha.,0
"Kim is in a bad mood because she procrastinated on doing university work and organizing her room. She plans to do everything tomorrow. Instead of shopping, she will eat defrosted vegetables. Tim recommends using the Pomodoro technique",1
Mat hasn't his presentation with him.,0
Ally wants to organise a meeting this weekend. Abigail doesn't wan to go because she's busy and she doesn't like this kind of meetings. ,0
Paula and Jim have paid for the entrance but didn't receive confirmations. They will print out their bank receipts.,0
"Camille, Bill, Jerome and Mike and some Claudia's university friends are collecting money $15 each for Claudia's birthday. They may buy her Radiohead's concert ticket.",0
Samantha informed James that her father would not be arriving early that night and did not provide any further details on his whereabouts.,1
Jane would like to watch Gossip Girl.,0
Shirley is taking Blake out for dinner and they will be having lobster.,1
"Brad send Suzy and Dana a picture of new kindergarten. Suzy loves the design. Dana doesn't like lack of trees, she think kids could use some variety in their environment. For Suzy and Brad the kindergarten's proximity to work is most important. ",0
"Ann asked Tom if he was still at Tesco and if he could buy them some bread, to which Tom replied that he had already done so.",1
Dad spent his anniversary at Niagara-on-the-Lake on Sunday. His back is acting up so he went to see a doctor today and was prescribed medications. Bobby used to exercise and take painkillers to help with his back. He will pass the information about the book to Dad tomorrow.,0
Andy and Gary'll have a lunch in the canteen in 3 minutes.,0
Kelly's dad is ill and has to stay at home for a month. Kelly will visit him after work tomorrow. Maggie wants Kelly to be vigilant in terms of high-calorie foods.,0
Melvin is leaving Milan tomorrow. He will buy amaretti and nocciolato gianduja at Liz's request.,0
"Adam received an F on his assignment because it was off-topic, and he plans to talk to the teacher to dispute the grade.",1
Margaret's sister said that her dress for the office Christmas Party is too revealing. Her boss and his wife are going to be there. She considers wearing another dress.,0
"On Saturday Matthew will be available after 6 pm, when his training finishes. Matthew will call Alice tomorrow afternoon to set their appointment.",0
Bob has been traveling to Africa recently. He will meet with Madeleine for dinner tomorrow to tell her an interesting story.,0
"Emma tries to negotiate the price of a red skirt with Aubrey, but Aubrey is firm on the original price of 140 dollars. Emma eventually agrees to pay 30 dollars for the skirt, provided that Aubrey offers free",1
"Hun isn't upset with Jim anymore after seeing a couple fight over fries. She promises to order something small for herself next time, even if she doesn't feel hungry.",0
The computer mouse doesn't work. Emma needs a new one now to make an assignment for tomorrow. William will do something. ,0
"Grace estimates that she used approximately 340 grams of vegetables per portion when making soup, but is not certain and apologizes. Julian thanks her.",1
Alan and Drew are waiting for a decision about the house. Alan feels their offer is better. ,0
"Ruby suggests a recipe for seared sausage with cabbage and apples, but Lisa does not have all the necessary ingredients, so they need to find another recipe.",1
"Grace is frustrated that she cannot access certain videos and performances due to her location in England, and Delia tries to console her by assuring her that it is not England's fault.",1
Clare congratulated Estera on her wedding.,0
Anette reminds everyone about the upcoming party and encourages them to come. She also mentions that there will be snacks and wine available.,1
Meghan and Lily are discussing their hometowns and Lily reveals she used to live in the countryside while Meghan is from New York City.,1
Pietro fooled Mike into believing he broke up with Annie. Pietro and Annie watched Juventus match yesterday.,0
"Miriam invites Marie, Kevin, and Oscar for pizza. Marie can't make it as she's flying to Germany early tomorrow, while Kevin and Oscar accept the invitation. Marie expresses regret for not being able to join.",1
"Harriet and Ben decide to leave the cloister and go to the library instead, as it is too cold for Harriet in the cloister. Charlotte and Vincent remain in the cloister to study.",1
"Daniel recommends starting with the first book of the Discworld series and following the order of release, as he did, to fully experience and understand the characters and storylines.",1
Ula is angry with Molly for not standing by her during a humiliating incident at school. Molly apologizes and offers to take Ula out for ice cream to make it up to her.,1
"As part of his school work, Amos asks Timothy who would be the ideal president of the USA. For Timothy, it would be Trump because he's tough and can fight problems.",0
Abigail introduced Brian to Don and explained the purpose of the chat. Brian and Don discussed their knowledge and Brian invited Don to ask any further questions.,1
Dave is attending his aunt's brother funeral today.,0
Lea will make an advert for Sash's van business. Sash and Lea will meet tomorrow.,0
"That actress is amazing. They consider booking tickets for Chekhov's ""Three Sisters"" later this year to see her perform.",0
"Olenna updates Luciano about Bella's anxiety when she met Diego, but mentions that Diego seemed calm around her. She also sends photos of the dog to Charlie, who is excited to see them.",1
"George asks Harry if he has Amy's number and Harry asks if George wants to ask her out. Lucas reveals that he has her number but only for a price, which George agrees to pay. Lucas then asks for two beers as payment.",1
Cora left her phone at Darcy's place. ,0
Adrian recommends considering a lunchpad for making music as a potential gift.,1
Nick decided to buy an induction hob.,0
Peter understands how the app works now.,0
Bryson is coming to room 14a. She's about to check the list.,0
Khloe didn't switch the motor on.,0
"Noah is reading ""The Lord of The Rings"" for the 7th time. Trevor is reading Philip Roth's ""American Pastoral"". ",0
"Betty is going to the beach and invited Camille and Jordan to join her. They all agreed to meet at the same spot they went to last time. Camille is leaving soon, while Jordan needs to do some grocery shopping before joining them.",1
"Draco confirms that he saw Hermione today and that she was dressed provocatively, causing all of his feelings for her to disappear. Harry is shocked and asks what Draco will do, to which Draco responds that he will do",1
"Piatek stroke two goals in a debut, as Martin reports. ",0
Ken and Larry are discussing the concert and how it was great for Larry to finally see Uriah Heep live. Ken mentions that he has seen them before in Germany and London.,1
"Flo and Jane are working in the same shop, near Le Bon Marché. Frank is back to school, but Ted is not. He will try on February. Mum and Peter are dong well.",0
Adam is displeased with his HP laptop which broke down 3 times in a year. Kevin is an Asus fan.,0
Ayehsa has started jogging.,0
"Jeff, Jum and Geoffrey will play football at the weekend after arranging the team and place.",0
Dinny had a meeting at work. Tessa is on her way to Cuba. Harr did grocery shopping for the weekend and is going to cook. ,0
"Kelly is sick. Ally made her chicken soup, and she'll deliver it to Kelly in 20 minutes.",0
"Jack is angry and frustrated that Archie has not yet gotten the car, and is repeatedly asking if he has gotten it yet.",1
"The band has been invited to play at a university event next month, where guests from abroad are expected. The university is offering 300 dollars to the band to share, and they want the band to play for no more than an hour.",1
Greg cannot pick up Jim's phone call because he is in the restroom.,0
"Sandy refuses to allow Joanna to sleep at Jenny's and go to a concert, stating that Joanna has known about the concert for weeks and has tried to trick her.",1
"Linda tells Peter and Paul that Lucy, a ""bitch"" who is ""crazy"", spat on James while he was standing in front of the university talking to friends, for no apparent reason.",1
"Carly and Rob talk about the dogs, Molly and Luna. They also talk about the weather. Lennon and his girlfriend are doing a car boot tomorrow. Carly will visit Rob.",0
"Ruth and Sammy are meeting Linda for dinner on Friday 12th at her place. Before dinner Sammy's going to the hairdresser. They have a wedding on Saturday. Sammy eats neither red meat nor duck, so Linda will have to cook something else. Linda is bringing dessert.",0
"Tracy is desperate to save a burnt cake and asks for suggestions. Nick suggests peeling it with a knife, but Dylan thinks it will be ragged. Tracy tries the unburnt side and then uses a cheese grater to gr",1
Darryl and Hank discuss the missing keys to their safe and Hank suggests calling Saul to help find them.,1
"Fran, who is stressed with work and has trouble sleeping and exercising, contacts Faith, a yoga teacher, through a friend's referral. Faith assures Fran that yoga is suitable for all ages and body sizes, and that there are modifications",1
"Magic told the reporters that he was contacted by Simmons for potential mentoring next summer. Since Philly's General Manager didn't allow it, NBA is investigating the issue now.",0
Penny and Stan exchange happy holiday greetings with smiling and starry eyes emojis.,1
"Karina won't meet Haydee in her hometown. Karina will be back on Monday afternoon, while Haydee's plane leaves on Sunday at 20:45. ",0
Arnold is going to visit Lisa in 10 minutes.,0
Amelia has to cancel the meeting because her car broke down. The help is on their way. Amelia and Isla are going to meet another day.,0
Megan will not come to work today because she is sick. Alessandra needs Megan to sign papers. Megan will sign the papers on Friday.,0
"Ben and Nathaniel had a test. Nathaniel is sure he won't pass it, while Ben is optimistic about his result. Ben will share his notes with Nathaniel.",0
"John and Bob are both going to the dentist today. As a result, they can't go cycling with Megan.",0
Thomas is waiting for his turn at the doctor's. Thomas and Jason agree that all public services in their country need radical reform.,0
"Ashley accuses Josh of cheating on her with Payton, and Josh denies it, but Ashley doesn't believe him and ends the relationship.",1
Brian will go to Trader Joe's to buy chocolate almonds for Rachel. They will make chicken parmesan for dinner.,0
Caroline is a German translator. Vanessa will email her the documents she needs translated. Caroline will respond from home in the afternoon.,0
"Nina congratulates Betty on her acceptance to study photography and encourages her to tell her parents, despite her fears. Nina also offers to visit Betty on campus and expresses her pride in her.",1
John can cover Kyle at work on Friday from 10-3. ,0
Nina is on her way to meet a client and has a quick lunch beforehand. She mentions that the project has not been easy but they will discuss it in the office. Ned gives her some hints about the project and wishes her luck on,1
"Chris, Ruth, and Xavier are discussing the high markup of items in a store, the good food selection, and the tea selection. Chris mentions that he found an item he bought earlier this week for a lower price and was disappointed to",1
"Luke grew an avocado out of the stone once. He also grew grapefruits, oranges, lemons. Once he shitted in a yucca plant pot belonging to his neighbor and he covered it with other soil. Then tomatoes grew out of the pot and the neighbor ate them.",0
"Diana invites Max to meet her parents, but Max thinks it's too early and they've only known each other for two weeks.",1
"Derek, Mike, Allison and Robert will play jenga on Friday at 6 in the evening at the Theater.",0
Carrie is watching Running Man and is enjoying it so much that she laughed a lot. Andy is also watching it and thinks it's funny. They discuss the cast and the episodes they've watched.,1
Lizzy and John were at the opening of Monica's gallery yesterday. Monica gave an interesting speech. Monica and Mark are together.,0
"Olivia and Jane are excited for a dance event happening tomorrow and are discussing the time they will meet up. Olivia will arrive at 6 am and Jane expects it to take an hour to go through security, so they will meet at 8",1
"Sarah suggests going to see the Bradley Cooper movie with Lady Gaga, but none of the others have seen it yet. They all agree to go see it together and Ashley and Lindsay suggest going tomorrow after 6pm. Sarah is okay",1
"Khabib has beaten McGregor. Khabib's trainer poked McGregor's trainer, which resulted in a brawl.",0
"Matteo is going to be late for the meeting at Jesus College, so Dan suggests they meet at the station instead. Arabella agrees and offers to bring sandwiches.",1
"Josephine wants Trevor to come over and cook something, but not beef.",0
"Julio is looking for a recipe for an overnight breakfast casserole and Polly suggests trying to find it online, but Julio can't find any that are the same as his family recipe which includes a special ingredient that he wouldn'",1
Rodney invites Dave to his apartment party on Friday at 8 PM. Dave agrees and asks if Ellie is invited. Rodney confirms that she is and mentions that she is no longer with Jack. Dave reveals that he has,1
Bella asks Edward to bring a notebook from her house to the office.,1
Sarah will come over to Diana's with white wine to drink after Diana has cooked for the kids and helped Jimmy with homework.,0
"Samara criticizes Jay's work and suggests he find better information, improve the tone, and ensure the strap line is included. Jay agrees to make these changes and they will work together on the sources.",1
Dan needs Martia to transfer 2500 to the home account. Dan has to make a transfer quickly and it would take a day from his bank.,0
Paul will feed the cats.,0
"Angie offers Charlotte leftover chili, and Charlotte accepts a big portion.",1
"Julia shared a quiz file with Andrea and Terry, who were excited to see it as they had discussed it earlier. Julia revealed her result, which was in the middle, and encouraged them to share theirs too.",1
Jess and Matt are meeting up and having a drink.,1
Simon is moving to Brussels and wants Frank to give him his vinyls back. Frank is happy to help and they plan to meet up for a beer before Simon leaves.,1
Jason and Polly want to do some role play during their sexy time today. Polly will be Jason's dirty nurse.,0
Dick is disturbing Jane because he wants to talk to her but she is working now. Dick is getting on Jane's nerves but she agrees to have lunch with him. They will see each other in the smoking room. ,0
Daisy is looking for a new dress for her sister's wedding in June. ,0
"Hal is in Paris, the weather is windy and rainy. He will come next week for holidays. Sergio, his neighbor will open the house and switch on the heater. The instructions are in the cellar. Sergio didn't manage to switch on the boiler. Hal's plumber will come the day after tomorrow at 7:30 am.",0
Micke and Dave think Wendy has become prettier since she came back from Houston. Jerry is Wendy's lover. Dave will hit on Wendy.,0
Justin is flirting with Corinne.,0
"Carter and Chloe are discussing Christmas and the fact that it's almost here, while Carter is expressing his disinterest in socks as a gift, Chloe suggests that she will buy him new socks. Victoria then joins the conversation and shares",1
Miles and Dax are having Dad's chicken wings tonight.,0
"George asks Peter about Brexit. Peter is upset about this topic. In his opinion the politicians don't work effectively. For Peter the simplest thing to do would be to withdraw Article 50, stay in and make much trouble for Merkel and Macron. Peter would rather talk about something else.",0
Olivia is dressing up as a fairy or a witch or something else. Olivia didn't have a costume last time. Amelia is seeing Olivia at 6 pm at Olivia's to go shopping. Olivia and Amelia will figure her costume out together. ,0
Anne plans to take the bus to the party and then call an Uber for her return trip.,1
Angela informs Nick that they are not buying anything for Pete's birthday and that Sarah suggested they all contribute to something bigger. Nick expresses his willingness to participate and asks Angela to keep him updated.,1
Ryanair lost Theresa's luggage. Theresa has to wait in the hotel for Ryanair to track the suitcase. She will see if she can get any compensation.,0
"Alice recommends the Tesco gas station out of town, stating that it consistently has cheaper prices, usually a few cents per litre less than other stations.",1
"Jeffrey is considering driving for Uber to earn extra money to buy a new flat screen TV, and Shannon is surprised but supportive of the idea.",1
"Kate and Caroline are neighbors who are discussing the possibility of meeting for a quick coffee, but Caroline is not available at the moment as she will be back in 2 hours. They agree to meet next time.",1
"George informs Angel that he has a class at the university and is currently taking a break, followed by more work and classes. Angel responds with good luck.",1
"The group has arrived in Bandar Seri Begawan and is looking for a place to meet for lunch. Mike suggests High Frequency Cafe, which is located on the 1st floor, Unit 5, Blk B Semp",1
"The group discusses whether it is mean to make waffles without children, with opinions ranging from ""very very mean"" to ""enjoy!"" and ""yummy!""",1
Rosie is on her way to meet Frank and will have to find him at Sports Direct.,0
Thomas and Sylvia will go to Dawid Podsiadlo's concert. They want to have one beer before.,0
"Poppy went on a speed date and nobody liked her, but she also met a creepy guy named Oliver who talked about Charlotte for the whole date despite Poppy's attempts to change the subject. Charlotte knows Oliver and finds him creepy.",1
Ross has broken his leg when playing with Brian. ,0
"The group is discussing whether to get a gas or induction hob for their kitchen. While some people prefer gas for its control, others prefer induction for its quick boiling time and ease of cleaning. Some also mentioned that induction hobs",1
"Josh and Abby are discussing something, and Abby says it works, but she's not completely sure. Josh is happy and tells her she can do it, and Abby thanks him.",1
R.city attended Samantha's solo launch. Samantha will probably see R.city soon.,0
"Mary and Tom discuss going to see Muse together in April, but Tom is hesitant because he may have too much work. Mary offers to buy the ticket for him if he cannot go, and they agree to the deal. Mary then orders the",1
"There was an explosion near Melissa's usual running spot. The cause was probably an old, faulty installation.",0
"Nicky asked Tim to buy milk and honey, and Tim agreed.",1
"Kim has a nice new job at a hotel. However, she sometimes needs to take night shifts, up to 3 times a week. She's busy accommodating her job with the university and doesn't get much sleep. Kim is coming back for this or next weekend - she will inform Kourtney. ",0
"Engelbert approaches Sasha and tries to strike up a conversation, but Sasha is not interested and dismisses him.",1
"Miranda invites Lucas and Anna to join her in London for the weekend, they book the flights and Anna discovers that everything is sold out.",1
Ela will be late and Vince will order pizza and orange juice for her.,0
"Sue provides Jack with Mary's phone number, which is 07911 123456.",1
Olek made a reservation for two people at POPs and Veronica thanks him.,1
Jason is going to play games all night during New Year's Eve. Mike doesn't understand that and offers him other alternatives. Jason is not convinced. For him NYE is nothing special.,0
"$100m are missing, as Ann reports. Liam voted for him during the presidential elections.",0
"Pierre advises Leon to be careful not to drink too much, while Leon tells him to relax and not worry too much about him. Pierre acknowledges that he knows Leon well and Leon agrees to be careful.",1
Donna looks good in a dress that costs $150. She will wait till it goes on sale.,0
"Hugo offers to get Leon and Elliot beers, with Leon requesting 3 beers and Elliot requesting a Sprite.",1
Millie plans to go home around 6PM and Ava asks her to let her know when she'll be close since Ava forgot her keys again.,1
Honey missed her morning classes and is struggling to keep up with her work. Sam offers to help her by meeting her before their history class.,1
Ani's company has financial problems. He's wondering if he should start looking for a new job. ,0
Mumbi bought some bad tomatoes last night. He can hey some fresh vegetables at Miriam's. Mumbi will call Miriam. ,0
Rebecca are candy today. Abigile found some restaurants for her and Rebecca to eat at.,0
Abigail tries to cheer up Olivia and Kate with an adorable cat video.,0
Ian has asked Maria to marry him to preserve his rights in Italy after Brexit as this is the least complicated option for him. Maria refused. Maria was born in Romania and doesn't feel genuinely Italian. Ian is upset with Maria. ,0
"Angelina and Jennifer will go to see ""First Man on the Moon"" on Friday around 7-8 PM at Cinema City Arkadia.",0
"Connor missed the bus and needs his mom to pick him up from school. His mom is at a meeting and can't leave right away, so they arrange for Connor to go to Randall's and she will pick him up there",1
Sam gets their first credit card and Tom cautions them about the potential dangers of debt.,1
"Taylor and June discuss scheduling a lesson for next week, with Taylor suggesting Monday or Tuesday, and June expressing uncertainty due to the change in summertime last weekend. They agree to stay in touch and Taylor assures June that there's no",1
"Alexander and Hannah discuss their previous misunderstanding, with Hannah expressing that she was not mad but frustrated that Alexander did not try to understand her. Alexander acknowledges the difficulty of admitting failure and respects Hannah's opinion. They both express their",1
John and Tyre's neighbour stopped John in the staircase and talked about some miracles for 15 minutes. John thinks that religious people are stupid. Tyre disagrees with this generalization.,0
"Felicity has been dating her boyfriend Joe for 7 months, they met in school and started talking in year 10. They broke up with their ex-boyfriends because of their sexual orientation, and Felicity is glad to hear about",1
"David cancels tonight's lesson with Frank. They will meet same time next Friday. Frank will email him the materials meant to cover tonight. In the future, David needs to inform Frank about canceling at least 24 hours in advance. ",0
"Tamara convinces Maria and Martha to attend a community meeting, as they live in the neighborhood and have an interest in discussing issues such as noise levels and waste sorting.",1
There was a mass shooting in California. ,0
Olivia has found a new group of Kpop dance. ,0
"Sarah informs Ashley and Trevor about the departmental meeting that will take place in the Emerald Room at 7PM, discussing mostly financial matters which is crucial for their project.",1
Danso recommends that Aslan goes to the bathroom.,0
Keaton is at his parents' house and Parker is watching a movie.,1
Anita is at the station in Bologna and everything is going smoothly.,1
"Conner got the jacket, shoes and a wig to match. Becky will take care of the playlist. Bryan won't make it. Gabby and Jo will be there.",0
"Jill cannot reach James, because he is on the phone with Ela. Jill asks him to end the convesation and call her immediately.",0
"Elisabeth asks if anyone is hungry and shares a photo of blueberry muffins. Jessica and Felicity express excitement and interest in the recipe, which Elisabeth provides along with a note that she added more sugar.",1
Penny's happy to work in a bigger office and cooperate with Holly whom Daniel perceives as smart. Daniel wants to introduce Penny to his photographer during lunch tomorrow but she can't come. Penny remembers that the photo session with both men is planned for the next week.,0
David and Patricia are discussing the new movie of Jonhy English and how funny it is. They are planning to go to the 21:40 session today and have dinner together. Patricia suggests a new Mexican place that does,1
"Martha had a dinner with her grandma, because she's broke. Dominique lost a lot of money on private health care.",0
Cora has had her hair cut short because she is travelling to the tropics.,0
Venus failed her practical driving test. Apollo will ask a driving instructor he knows to give her lessons.,0
"Grace and Ruth catch up and make plans to meet up the next day. Ruth offers Grace a piece of her pizza, but Grace declines due to embarrassment.",1
Maria ordered chicken wings.,0
"Ann Marie is trying to find the receipt for an Airbnb stay in Boston and asks Maria if she has it in her email. Maria checks and finds the receipt, which she forwards to Ann Marie. Ann Marie is grateful and inform",1
"Tracy and Nick are laughing about it being Pancake Day and also Hamster Day at the same time, while Dylan expresses concern for the hamster.",1
Natasha is free in 5 minutes for a call with Piper.  ,0
"Tina invites Ana to a pub tonight, but Ana forgets about Denis' birthday party. Tina reminds Ana that she needs a holiday, but Ana cannot go because of the bank project. Tina emphasizes the importance of Ana'",1
Paul and John confirm their plans for tomorrow.,1
"Sally confirms that Jason is leaving the company for a promotion to another division overseas, but will still be coming back for quarterly meetings. She does not reveal any specific details about the problems in the Asian plant or his role on the board.",1
"The group is discussing the reading assignment for tomorrow, which is an essay by Sontag titled ""Illness as Metaphor,"" but they are not sure which specific version to read and some are not interested in reading it at all.",1
"Greg will not go to the sales, even though on Sunday he agreed to go. Lynn is dissapointed.",0
Sarah is reading a book and watching TV. Gina will join her with some prosecco.,0
Brad informs Angie of a change in plans due to his mother being unable to pick up their children. Angie expresses that she cannot leave early and they discuss the possibility of the children staying at the kindergarten until 6:3,1
"Joe and Kelly catch up and reminisce about a night out. They joke about Kelly losing her shoe and Joe's drunken behavior. They also discuss their upcoming plans, including Liam's housewarming party.",1
"Joseph showed Roy a new meme and Roy approved of it, despite not knowing the context or where it comes from. Joseph promised to let Roy know if he finds out more about it.",1
"Paul asked Tony to send him his assignment, but Tony replied that he hasn't started it yet. Paul got frustrated and said okay forget it.",1
"William is in his final year of undergraduate studies and aims to pursue a career in law. He needs to retake some classes to improve his grades, but is hopeful that with more patience, he will succeed. Jennifer supports and wishes him luck",1
"Jacob is excited about moving to Colorado and exploring all the outdoor activities and beer breweries in the area, and Wendy is interested in visiting him once he settles in.",1
Alan will buy bubble wrap to pack a vase.,0
Noah did not treat Bianca well the other time.,0
Mark is organizing a trip to mountains next weekend and wants to take his car. It will be $100 for each person for 4 nights. Mark wants to meet with everyne on Saturday at 10 at his place.,0
Ben reminded Sandra about the submission deadline.,1
"Nestor is considering enrolling in various seminars that he finds interesting, but Aida advises against it, reminding him of the importance of maintaining good grades for his academic career. Aida also shares her own experience with regrett",1
Greta and Sue are excited to go see their friends perform in a play based on Master and Margarita on January 19th.,1
Linda asks Ian how his event is going and he replies that it's good with a nice crowd. Linda inquires if he arrived on time and he confirms that he did with 15 minutes to spare. He also ment,1
Charles photoshopped his family members and Christopher was disgusted by it.,0
Alice dropped her mobile phone into the bath and it's broken.,0
"Gary and Ricky are discussing food, with Ricky expressing that he is starving and on a diet, while Gary finds this surprising and expresses concern.",1
"Mat convinces Kim to go out to a new restaurant despite her initial reluctance, and they make plans to have dinner and go home afterwards.",1
Max and Leah have feelings for each other. Max prefers not to do anything because he's married to Amy.,0
Dorothy wants to get lunch with Ted but Ted is on holidays. Ted will call Dorothy on Monday.,0
Yasmine is expecting a friend from New Zealand who will stay in Dublin for a weekend before heading to Dublin. She plans to take her friend for a brunch on Sunday at All Nations.,1
"Pitt sent a message on Facebook Messenger to Teddy, but Teddy did not receive it, so he checked and found it.",1
"Amanda shares a photo of Peadar dropping his pint for the second time, and Tina and Jane speculate that he might be upset about the rugby, while Peadar responds with an angry emoji.",1
Louis found his tablet under his bed after Bonnie suggested he check that location.,1
Jacob is coming home in ten minutes and Sasha is excited because a good dinner is almost ready.,1
"Lizzy's been sick since Friday, but she's feeling a bit better. She's studying government. In March she will take the audiovisual exam.",0
Kelly got married.,0
"Kenneth invites people to the gym, but Susie and Chad are unable to go because of work and other obligations. Evan goes to the gym and only works on his hamstrings.",1
Daniel is coming to meet Dean after forgetting their planned swim.,1
"Sam will come to Dan's birthday party. Dan plans to have it at Muprhys at 8, but he has to book a table.",0
"Mike, Tom, Kate and Chris are discussing Narcos.",0
Kimberley is confused at first but then realizes that Maja is new to the group and offers to help with any questions Maja has about the subjects and lecturers.,1
Frank is going to the even. Louie needs to check up with Kylie and he will let Frank know.,0
Brian will walk the dog because Emily has to stay longer at work.,0
"Henry informs Rebecca that he won't be able to come today because he's not feeling well and might have the flu, and he wants to avoid passing it on to her. Rebecca understands and agrees that it's better for him to",1
"Beverly tells Donovan not to throw away a green plastic box containing expensive imported cheese that she got the day before, despite its bad smell, because it tastes delicious.",1
Casper and Wandzia reminisce about singing in high school while Jake laughs.,1
"Daina expresses disbelief and disappointment that Alvin is watching something she finds awful, while Alvin finds it funny and thinks Daina is sick.",1
Tobi and Maxx are going to a birthday party tomorrow. ,0
"Travis and Lana catch up after the holiday, discussing Travis' trip to Greece and Albania. Lana expresses interest in seeing more photos and plans to go on a holiday in September. They say goodbye and plan to meet again",1
"The group decides to go on a pub crawl, starting with eating and then drinking at various pubs and parks.",1
"Adrien suggests an idea for their show where he has an imaginary beard and randomly strokes it during the performance, then at the end he pretends to have lost it. Cathy thinks it's hilarious and they decide to do it.",1
Scarlett is in the bus with no toilet so she's afraid to drink anything even though it's 35 degrees. Andrew prefers his 10 degrees outside.,0
Jane's sent a document to Jones via e-mail.,0
"Robert and Bertrand were at a party last night. There was a lot of beer. Robert drunk a lot and was behaving strangely, insulting some girls.",0
"Sue is looking for people to help her organize the Christmas fair and four people, including Angelica, Roger, Harriet, and their children, offer their help. Sue is grateful and thinks they will have enough help. They agree to discuss the details",1
Mike is celebrating Valentine's day with Cabernet. Meg wonders if she can join him. ,0
Lillian checks in on Layla who has been feeling unwell and offers words of encouragement and support.,1
Jackson told Paige that Hailey cheated on Zach with his best friend.,0
"Alex thanks Ania for her wishes and informs her that Gil will be traveling a lot to Bruxelles, but they will still remain in Barcelona. Ania expresses her surprise and asks if Gil is still traveling to Warsaw. Alex inform",1
"Vicky shares with Frank that during family dinner, her mother criticized her decision to study abroad and started arguing with her father, who was supportive. Vicky thinks their parents are aliens who have adopted and raised them, but are now afraid of",1
Pamela confirms her attendance to Larry's birthday and informs Jennifer that her brother might also be attending.,1
Kadisha and Waldemar share funny videos.,0
Anne passed her G2 driving test and is now the main driver. Jake congratulates her and they discuss when Anne will pick up her permit and how they should celebrate. Anne invites Vicki and John to the celebration since they helped her,1
"Mustafa baked cookies and Oliver asked him to bring them to the office tomorrow, while Matthew expressed doubt that they would last.",1
"Lil is planning to attend a party in the evening and may be late. She asks if she should bring wine and snacks, and Graham suggests that wine will be fine as Julia has already taken care of snacks. They discuss outfits and",1
Margaret takes her umbrella in case it starts raining.,1
"Ashley invites Eric to a dinner with her sister and brother-in-law, but Eric is hesitant because they often fight. Ashley insists that they are family and they should go, but Eric argues that they spend most",1
Lora is taking a few days off from work because she is overwhelmed and needs some time to relax.,1
"Sarah and Jason catch up and discuss their recent activities. Jason recommends a cafe to Sarah, who tries it for the first time that night. They also talk about their job searches and Jason shares how he landed his new job.",1
"Blaire tells Tom that he's not her type, and Tom expresses disappointment and then accepts it.",1
"Jill is jealous of her upstairs neighbors having sex and Jack teases her about it, suggesting they should knock on their door at 10pm. Jill is too embarrassed to do so, but Jack thinks it's silly. They then",1
Joseph thinks the diamond is visible in the model with six holds that Manesh has sent him.,0
Paula and Camile discussed a fascinating article about rhetoric.,1
"Isabelle and Riley are preparing for a test and discussing their readiness. Riley teases Isabelle about sitting next to her, and they exchange affectionate messages.",1
Tero launched his game. Alleatha bought Tero's game.,0
"Neil showed Jerry a photo of them in China and they both laughed and reminisced about the trip, wishing they could go back.",1
"Bart asks El for a reference letter for a new job, and El agrees to write one after Bart sends a list of his responsibilities.",1
"Victor and David are unhappy with the increase in prices at their gym. Victor is going to try to find something closer to work, whereas David will stick to this gym as long as the prices won't increase once again.",0
"Jack and Zack are discussing playing a game together and catching up. Jack laments about how fast life moves and how they aren't married or have kids yet, while Zack finds it surprising. They both laugh about it.",1
The website which sells an ebook Laura wants to buy is requiring some confidential data.,0
Nancy is looking for an idea for a wedding gift for Michel and Josie.,0
The meeting focusing on future investments is tomorrow. ,0
"Henry Fox invites William Field to join him and Lily Baumer for a visit to the Fondation Beyeler. They will meet next Wednesday at 10:15 at Henry Fox's house. Henry Fox will drive them to the museum. After the visit, they will go to a restaurant called Vitra, located on the German side.",0
"Mat is unable to proceed with a task and needs to wait for 20 minutes, Chris suggests working on a presentation instead.",1
Arlene invites Judy and Clara to her birthday party at her place. The party is on her birthday and the address is in the invitation. Judy offers to bring alcohol and Arlene accepts.,1
Tom's shift changed again and starts at 6. Tom is not happy about it,0
Danny informs Miranda that he will be finished in approximately 10 minutes and she should wait for him downstairs.,1
"Max informs Sylvia that he will be late because he is going out for beer with Tom, and Sylvia responds okay.",1
"The video of Tom and Kate, and the one called trial02 are both public.",0
Drake shows Edison and Miller a file on top and they congratulate him on his first time.,1
"Liam missed the landing of the TUI plane because he was on the toilet, and Conor suggested that it might have been a good thing since he could have pooed himself.",1
"Ali, Marcus and Julia are going to buy Alice a present for her extraordinary work as a teacher.",0
Lona and Nat discuss Mr. Smith's behavior towards a foreign student who made mistakes in English class. They speculate that Mr. Smith may have had a bad day.,1
"Patricia and Reynold are discussing a photo of a dog, while Preston is watching a video of vines.",1
"Felix apologizes for not participating more in the project, but Victor and Sean dismiss his concerns, saying it doesn't matter anymore.",1
"April rescheduled their meeting with John due to illness, and John agreed to reschedule and wished April to get well soon.",1
Paige and Walter will go for drinks on Saturday.,0
Anna likes Zoe's C&A dress.,0
Michael spent an hour waiting for Chase who did not show up.,0
"Jen is struggling to get her daughter out of nappies and is seeking advice from Olivia, who suggests trying rewards, a big toilet, or both.",1
Andrew recommends Phil a garage.,0
Marion and Rita discuss their shared experience of attending a concert and how they can make it more convenient by swapping rides in the future. They also talk about the exorbitant parking fees and the difficulty of finding an empty spot.,1
Darius proposed his friends a walk in Central Park.,0
Steve has no interest in watching the new Woody Allen movie because he considers Allen a creep and finds the allegations against him disturbing.,1
"The clothing is pretty, but also too expensive.",0
"Mohammed appreciated the wedding and praised the music, food, and atmosphere.",1
Jerry will take line A or C to get to Katie's place 1199 Dean St. It will take Jerry about 40 minutes. ,0
William and Elizabeth discuss a misunderstanding they had with Blackett and assure that they are working on solving it. They also advise William not to talk to Blackett about it.,1
"Shane and Nina discuss their frustrations with dating and the dating pool, with Shane expressing his trust issues and Nina encouraging him not to give up. They joke about writing a book or doing a standup comedy routine about their experiences.",1
Liam and Cole are planning to play Dota at 8 PM in Cole's room. They are excited about it.,1
"SweetyMalongo contacts Nigel, asking if he is married, to which Nigel responds that he is married to an angel from heaven, and SweetyMalongo then ends the conversation.",1
Teddy has a message from Pitt on Messenger.,0
"Karolina has started a new year at college. She stays in a cheap apartment, but the landlord needs the flat for his son, who comes back from another country. Karolina is worried about it. She studies in Stanford, the same place as Jack's sister, who may have a room for rent. Jack will contact them. ",0
Mary will work for Jared as a manager in his new restaurant. She will start by checking out 4 locations.  ,0
"Selena apologizes for not being able to attend an event due to getting her period and feeling unwell, and her friends express sympathy and well wishes for her to get better soon.",1
Jacob loves Denver and wants to get a job in the area and move there in future. Wendy has not been to Colorado.,0
"There is a new girl working in the club. Her name is Jennifer. Olivia, Patty and Pauline think she has breast implants.",0
"Tina and her best friend are enjoying warm autumn spice coffee while Andy, Rob, Beth, and Harry also express their desire for the same drink. Chloe expresses her love for spending autumn at a cafe sipping coffee.",1
"Ian invites Gus to the cinema to watch the movie ""Meru"" which is about climbing. Ian has two free tickets and Gus is interested in going. They plan to meet at Clyde's pub at 8 pm.",1
Lucy spat on James in front of the university.,0
"Pat used to work at Lister's Fine Clothing in the 1970s and 80s. Pat hasn't seen Sandra in about 35 years. Pat left in 1984 to run a pub with Jonathan. Sandra met with Brenda Riley last weekend, they plan a reunion. Pat does not have kids and is retired. She travelled with Jon to Oz and Thailand.",0
Madeline is in Dublin and needs to get keys for the office from Kevin over the weekend.,1
Ann can't see all the messages as the app has crashed.,0
"Lin, Kim and Shane aren't happy about the coming winter.",0
Amanda dyed her hair a new color.,0
Martin is crashing on Allie and Myra's couch next weekend. He is bringing wine and chocolate. ,0
Jim is in the Old Town and has had some mulled wine there. Ellen will not join him for a walk because she vomited last night and prefers to stay in bed. Ellen and Jim are expecting a baby.,0
"Mathew's son is starting school tomorrow. Tim, Anna, Tina and Daniel can't believe he's so big and wish him good luck.",0
Trey is going to buy tickets for the concert.,0
"Brad and Claudia met at a conference last month, and Brad wants to know the sources Claudia used in her presentation. Claudia provides the sources and thanks Brad for his kind words.",1
Days are gloomy. Next week it will be sunnier but colder. Max has to do his workout outside next week. Max and Mia will meet this weekend.,0
Niamh sent Paul a video the recipient of which he wasn't meant to be. Paul will keep the film in is wank bank.,0
"Jemma found a great deal for a winter vacation that includes ski passes, and Dottie is interested in going, although she needs to check a few things before making a final decision.",1
"Freya asked Jack and Sienna about the title of the song that Jack mentioned today, and they both answered it's ""In the Air"" by Phil Collins.",1
The storm has damaged some of Nick's properties. Nick is considering moving from Florida to Chicago if he gets a transfer at his company. Nick and Jerry will meet on Saturday.,0
Britta will send Emir Etna's 2017 financial statement in English.,0
Emily and Stuart are planning a meeting. Emily can't take a day off later.,0
Gwen stopped buying cow milk.,0
"Martha and Donna are looking at apartments and discussing their options. Donna suggests checking the opinions section and finds something wrong with every apartment they look at. They eventually find one that Donna thinks is perfect, and Martha agrees, especially since she has",1
"Sophie is looking for her black top with a sequinned tiger on it and Jane admits to taking it. The others offer to help Sophie find an alternative or lend her something to wear, but Sophie refuses and insists on getting her",1
Libbie asks Jean to help her with chemistry. Jean agrees.,0
"Sally came back from holiday. Summer is very warm in Britain this year. Sally visited a few different places, did a rowing boat trip and pedalo boat trip. Mitch hit his head on a wooden seat but did not have concussion. Sally wants to meet Tina in the gym next week.",0
"At a party, he made a hole in Luke's wall and vomited inside. Someone cooked Luke's expensive sea fish. ",0
"Jake cannot join the coffee break because his boss wants to talk to him, and Luke has already had the talk with the boss about taking breaks.",1
Faith will meet Kai 4.30 at the railway station. Faith will take the underground train to get to the airport.,0
Jenny is angry at Amy for telling Ted about her cheating.,0
He distanced himself from Jenny. She's going to her therapist next week.,0
"Ella had a strange night with Adrien at her place, who she finds both attractive and repulsive due to his destructive behavior and scars on his wrists. She is afraid to settle down with him because of his age difference and",1
"Kate is looking for an interpreter who can speak English, Italian, and Polish for an Audio Video Show on 24-25 February. The interpreter will need to help the Italian guest communicate with visitors and give interviews. The interpreter",1
"Resa updates Carol about her husband's health issues, including an MRI scan for potential growths on the ear nerves. She expresses frustration that her husband has declined to seek medical attention for various ailments, including hearing problems. Carol",1
"Gary and Dolce make plans to meet up in the afternoon, and Gary mentions that he has a meeting and only has limited time for their conversation.",1
"Eli has to sit by her, whereas Char has it even worse as she has to see her in every class.",0
John suggests meeting at Oculus and Scott agrees to meet there at 7:30.,1
Page feels sleepy and didn't drink coffee in the morning. Reseda suggests going to the convenience store to get some coffee and reminds Page to be careful since their boss watches CCTV.,1
"Bud, Terrence, Arnie and Jeff are going to meet on Saturday for pizza and beer.",0
Tyler is bringing Anna a cup of coffee and will return in 10 minutes.,1
"Ryan and Colin are discussing a potential issue that could impact their sales. They decide to set up a meeting to discuss possible solutions and Ryan suggests bringing Lynn, Bart, and checking with ad agencies to the meeting.",1
Brenda doesn't like Eddie's new band so doesn't want to go to their concert. Alan will pick her up in 2 hours anyway.,0
"Lily confirms with Mitch that he will take care of Reine's software setup tomorrow. They discuss the time for the setup, which is 12 her time. Lily thanks Mitch and apologizes in advance for any technical issues",1
Hannah and Nata are going shopping together on Saturday.,0
"Peter spoke to the venue owner and secured an extension for the band to perform, as long as they pay extra.",1
Peter will be back home in 2 days. Mary would like to go on a date when he gets back.,0
Noah is late because of some traffic jam.,0
"Sandy expresses her frustration about a lecture being uninteresting, while Chris remains unphased and suggests that Sandy get used to it.",1
Vaclav updates Kathy about his busy summer in the Sierra and informs her about his plans to visit Mexico and Cuba. Kathy shares her upcoming winter trip to the Caribbean and wishes Vaclav a great time.,1
Brad's brother is on TV. Romy is interested in becoming his girlfriend.,0
"Deryl is considering spending Christmas Eve in the city instead of visiting his parents, as it was too crowded last year. He might have sushi with friends on Boxing Day. Joan offers to join him if he does.",1
"Ashley finished the group work but needs it edited, and Angie offers to do it and requests the soft copy ASAP.",1
"Everyone is excited about the packed place and Jane is eager to enter, but they are all on their way and will meet up soon.",1
Karan will go to Nathan's office when he finishes. He has a report for Nathan.,0
"Charlie explains to Adam that Yahoo won't allow him to make changes to his fantasy football team after Sunday night for that week, and that this rule has been in place for at least five years. Charlie offers to manually make the change for Adam",1
Carol and Mark are in Cuba. Carol is not fond of her stay because of the noise. Mark will have an operation on the 23rd. ,0
"Ian asks Mary if she is at home, and Mary responds that she is still at SQL.",1
"Kevin is feeling tired and believes it may be due to the recent time change, while Will is unsure if it's the cause and agrees that it's possible to feel tired because of it. They also discuss the possibility of not changing time",1
"Mr Bongo went back to Morocco. He survived a coup, as Ali reports. Cecilia sent a meme about the failed coup.",0
"The next ASEEES conference is in San Francisco, but some people were hoping for it to be in Hawaii. The last conference there in 1993 was criticized for its high travel costs.",1
"Lucy is seeking ideas for a surprise party for Marjory's 70th birthday, but Sue advises against a party and suggests alternative venues such as art galleries or a box at the races. Lucy agrees to run the",1
Nate thinks the place is fine but they only serve seafood. They don't lke sea food. Bill is going to look for another place.,0
Gabi congratulates Anne on getting accepted and Anne is happy that the acceptance process is over so she can celebrate.,1
"Mike prefers the Black Panther because of his impressive fighting moves, while Harrison chooses Captain America due to his realistic appearance and lethal abilities.",1
"Mary has done 6 pomodori so far, while Gabrielle has done 7, Jack 4, Adrienne 8, and Emma 10. ",0
Martha will be in Cracow from Thursday morning to Friday afternoon and Sharon will meet her at 9 PM. Matthew's work schedule is uncertain.,1
Adam will borrow a hundred from Tyler.,0
"Maria will send Ann Marie the receipt for the airbnb in Boston, because Ann Marie wants the university to reimburse her travel costs.",0
Amy's going to bed.,0
Louise's friend Ann is pregnant and invited her to a baby shower. Louise doesn't want to go because she hasn't seen Ann for ages. Ann doesn't seem to be getting married.,0
Oliver and Jamie have to conduct an experiment of their choice as homework for the biology class tomorrow. Jamie will ask his sister for advice.,0
"Tonight Johny will come to Max's place at 5 pm, and they will go play some pool at 6.",0
Sam informs Nadine that the patient is in St James's Hospital and they will arrive in 30 minutes.,1
"Jessie and Lily are discussing a place that Jessie's friend from high school recommended for a party. They like the decor and feel of the place, and agree that it doesn't seem too over the top. Lily plans to call the",1
"Alex is staying with Gil in Barcelona, but Gil is going to travel a lot, sometimes to Warsaw. ",0
"Danielle is upset because Juan is late and has been for almost 45 minutes, Juan apologizes and promises to be there in 15 minutes.",1
"Jason's got a new job and is really busy. Sarah's looking for a job, Jason gives her some advice. She will try xyz cafe tonight. ",0
Gwen asks Mandy if Carla can sleep at their place and Mandy responds that it's fine.,1
Bertrand tells Robert that he had a great time at the party and that Robert's ideas were a big part of it. He also warns Robert to avoid talking to Jane for a while and suggests that he go on a trip.,1
"Aurora and Isabela discuss a photo of Aurora falling at a cousin's wedding that was recorded and shared online. They find it funny and laugh about it, despite the fact that Aurora was injured and could have been seriously hurt.",1
George speaks French and translates information about a drug Ursula takes. The drug is for cold. Ursula should take 2 pills per day after lunch and shouldn't take it in the morning. ,0
Marisa and Amelia haven't contacted  Nicole for a while. Amelia and Nicole's friendship has been turbulent and they're not best friends anymore. Nicole hangs out with other girls. Amelia and Marisa will go out on Saturday.,0
Kylie is having a bad day as she spilled coffee all over her computer. Emery is also unhappy as his teacher yelled at him for not doing an assignment Emery was actually not given.,0
"Lizzy is sick and has been studying government, she is taking an audiovisual exam in March and hopes to pass it on the first try but is unsure about her chances. Pat sympathizes with her and encourages her to do",1
Irene wants to borrow this blue dress from Lizzy as she has a date with James tonight.,0
"Kate invites Agnes and Ann for an adventure and they discuss what to bring for the trip, including food and a blanket. They agree to meet up at 11 or 12.",1
"Joanna bought cute pyjama buttons for Tina on sale and they are in size XS, which Tina hopes will fit her ass.",1
Tom is working from home at the moment and will be at the office by 12 pm.,0
"Macy is posting photos and asking Sergio's opinion about a pair of pants for her. He dislikes the red ones and suggests the grey and blue ones, which Macy may consider.",0
"Jake, Mike, and Terry are discussing their availability for a meeting on Sunday at 10 am. Mike needs to talk to Molly and brings his sick kid, while Terry is available but brings his youngest. Jake is excited about the possibility of playing",1
"Milton agrees to send a worker to fix the leaking shower in Nancie's apartment, which is confirmed to be on Wednesday. Nancie assures Milton that someone will be home to let the worker in, and after the",1
Frances offers Agnes to bring a dictionary she needs as a source for the project to her office today. She has a meeting not far from it and will be there before 14:00. Agnes can keep the book for a week or longer. She will ask Lucas after he is back from holiday to give his opinion on the project.,0
Miles is going to play football after school. The last time Jamie and Miles played football together they made mistakes during the game.,0
"Kim asked if anyone had homework for the next day, Melvin replied that he was still working on it, and Norma provided Kim with two pictures as a solution. Kim thanked Norma for being a lifesaver.",1
"Mark and Sarah are discussing their plans for a weekend trip to the mountains with Jack and Hannah. They have found a cabin that is close to both the city and hiking trails, and it costs $400 for four nights, which is $",1
"Mum and Shirley saw each other in the weekend. Shirley hasn't finished the fireplace wall yet. Shirley needs to finish the backing and cover the inside of the fireplace. Shirley sends Mum a photo, when the work is finished.",0
Bob and Dominic are already on the bus. They'll be at the station in about 15-20 minutes.,0
"Louise wants to book another driving course with Graham Mason, specifically two half-day sessions with motorway driving. She is available on either Saturday or Sunday and is free for at least 5 or 6 weeks. Sue will contact Graham and provide Louise",1
Guy agreed to give Marta's book to Simon after he finished reading it.,1
Bob is late and Tom and Paul are waiting for him. They start setting up without him and he suggests they do that to save time.,1
"Alex tries to convince Lesley to sign a petition against wind turbines, but Lesley is not interested.",1
Johnny and Sam are going to meet after work.,0
Jimmy is at the bar. Laura has a coffee. Mark waits for them at their gate.,0
Anette's party is on Sunday. She will be serving snacks and wine. Virginie will attend. Guest may bring whatever they want.,0
"Vera bought 3 tickets for the Vasco Infinity tour, which cost 50 euro each, and invited Monna to join her.",1
"Karen and Avi play a game where Karen writes a sentence and Avi continues it. The game involves a tapping sound outside Karen's window, which Karen is trying to investigate.",1
"Pauline invites Tara and Chrissy over for pizza, and they all talk about food and body image. Tara and Chrissy tease Pauline about her love of food and her supposedly small appetite, but Paul",1
Sam is catching 10:45 train and is sitting in the 5th compartment.,0
Nobody replied to Andrew's suggestion so Mike and Andrew don't know if they are going to the restaurant today.,0
"Tom and Justin discussed the weather in Poland and the upcoming winter, and also talked about the last episode of Game of Thrones that Tom had seen, while Justin was eager to watch it.",1
"Jeff, Mary, and Tommy agree to go to a supermarket tomorrow.",1
Alan's United Airlines flight was delayed and his bag was lost. Alan arrived to San Fransisco. His bag will be brought to his hotel tomorrow.,0
"Cecilia recommends checking for thyroid issues, using fenugreek seeds, and washing hair and scalp with hair conditioner as potential solutions for Skylar's severe hair loss.",1
"Renee advises Gino to rethink his outfit consisting of black shirt, black pants and black shoes, as he will look like a waiter. She suggests he wear blue trousers with a white shirt and brown shoes to look more",1
"Ann is excited to share that the team has landed a big contract with Google, starting next week. She encourages everyone to be motivated and restful over the weekend in preparation for a successful Monday.",1
"Kate can't watch the TV, because it stopped working. Jared will be back in a minute to help her.",0
Liam offers the hundreds of plastic plates left by Gil to the owner of the place.,1
Caroline has a strep throat.,0
Jonah wants somebody to pick him up from the airport. He's never been in such a big city and is scared. Molly doesn't understand his fear. Vanessa defends Jonah.,0
Joan has all the Christmas presents ready. Margaret is seeking advice on what to buy for the family members. Sammy left Hayley with Jojo and got back to his wife. Joan helps her with the baby. Margaret goes with Keith to the outlet place on Friday. Joan is decorating Christmas cake.,0
"Sue is drinking milk with garlic and using a eucalyptus rub because she is sick. Lucy suggests drinking hot water with anti-inflammatory turmeric, ginger, and honey. ",0
Jack and Harry are on their way to the practice room and will arrive within 10 minutes. Oliver is relieved because he forgot the key.,1
Anthony forgot to attend a party and is worried that Angela might be upset.,1
John is coming to Jim's party with Marina. He forgot to tell him.,0
Crista will give Paul a lift to work tomorrow about 8 o'clock.,0
Charity wants to know if HOD is in but he has already left.,0
Midge will join Kim at Half empty - 123 23rd Street.,0
Betty is going to the beach. She will be at the same spot they went to last time. Camille will join her soon. Jordan will join them in 1 hour. Jordan needs to do grocery shopping for his mom. He will take his GoPro to the beach.,0
Alexis is looking for a song that the DJ played at the party. Samuel sends her the link.,0
"Mary is worried about John as he hasn't been answering her calls or messages and seems to be ignoring her. Peter suggests that John might be abroad or out of credit, but Mary is still concerned and thinks something might be wrong with him. Peter",1
"Ella asked Frank if he had time next week to build a fire pit for them using natural stone and river rock, and Frank agreed to come over the next day to measure up and give her a quote.",1
"Gina recommends the spy thriller series ""Jack Ryan"" to Wendy, who is not interested in thrillers or spies. Gina then suggests ""Last Kingdom,"" which Wendy has seen but not the latest series. Gina",1
The police have told Cristian to call them when he meets him. Cristian is attending his Italian course today. There has been a power cut at Garrett's place this morning.,0
"Holly has a job interview but the washing maching broke, so James will come home asap.",0
"Lily wants to go out. Her mother refuses, because Lily has to learn.",0
"Alan isn't sure if a 10% tip is enough in NY. Josephine usually tips minimum 15%, Jay and Melissa more than 20%. Many NY waiters don't get regular wages or don't have health insurance so they have to rely on tips as only income.",0
"Natalie bought Broadway tickets to see Hamilton, and her friends are teasing her about it.",1
Austen is going to write a letter and give it to Tessa tomorrow.,0
"Jordan and Sakshi are discussing whether Jordan should bring something for Sakshi, and Sakshi suggests just bringing drinks, while Ruby offers to make drinks and has ice.",1
Chris is going on a one-week Interrail trip to Italy and France and will be traveling in first class with meals provided on the train. He is looking forward to the trip as he needs a break from work.,1
Rebecca agrees to help Polly by sending her some old photos of Polly's parents for a surprise anniversary photo album.,1
"Lucas always finds ""Prison Break"" entertaining.",0
"Sidney and Oliver are discussing Alice's upcoming birthday. They decide to take her to an impressionist art exhibition as her birthday gift, since she is an art enthusiast. They also plan to grab some coffee afterwards to listen to her talk about",1
"Max cannot attend because he cannot act on his feelings for Leah, and Leah is aware of this and understands.",1
Victor applied for a position of an engineer in a company in Pakistan.,0
"Maya asked Henry to go to the market and buy water without gas, and thanked him multiple times.",1
Julia's posted a question on FB about vegan places and got a comment from John about ruining out country's economy. Rick knows him and suggests she ignores his comment as he has very radical views he likes sharing with others.,0
"Anna and Mateusz's mother is having a birthday in less than 2 weeks. Anna, Mateusz and Kuba will buy her a red backpack on a Black Friday.",0
Kim owes Kelly 84 dollars and they are discussing whether Kelly should visit Kim or if Kim should transfer the money.,1
"Rachel is bringing over jumpers to Caron's house, specifically the pink one that Caron likes, and taking the rest back on Friday. Caron has forgotten about the jumpers but is happy to see them again. Rachel mentions that",1
Blake informs George that his mother is calling him for supper and George responds by saying he is coming downstairs.,1
Filip asked Alienor to translate a manual written by his father for a device he is manufacturing from English to French as the customer from Africa claims to speak English but they seem not to understand it. The manual is a long text and the problem is,1
"Hailey tells her friends that she saw Julia kissing Josh, who is gay, and they are all surprised because they didn't know he was gay.",1
"Theo will book a place for himself, Silvia, Chris and Pam but has forgotten a first time discount.",0
Kylie has injured her finger but is feeling better now.,0
"Mom is looking for a new lamp and shows a picture to Verity, who asks which one she likes and responds ""interesting"" when shown the crystal one.",1
Kate talked to her boss today and changed her working hours to 11-19. She will celebrate it with Tom tonight at Viva Italia at 9 p.m.,0
"Nancie's shower was leaking. Milton sent Maciej to fix it on Wednesday. Maciej fixed the shower, so it works now.",0
Rick will check for Karen if there is a band playing downtown this weekend.,0
"The group discusses the potential unification of Kosovo and Albania, with Josh believing it to be almost obvious due to their shared Albanian heritage and the problems faced by Kosovo. However, Ismail raises concerns about the potential destabilization",1
Debbie will make cookies today for the first time in her life.,0
Kate and Ann discuss the reliability of Rotten Tomatoes as a source of information and their opinions on The Star is Born and Roma.,1
Isabelle and Riley are having a test tomorrow. Riley is prepared. Isabelle will sit next to him. ,0
The election in Kongo has been postponed. Ian thinks Ebola and terrorist attacks are a pretext to undermine the opposition's effort to win the election.,0
Donovan and Stacy discuss their well-being and the quality of the previous game.,1
Alex and Kate are discussing the upcoming final season of Game of Thrones and how they should rewatch the previous seasons or read the books to prepare.,1
George bought the tickets.,0
John is looking for a place to buy a replacement for his motorbike alternator.,0
Tony likes the album. Djamal enjoyed listening to Baustelle.,0
Mary and James love each other very much.,0
"Kylie and Reece discuss Madonna's music videos and her age, with Kylie defending her right to express herself sexually at any age and Reece initially agreeing but then questioning her stance.",1
"Louise is surprised to hear that her friend Ann, a makeup artist, is pregnant. She thought Ann didn't want children and is unsure about the father of the baby. Louise is hesitant to attend Ann's baby shower, prefer",1
Patty went to a boring party last night at Rooster. John and Patty think that Rooster is not the same place anymore because most of the fun people are already gone and the first year students are uninspiring. ,0
"Gia and Mia are going to the family dinner, and they meet at 9. Gia and Mia do not like family dinners, because they do not feel comfortable with meeting new people. ",0
Samantha and Bianca are going to meet at the store around 4 pm.,0
"Harry, Jools, Ian, Adrien and Audrey are discussing their plans to meet in Luxembourg. Harry and Jools have mistakenly said June instead of July, but they realize their error and correct it. Audrey is on holidays until",1
"Alex asks Eli for help in getting to know a woman he met at a party, but Eli warns him that she is in a relationship and advises him to stay away.",1
Greg's friends are coming for the weekend. Rosa will come to clean his house at 9 on Friday.,0
Laura and Kim plan to meet up at work at 7 PM and then head back home together.,1
John has watched a talk about the important elements of startups and found out the most important element is timing. ,0
Kit has heard a gossip about Jake saying that he is seeing someone. Kit shares this with Amanda and Gale. ,0
"Gabriella sold her car and bought a new one, a 2005 Mercedes b class. Derek is going on a trip to Cieszyn with his kids in two weeks. Ali has day camp next week and Gabriella",1
Nadia is doing her hair. Nadia and Lucia will meet at Pep's at 9.,0
Daniel will let David know about free slots at the weekend. ,0
"Mary, Kate, Peter and John want various items for Christmas. Gabi wants a surprise. Jack is unsure what he wants. Jack should let the rest know within a week. ",0
"Sarah, Ashley and Lindsay are going to see a movie tomorrow evening. ",0
Karen suggests sex and Lisa - death as taboo topics.,0
Josh recommends a mechanic named Rick at AllForCars in the city center to help Miles with his automatic transmission issue. Miles expresses his frustration with the car and Josh suggests selling it.,1
Matt will finish at 2. Lizzy will get home on her own.,0
Caroline sends Anna a photo of her pancake recipe from her notebook.,1
"Meghan and Harry are expecting a baby, and the group discusses their reactions, including Rose's excitement, Jenny's belief that Meghan is too young to be a mother, and Nancy's prediction that Meghan would get pregnant soon",1
"The group is discussing whether or not to apply for funding, with Nancy expressing uncertainty due to not meeting all the requirements, specifically point 6.7 which states that applicants must be US citizens.",1
Pablo and Robert plan to have a small party at the dorm.,1
"The group is discussing Mark Gungor's speech on the nothing box and how funny and true it is. Kris mentions that he knows who Mark Gungor is and that he has a podcast. Leigh suggests trying Spotify,",1
Rich bought an attractive piece of land that has zoning for a mall and wants to develop it with Ron's help. They plan to meet in Rich's office tomorrow after lunch to discuss the project.,1
"May sends an embarrassing photo of herself to Gabe, Claire and Peter by accident. Gabe, Claire and Peter think May looks great.",0
"Monica and Cindy are discussing their Christmas plans. Monica suggests some traditional dishes like dumplings, carp and fish, and also mentions baking an apple pie and gingerbreads. Cindy is thinking of trying",1
"Mary finishes her lessons at 2pm. Jack won't be there on time, so Mary has to wait for him in the common room.",0
Cristian tells Clark to search for the code on the internet instead of asking him directly.,1
"Angelica, Roger and Harriet will help Sue organise this year's Christmas fair. Four children will also be involved as helpers on Roger's suggestion. They are meeting on Monday.",0
Rafella and Nevaeh are excited about the increasing support for veganism. ,0
"Pam recommends her top books of 2018 to her friends, but Lydia and Sarah are not interested in them. Sarah suggests that Lydia start with ""The Great Alone"" instead, which she finished recently and found",1
Penny will wear some black dress for the company dinner.,0
Felicity wanted money from Joaquin to buy herself a new dress but he doesn't want to give her any more.,0
"Alex lands on Saturday, 22 December, at 6 am. Alex will want to sleep when he arrives. ",0
Anna is going to Vail with Ursula and her family in February. Jason is going to Thailand in February.,0
"Peter is texting Dorothy at 11 p.m. on Saturday after not talking to her for weeks, and she reckons he needs to try harder if he wants to go to bed with her.",0
"Sidney and Carlie have a disagreement about a time for Carlie to pick up her belongings. Sidney keeps changing the time and Carlie becomes frustrated. They eventually agree on a time, but not before Sidney calls Carlie names",1
"Hyatt instructs Nickleby to watch channel 6, Nickleby asks what's on, Hyatt recognizes Palin and exclaims that it's him, and Nickleby expresses excitement about not missing it.",1
"Ann couldn't open a WhatsApp message from Agnes and a text from Alex, restarted her phone and now can see the messages.",1
"Hester does not plan to vote in the upcoming election, stating that not everyone should vote and that many people are uninformed and make decisions based on superficial information. Xavier disagrees and argues that everyone's voice is important",1
"Harvey requested to reschedule an important meeting with Dona, who agreed but asked for an explanation to be given to the client. Harvey promised to provide one later after he arrived.",1
Patricia is in London working on an important translation now and has no time to look for a job. Jeff is 5 hours behind her. His disapproves of her translating activity.,0
Elijah doesn't want to back Esme up when he confronts Tonya today.,0
Stella wants to see the apartment in the morning. She plans to split it into 2 apartments.,0
Becky bought a new house and is excited to show it to her friends. They admire the size of the house and offer to help with shopping and carrying stuff. Sharon and Kevin also talk about their own experiences with twins.,1
"Nicole is a bit stressed, as she will have a job interview in Publicis. Nicole and Sophia will meet tomorrow later because of the interview.",0
"Viki is in Canada, and she needs some winter clothes. Daki will send them tomorrow via post, which will cost him around 50 euro.",0
"Amos and Timothy discuss the ideal president of the USA, with Timothy arguing that Trump would be the best choice due to his toughness and ability to fight against terrorism, while Amos acknowledges the political aspect of the conversation but remains",1
"George and Mandy are discussing the recent video posted by Dejan Lovren on Snapchat where he criticized the Spanish players for being ""pussies"" and only the Croatian emblem being worthy of anything. Mandy mentions",1
"Beth is being treated for her illness and she looks terrible, but she has Luke's support. Elizabeth never talks to Patricia anymore.",0
Joyce and Andrew are running late. Carla and Anette are on their way. Helen is at a table by one of the windows at the front.,0
"Cheryl, Cristina, Alice, and Mary are discussing Jenny's recent absence and the status of her baby's baptism. They agree that Jenny is right in not baptizing her baby.",1
"Austin doesn't like potatoes, except for potato pancakes. Gina likes spring potatoes.",0
Lily is coming to Graham's party in the evening. She's going to be there around 9 pm with some wine.,0
Ian will bring Laura a book and few CDs from Martha.,0
"Ian invites Samantha to participate in a free Italian Language and Culture course on Wellesley College's platform, which starts on September 25th and closes on September 20th.",1
"Sophia is asking Monica for gift ideas, but Monica is unhelpful and claims to be bad at buying gifts.",1
Mark shipped the goods and will send George the tracking number tomorrow.,1
Julia can't return her new shoes. Monica will send around a photo of the shoes to look for a buyer.,0
The group admires a photo of a two-year-old girl in a pink dress and comments on her cuteness.,1
Noah bought new shoes for $100 and was disappointed to find out that they were cheaper online.,1
"David and Angela's peers, Pamela and Maggie, had a falling out over a language course and aren't on speaking terms anymore.",0
"Charles and Frank agree to meet at a location that is convenient for Frank, who is already on a bus. Peter suggests meeting halfway at Euston, and Stacy declines due to an emergency at work.",1
"Brenda and Liam are in room 5. In room 3 there's a bunch of Russians speaking English which Bredna couldn't understand. Donna's in room 3, because she likes the subject.",0
"Michael and Diego from the Barcelona team were unable to log in to the system, but the problem was resolved by Michael after checking the Barcelona team D location.",1
Babe wants James to wash the car today and leaves the keys on the table. ,0
"Kieran is going to the bakery for all you can eat pizza at 6 and invites others to join. Ashley is already there and unsure if she will have any pizza, but plans to say yes since she is there",1
Luke will bring the barbecue set. Gregory will bring some beers for himself for the barbecue.,0
Everybody will meet outside the cafe.,0
"Ava tells Richard that his test results are not good and if he doesn't improve, she will have to contact his parents. Richard promises to improve and asks Ava to speak to his study partner Bella, whose test scores are also not",1
Selena can't meet with Jen and Phoebe as she's not feeling well.,0
Jake and Chuck don't have partners for the project. Jake didn't go today. They will prepare a presentation on French revolution together. The deadline is next week.,0
"Filip and Jacek asked Asia to send them the pictures from yesterday, and Asia sent the ones she had, but the rest were on Filip's girlfriend's phone. Jacek will check with her and inform them.",1
Richard confirms that the keys are always in the White Room and the water under the sill is for the instructors. Max and Alex confirm that the White Room is on the left.,1
"Amanda reacts negatively to the mention of Jake, saying he looks ugly and is an a-hole, while Vincent finds it funny and says Jake is hot.",1
"Mum's birthday is in two weeks. Hilda, Joseph and Natasha are going to take Mum to Venice.",0
Tim has HIV. Peter and Laura are very supportive.,0
"Barbara asked Jimmy to send her the pictures he took today, and Jimmy replied that he will send them to her by mail because there are too many of them to send through email. Barbara thanked him and Jimmy sent her the pictures.",1
"Floss shows Paul a gif of Lucy and they discuss her attractiveness. Paul is not convinced, but Floss insists that everyone at work has a crush on him. They then talk about a TV show that was cancelled, but Floss",1
"Jorge, Nancy and Hilary are not US citizens, so they can't apply for the funding. ",0
Rachel is on the train. Alex will feed Birdie.,0
"Andy is concerned about his mother's well-being after not hearing from her for a week, but Susan assures him everything is fine. Susan invites Andy to come visit and brings up the topic of his girlfriend, which Andy is not ready",1
"Pascal thanks Stef for the help with finding a carpenter, and informs him that the carpenter came yesterday to fix the roof. They discuss the progress of the project and wish each other a happy Christmas.",1
"Barbara invited Suzanne to go out this week, but Suzanne declined due to work and suggested a quick coffee instead. Barbara agreed and they will meet when Suzanne has a few minutes.",1
"Todd asks Adam to buy him a Red Bull, a pack of Marlboro lights and a lighter at the store ATM, and Adam agrees.",1
Mike offers Jim a free sample of his software and suggests that he may consider offering free samples to Jim's readers in the future.,1
Jake shows a photo of a kitchen table and asks the ladies if they think it's enough for their kitchen. Miriam asks for the size and Jake responds with 53 length and 25 width. Monique thinks it's,1
Darrick texted the wrong Zoe.,0
"Yigal, Kate, and Kai plan to ride bikes and explore the Sint-Annatunnel, a famous pedestrian and bicycle tunnel built in the 1930s, and grab some Chinese food on the other",1
Diana wants Max to meet her parents. He thinks it's too early.,0
Jose informed Ben and Natalie that the bus is running late and it is currently 4 minutes behind schedule.,1
Caron compalins about Dave's methods of conducting training. Dave took a lady on the motorway on their first session. Rob says motorways are the safest types of roads. Caron is emailing her to let her know Dave will carry on the sessions in his own car. ,0
Damon got a promotion but he is not sure if he's happy about it because he was thinking about changing the job. He may give it some time to see what happens.,0
Rhonda asked Linda where she bought the dress she showed her and Linda replied that she bought it at King's Cross shopping mall. Rhonda said she wanted to get something similar and needed to go shopping immediately.,1
Elisabeth reminds John and Rick about writing a thousand-word essay on the future or globalization for tomorrow.,0
Louise is happily married and enjoying her married life. She and her husband went on a relaxing honeymoon and spent most of their time together.,1
"Harry and Clara agree to buy one bottle of red wine for Susan, who wants a sweet wine, while the rest of the group will have dry wine.",1
"Ivy and Alex are discussing the arrival time of Alex's flight on the 22nd, which is early in the morning, and Ivy is thinking about preparing a welcome home meal for him.",1
"Iwona stands for globalism in contrast to Akihiro and Bolesław. In Bolesław's opinion, people should be proud of their history. Akihiro notices that Visegrád states are more conscious of the danger of globalism than Japan.",0
Becky has terrible menstrual cramps. Tabby and Kelly think Becky should check it out with a doctor.,0
Legend takes a shower. Aliza is at home.,0
"Walter will be back in 2 weeks. Afterwards, he, Christina and Britney will go to the seaside.",0
It's been a month since Sharon last had a kettle and she's looking forward for the new one to arrive.,0
Sarah and her family are relocating but can't take their pet cat with them. Sarah's friend David is helping her find a new home for the cat. They manage to find it. ,0
Miriam and Jim discuss the need to set deadlines for their blog posts and agree to make the 10th of each month a regular deadline for publishing. They also decide to set another deadline around the first of the month to decide on the,1
"William tells Harry that Bulgaria is the country that gave them yoghurt, and that the bacteria used to make it is called ""bulgaricus."" Harry is skeptical and jokes that they found it in Great Uncle Bulgaria Wom",1
Rhys wants to know when Victoria comes back from holidays because he needs the key for Thomas. There was a downpour and Rhys checked Victoria's basement. Her neighbour told Rhys he saw a cat in her garden. It could have been Oscar. Victoria asks Rhys to put out some food to keep the cat around.,0
Josh is in Barbados. He will send Camilla an email about Airbnb. Camilla just returned from Thailand. They both like it.,0
Dad Paul and Mum Hadija are discussing their children's relationship and agree to talk about it discreetly while also acknowledging their happiness together.,1
"Mark, Peter, Anita and Charles are meeting at 7.30 in the lobby of the Sheraton hotel next to the Prudential building.",1
Bria's landing around 3 pm. Conner will be waiting for her.,0
"Brooklynne invites others to join her in watching Harry Potter, and while Kevin declines, Tatiana agrees to watch it with her, revealing that she knows Brooklynne is a big fan of the series.",1
Colton's team won 98:95. ,0
Eve is getting ready for a party with her work girls and everyone compliments her outfit.,1
Yasmine's friend is coming from New Zealand on Saturday and staying for the weekend before going to Dublin. Yasmine is planning to take her for a brunch on Sunday. Fiona is planning to go out on Saturday night.,0
Ellen gave a dwarf to Ester for her birthday. ,0
Shane is going shopping to Tesco and asks Tina if she needs anything. She does not but may text him in case she thought otherwise.,0
"Ted, Jake, Pia, and Jessica are discussing the upcoming reunion and making plans for the weekend. Pia and Jessica are both available and willing to attend. Ted is excited about the reunion and is making arrangements for everyone. Jake is",1
"Timothy has been walking a lot lately for his health and Joanne commends him for it, but Timothy shares too much information about his calluses and Joanne finds it TMI.",1
"Jill informs Ted that she will be late for her meeting with Paul, who is not yet in the office. Ted suggests calling him, but Jill requests that he doesn't. Gina reveals that Paul is out of the office today",1
Agnes likes Nescafe coffee and her mother does too. Agnes is not sure about lattes but her mother says they are as good as from a shop. Claudio decides to get one and Agnes suggests that Santa may bring,1
"Angela explains to David that Pamela and Maggie are not talking to each other because they had an argument over a university course. The reason for the argument was that some students were not satisfied with the language course and decided to tell the teacher, which led",1
Brad is interested in renting a room in Andy's apartment. Brad and Andy are meeting up in 15 minutes.,0
Eve's having a party with the girls she works with and has gussied herself up.,0
Janet will be at Adrian's place for a coffee in half an hour. On his request she is buying fudge.,0
Greg is going to pick up John and will be back in an hour. Kate has left the keys at the kitchen table and asks Greg to buy some eggs on his way back.,1
Maria and Jamal visited Taj Mahal today. It's a mausoleum that an emperor commissioned for his wife Mumtaz Mahal.,0
The group is deciding between pizza and kebab for dinner and ultimately settles on pizza. They decide to make it themselves rather than get takeout.,1
The Lion King featuring Beyonce's voice will be released in June 2019. Abby and Vicky will go to the cinema to see this movie.,0
Ray's bike was stolen from the 9th street yesterday even though it was secured. It was a custom bike so now Ray's out few grand. Ray wants to post posters in the area so they'll get scared and leave it somewhere. Luke had one stolen last month from the same area. Sam wants to help out.,0
Rachel tells Edward not to say anything else and to open the door because she is outside.,1
Richard took Hannah's parking spot again. Anne saw it.,0
"Don offers Conor two tickets to the Riders game in Regina, and Conor accepts them after confirming that there are no more tickets left.",1
"Martha asks Penny what she will wear to a company dinner, and Penny responds that she will wear a black dress since it suits her.",1
Jess suggests two videos for her first dance with Abby. Their wedding is in six months.,0
"Mina and Lola are excited to go watch ""The Favourite"" movie tonight, and Joe is thrilled to finally see it.",1
Amy took Sam's phone again and apologized.,1
Meghan and Lily are discussing their hometowns and Lily reveals she used to live in the countryside before moving to Sydney.,1
"The group is meeting at Leslie's place at 6 PM. Jackie is bringing a famous salad, Mike is bringing wine, and Lucy is bringing a cake that she made but is not sure about. Josh is bringing a cake that he bought",1
Jeff and Tom are discussing Kayla's birthday and realizing it's this Friday. They are trying to figure out what to get her as a gift and Jeff suggests ordering something online from a jewelry producer Kayla likes. Tom agrees to split the,1
"Joanna likes public speaking and is good at it. Lee has to give a speech at work next week, because of his boss retiring. Lee is very nervous about the speech. Lee and Joanna will meet over the weekend, so Lee can rehearse the speech.",0
Suzie is upset because her cats have ruined her couch and she is considering killing them. Marilyn suggests trying cat repellent sprays and also mentions that cats can be taken to a vet to have their claws trimmed.,1
Donna and Ben will go to Ari's concert in Berlin. The ticket costs around 120 euros.,0
Ana and Lisa are discussing the time for their upcoming visit and the menu for the pizza that Ana will order. They are excited to see each other and for the kids to meet their auntie in her new house. Lisa has already told the kids about,1
Maria and Frank are going shopping for a birthday present for Frank's mom on Friday at 7pm.,0
Adam is an hour late for the meeting and informs Julia that he has a stomach flu and couldn't make it.,1
Isla thinks Brexit is going to happen. There are issues that they still need to settle before Brexit. Isla thinks Turkey shouldn't be in the EU. Isla's family is from Turkey. ,0
Yesterday Luna met with a man who was wearing a track suit. He did not offer to pay for her coffee. She would like to meet him again.,0
Matilda and Natalie will go back to Warsaw by car.,0
Sebastian and Stanley are discussing the process of making home wine and how they need to learn it from their fathers who have their own fruit trees. They envy each other's trees and the experience of picking up fruits by themselves. They agree that,1
"Ben is going to cinema with Poppy to watch ""The nutcracker and the four realms"".",0
"Amber lost her flower necklace at a party and asked Gabriel and Glen to help her look for it. Gabriel found it in his flat, but Amber had fallen asleep in Glen's car on the way home. Mariah found the neck",1
"The group is discussing ideas for Ursula's baby shower and Agnes suggests buying baby clothes as gifts, while Alice thinks diapers would be more useful. Kathy proposes a compromise and Jane agrees. Agnes becomes defensive and calls Alice a",1
Camille needs to send additional documentation.,0
Ashlee and Bob are looking for their dog Cash. The dog went for a deer hunting again.,0
Bob wants to buy new speakers and an amplifier as sound got flat. He doesn't want to repair them as he wants something that will be also good looking.,0
"Keira made some handmade jewelry for her boyfriend's mother. She apparently didn't like it too much. Keira publicly called her an ungrateful snob. Her boyfriend, Sean, is really into her. Jess and Paige don't really understand why.",0
Sidney is delaying his help with packing stuff. Carlie is really frustrated with his attitude.,0
Kas is not visiting Laura in December. Kas' other housemates are going home for Christmas and Kas has to stay in the house. Kas has to work over Christmas. Kas was made to work less hours. Kas will have to find a new job.,0
"Davis calls his dad to check up on him. Kurtis, Davis's mom, answers the call because his dad has left his phone behind.",0
Jackie has found a new job and she's about to give in her notice. Sandy learned about this from the email.,0
"Isis suggests going to Australia due to its warm weather, but Lewis cannot afford to go and must stay in their current location to work. Isis becomes frustrated and calls Lewis a ""killjoy"" and ""agreeable"" while Lewis responds",1
"Susan is worried about her car, but Phil finds out that the problem is only with the tire, and advises her to get her boyfriend Tom to fix it.",1
Galilea and Cortez will watch a movie togehther. Galilea has fear of unexpected noises. She doesn't want to watch horror.  ,0
Irene has been invited to a wedding but is unsure if she would like to go. ,0
"Sookie and Paul discuss Paul's recent medical test results, which he expects to receive on Monday, and plan to celebrate and relax tonight.",1
"Frederic and Alma commiserate about their dislike for Mondays, with Frederic sharing a photo of himself dressed up for work.",1
Irene is feeling conflicted about attending her friend's wedding in another city because she didn't know the friend was engaged and didn't feel like she had anyone to accompany her.,1
"Luke and Tom are making fun of the song ""Flash"" from the movie ""The Flash"" and discussing the correct spelling of ""savior"" or ""saviour"".",1
Edward will bring Bella's notebook to the office.,0
"Ulia wants to see a football game with Jerry tonight, but he is not a football fan.",0
"Zoe is excited to share that her date with Daniel was great and he has good qualities, but there was no sex involved.",1
Jill will be a little late. June is almost there and she will get a nice table for them. ,0
Lauren hates autumn but Diego doesn't complain.,0
"Hannah and Jonah are considering joining an event at the vineyard which starts at 7.30 and Hannah offers to pick up John, Kasey and Chad on their way. John advised Hannah to take something to sit on. There's a restaurant at the vineyard but Hannah will prepare a picnic basket anyway.",0
"Emma thanks Jo, Ted, Jennifer and Emma for an amazing time they had together, as well as for their presence and gifts.",0
"Fiona is devastated that Roger, whom she had broken up with again, has left her for another woman, Mandy, whom he met on Facebook.",1
Dinny is on a business trip and will be home later. Harris has already done the shopping for the weekend and will cook dinner for them.,1
"Ursula invites Anna and Jason to go to Vail with her in February for skiing, but Jason cannot go as he is going to Thailand during the reading break. Anna is interested but cannot go as she has plans. Ursula lets them",1
"Sid will pick Rose up at 6, and she will pack him leftovers from the party at the office. What is left are meat dishes, soup and dessert.",0
"Ashlee is looking for her dog Cash and Bob is telling her that he is not at home, but Ashlee is sure that he is there. Bob then tells her that Cash went for deer hunting again, which Ashlee is upset about.",1
Joseph has a surprise for Sara.,0
Vincent and Charlotte are studying in the cloister today. Harriet and Ben will go to the library. ,0
"Steven, Trevor and Logan are going to watch episodes 1-3 on the first night of their ""Star Wars"" marathon.",0
Elisabeth will buy some bread for Ann.,0
Chris regrets eating over his keyboard.,0
"Andy informs his mother that there is a package coming for him, and she agrees to pick it up if he is not home. However, when Andy reveals that the package contains games he ordered online, his mother expresses concern and they need to",1
Joseph confirms that the diamond will be visible in the 6-hold model and also suggests setting it in the 4-prong model.,1
Abigail is angry with Adam for disregarding her and won't talk to him.,0
It is OK to stay longer at the venue if you pay more for the band.,0
"Xavier and Kelly are planning a date, they are going to a new small cinema to watch old school films and then they will cook dinner together before the movie.",1
Monica is ready to go but needs to get her shoes on and is asking Dan for directions.,1
Samara wants Jay to redo his work. The text should be written in third person. He has to add the strap line and remove some punctuation. Samara will work on the sources.,0
"A went to Vietnam for a surgery conference held once a year. B went to three different events during this weekend, including one on health-related issues. They will meet on Wednesday to catch up.",0
Bart wants to change his job. El agreed to write Bart a reference. Bart will send El a list of his responsibilities.,0
"Trudy needs someone to double-check her statistical results and asks Janice to do this. Janice recommends Amy. Trudy is not comfortable with asking Amy as they don't know each other that well. Amy, however, can do that for a fee.",0
"Elizabeth informs Charles that Beth is still struggling with her medication and looks ill, but is still visiting them. She also mentions that Beth has a job and is receiving treatment. Charles asks about Patricia's wedding, to which Elizabeth respon",1
"Sylvia is asking her guests to confirm if they will be attending an event until the end of October and offering to organize transportation if needed. She also mentions that liquid flowers are an option. Nat confirms their attendance, and Sylvia respon",1
Josh informs Alex that he has arrived at the gate and that boarding is almost complete.,1
Nadia invites Claire for a trip to the park. Claire declines as she is at the zoo.,0
"Noah informs Clair that he will be late due to traffic, and Clair responds by waiting and telling him to relax.",1
Howard is waiting at the top of the stairs. Stephanie has to cross the street. Stephanie will see Howard in two mins. ,0
Branden is angry because he lost the money and the game. Suki tells him how to change the strategy and win.,0
Trent agrees that Rosalie should spice up the spaghetti.,1
Scarlett is on a bus and it is very hot and humid. Andrew suggests she drink tea and read a book while he prefers to stay outside in the cold. Scarlett wishes she could have a cold beer but is afraid to drink anything,1
"Stephanie is busy and unable to talk, but promises to be home at 8 pm.",1
Mateusz is not happy about Piotr closing down. Mateusz reckons it's due to bad planning. Neither Sarah nor Alexander are surprised. ,0
Joshua wants to either approve or delete a file. Evelyn and Aria reckon it's not an ad so would approve it.,0
Bernadette made kimchi. Juno is impressed.,0
"Ross is grounded by his mother because he broke his leg, and she won't let him visit his friend Brian. Brian thinks it's ridiculous and Ross agrees. Ross plans to run away from home to make his mother realize what she'",1
Mike and Dora're in some part of Dublin where there're no bars to go when it's raining. They're going to a concert tomorrow but they don't expect to visit any landmarks of Dublin. They don't exclude going to some escape room later tonight.,0
"Melanie asked Percy if he had a few minutes to fill out a survey for her master thesis, and Percy agreed.",1
Ted has twisted his ankle.,0
Renee and Sue can't stand her and think she's extremely ugly.,0
Clara has an interview in PwC tomorrow. She doesn't have anything formal to wear. She's size 36. Sophie will lend her a jacket. Clara will go to Sophie's place to try it.,0
"Cora sent her brother a photo of her newly washed and gone hair, and he responded by saying that he loves her and wishes she knew how much he loves her.",1
"Sammy offers Crista some vegetables because he bought too much, but Crista declines and thanks him. Later, Sammy suggests that Crista can take some for her pet, and Crista agrees.",1
Donovan sends Kyler the documentary. The file is quite big.,0
Beatrix's dog is running everywhere and Catriona cooked this today.,0
Zac will order an Uber for Harvey at the City Hall because she has problems with her credit card.,0
The group has completed a total of 39 pomodoros.,1
"Rachel threatens to harm Luke physically if he ever approaches her sister again, accusing him of causing her pain and making her unhappy. Luke responds by calling Rachel a ""smart bitch"" and telling her to stay out of their lives.",1
Isla wants to order a calendar from an online shop and offers to order other items for Nora as well. Emmeline also wants to order a calendar and a pen with flowers. They plan to order everything together and have Isla give it,1
"Kate did their invitations by herself, but she consulted her graphic design lecturer. They will start handing them out personally next week. They will only send one invitation - to Kate's aunt in Canada. ",0
Kate asks Jamie about his accommodation in Mexico on Bill's request. He was in 2 hotels and 2 Aribnb flats and the experience is generally positive. Kate had noisy guests last night. It was New Year. She told them off. ,0
"Arman is on his way to Sarah, but he will be late due to plane icing. The passengers are redirected from the plan back to the airport. ",0
Stephen is unsure about his future and considers pursuing a PhD in philosophy to eventually become a teacher like Anne.,1
"Matt is leaving for China on Tuesday. He was supposed to go to Mary's wedding with Kelly. She asks Jean to go with her, and he agrees. The wedding will take place on Saturday. ",0
"The group discusses whether or not to tell their boss about quitting the business, with Dominic expressing his lack of trust in her and Ben feeling sympathy for her.",1
Amy will pick Thomas up at 7:15 and take him for breakfast then to school.,0
"Klara rescheduled her appointment with Bobby because she has to go to the dentist and is in pain, and Bobby advises her not to take any painkillers before the dentist.",1
"Rene and Luisa discussed the soccer game they were watching, where they were worried about the outcome but were impressed by the team's character in the end. They agreed that a draw was not a bad result and that the team fought hard.",1
Jacob and Martin won't have the German test tomorrow as their teacher is sick again.,0
"There was no Amazon delivery for Sienna today yet. This time of the year, however, Amazon delivers twice a day. Sienna's delivery is expected today. Ed will bring the package to Sienna as he needs to make a trip anyway.",0
"Jazz is going to see Bohemian Rapsody with Sarah on Monday night, 7.40 in Avonmeads Showcase. She is also going to watch Mary Poppins with Kerry on Saturday morning, 10.30 in Odeon.",0
Brian had an accident. Brian's father will take him home. Lukas is mad about his car.,0
"Sarah, Lucy and Rosie are going to the salsa club this weekend.",0
Zachary will visit Ryan to borrow some PC parts for building a test bench.,0
"Judith explains that she is busy at work and Max complains that she always attacks him, to which Judith responds by asking Max to put himself in her place and understand the demands of real work. Judith also criticizes Max for not",1
Bill shows a video from a recent trip and Tom recognizes it as being from last week. Martha points out Tom singing in the rain and Bill laughs. Tom asks if he shot that part and Martha confirms it. Bill then considers whether,1
"The group is discussing their trip to the Westfjords in Iceland, where they went horseback riding and experienced stunning hot springs and landscapes.",1
"Albert tells Thea that he heard Samantha was seen with an ""old guy"" at the 60/70 Club and they were kissing. Thea questions if it could have been her father or someone from her family, but",1
The Wifi is down for Eric. It works fine for Summer at D1. It also works for Julia.,0
Layla needs Jacob's help with her flowers.,0
Ben is coming back on Monday. There will be nobody at the office at 4 today. ,0
Nina and Frank have been talking more since they had coffee together. Helen notices they have been more active on Facebook.,0
"Linda has to vacate her apartment in 3 months. She refuses to ask people on Facebook if anyone has a place to rent, as Lisa suggested.",0
Fiona couldn't find Jim until he waved at her.,0
Lexie is on her way and will arrive soon.,1
"Austin showed Charlie a video of a man from India suing his parents for giving birth to him, and Charlie found it ridiculous. Austin was curious if the man would win the case, while Charlie thought it was messed up. They then talked about",1
Bob informs Barbara that Fiona will be late to the PTA meeting.,1
Engelbert likes Sasha's photo on FB. Sasha doesn't know him and is not interested in talking to him. ,0
"Karen asks Rick if there is a band downtown this weekend, Rick suggests calling the band to find out, Karen suggests checking their website or Twitter for a schedule, Rick calls the band and finds out they don't have a schedule posted anywhere, so",1
"Amilie advises Theodor to talk to his supervisor about having night duty several times a month and suggests that he should be informed in advance, as it is rare for the supervisor to let him know before getting ready to go home.",1
"Bill and Hank discussed the American Gods TV series and book, with Hank expressing his enjoyment of the show despite not having read the novel. Bill praised the series' faithfulness to the original and recommended other Gaiman books for",1
The Tesco that's out of town has the cheapest gas according to Alice and Sara.,0
Lora from the insurance company is visiting Mary's home for inspection and is on her way to the house.,1
"Mia is not feeling well and has a yellowish fluid running down her nose. James offers to bring her comfort food, specifically mac n cheese.",1
"Charles is excited to form a band with guitars, drums, keyboard, and vocals, but Daniel and Martin are hesitant due to lack of experience and fear of failure.",1
Monica is passing by her shop and offers to get eggs and small tomatoes for her father who wants to make a fritatta.,1
"Sophia consoles Emma who is not feeling well and thinks she might have the flu, assuring her that she will get better soon.",1
"Donna heard a good rumor about Ben and wants to know if it's true that he proposed to Katie. Ben confirms it and congratulates Donna, but asks her not to tell anyone as they want to keep it",1
Bonnie and Tyler's parents' car is broken so they have to reschedule their family dinner.,0
"Olivier is leaving with his parents this weekend, so he can't skype with Pierre.",0
"Jason arrives at the east coast and finds it cold, his mother had warned him about this but he didn't believe her. She reminds him of this and he laughs. She also tells him that his father is there watching TV. Jason says",1
"Marge is on a trip with her husband Frank and is enjoying the warm weather and hospitable people, but finds the food too spicy and stodgy. Camilla is alone today because her husband has gone fishing, but plans to go out",1
Lily finds the place recommended to Jessie by her friend nice. Lily offers to call and ask about the price they expect for 30 people there.,0
Jessica's bought a new yellow jacket in a new shop around the corner.,0
Owen invites Monica to come over to his apartment for dinner on Thursday night. Monica accepts and brings something to drink. Owen has wine and beer already.,1
Filip wants that Alienor translates for him a manual of a device manufactured by his father from English to French. Alienor translates the fragments of the manual and sends them back to Filip. He will approach her later for some more translation.,0
"The group is discussing whether or not to allow Trudy, who is not blood-related or married to any of them, to join their WhatsApp family group. Trevor argues that family is not limited to blood bonds or marriage,",1
"Jerry informs Olivia that Dave had to attend his aunt's brother's funeral, even though he didn't know him well.",1
"Keanu was stood up on a date, felt humiliated and cried. Tilda consoles him and tells him that sometimes it's better to find out if someone is not right for you early on.",1
"Matt, Brian, Alex, Jackie, Mark, Armin, and some other people are watching RuPaul Drag Race tonight.",0
Carol is getting a full body massage half price for 75. She booked an appointment with Sandra at 1 pm. Liz will wait until Carol goes to find out her opinion. Liz will ask around but Carol doesn't want to know if she chose badly.,0
"Shirley might be late for training. However, the training might start later because other participants are also running late.",0
"Anita hasn't painted anything for a year. She asked Ruby to give them another try, but Ruby refused. ",0
Lea and Milly are planning to go shopping together and Milly needs to buy new powder. They have agreed to meet at 1 PM.,1
"Steve had a slightly less boring day at work, watched Sex and the City with Fleur, and went to IKEA to buy some cutlery and blankets.",1
Archie did not get the car yet.,0
"Ron is upset because Dorothy is still mad at him, and Tim tries to cheer him up by saying that he understands her feelings, but Ron gets angry and accuses Tim of taking Dorothy's side.",1
Carson's outside Sasktel centre while Jake's in the bathroom.,0
Erika and Marcus have a class in Room 243 today.,0
Sam got her first credit card.,0
Luana showed Tori a photo and Roy commented that it looked cool and suited her. Tori agreed.,1
Gordon has bought his first car and shows it to Leo.,0
"Dean and Daniel planned to go for a swim today. Dean has already been waiting for 15 minutes, because Daniel has forgotten about it and is still home.",0
"Chloe will be late, as Charlotte reports. Amber and Charlotte are stuck in the traffic jam.",0
"Mike apologizes to Tracy for something he said, Tracy forgives him and advises them all to be careful in making conclusions, the whole situation is ridiculous and they should forget about it.",1
"Jim incorrectly added British Museum to the event info and wrongly send it through fb, twitter and mailing list. Violet might send a correction message to all interested.",0
Ellie and Liam are seeing Ben tonight at 8ish. Ben will be preparing pizza with them.,0
South Sudan is the youngest country in the world. ,0
Penny and Stan wish each other Merry Christmas.,0
"Ann and Mona should read ""The Petit Prince"" for tomorrow. ",0
"Eloise needs a new phone, but not iPhone, something less expensive. Miles recommends a phone, Eloise thinks it's promising, Sheldon recommends Nokia. ",0
"Angelina and Jennifer are planning to go to the cinema to see ""First Man on the Moon"" on Friday at 7-8 pm at Cinema City Arkadia.",1
"Ana wanted to take a dog leash, but it's dirty. Luckily, she has another one. Ana and Anthony are meeting for dinner tonight. They are going for drinks around 8pm. They will move to the restaurant next to the beach after that. Anthony will make a reservation.",0
"Clementine shows a photo of her cat and tells her friends that he is a demon, causing them to react with surprise and amusement.",1
Dell and Andrea are having a FaceTime call in 10 minutes and express their love for each other.,1
Kieran's going to go to the bakery to have pizza around 5:50. Ashley's already there and Kerry agrees to go with Kieran.,0
George watched a dejan lovren snapchat video where he called Spain players a bunch of pussies,0
"Jayden is neutral about Brexit, but he thinks the draft agreement is not very sensible.",0
Teresa has found Suzie's bag.,0
"The group is discussing an article about a female businesswoman who was not criticized by feminists for her actions because she is a woman, and how this highlights the issue of intersectionality in feminism. Sara argues that this is an example of",1
Natalie bought Broadway tickets in the front row. Catherine'd go if she could afford it. ,0
Lilia will play COD with Masen.,0
"Martina, Andy, Claudia, Yuri, Zeke, and Pat are having a party tonight. Simon won't come because he is upset with Andy and Diego. Diego can't come because of work.",0
Alex likes Eli's friend and wants her number. Eli won't give it to him as her friend has a boyfriend. Alex will try to get it on his own.,0
Tim will be leaving in 10 min to pick up Tony and Elisa. Jeff warns him about scarce parking available with 3 minutes of waiting time allowed. They will either find a parking spot or circle around in case they need to wait on someone.,0
"The girl to Paul's right is attractive. Paul might try flirting with her, although he's not sure, as she has already slept with Chaz the other night.",0
"Tom and Diana are discussing Tom's and his wife's need to buy a flat and sell their old flat. Diana suggests that if stability is more important, they should buy a flat, otherwise she suggests renting. They are looking for a",1
"Katherine and Cristina both have seen ""Ben Is Back"" and they liked it. ",0
"Brad, Hank and Gary are watching a match. One of the players is having an amazing game.",0
Uncle Pete has lost his father's new phone number and is asking Rachel for it. Rachel provides the number and also invites them to come over for tea.,1
Ben and Rafal are meeting in 2.5 hours at the subway exit 9.,0
"Madeleine and Dakota love watching ""Friends"".",0
There was a storm last night. Jamal lost the power for a couple of hours and his garden is wrecked. It's still raining where Carrie lives.,0
"John talks to Mike about his fight with Martha over a misunderstanding, and how he thought she had changed boyfriends but found out her new boyfriend's brother is Andy, whom Mike has met and thinks is a nice guy.",1
Daniel gives Jeff some advice on the Discworld book series. Jeff should start from the first one and read them in order in which they were released. ,0
"Annie and Mike are discussing her recent breakup with her Italian boyfriend, Pietro. Annie reveals that she dumped him because he became unbearable after the first couple of months and that she trolled Mike by writing fake messages to him from Piet",1
Lea and Jenny are going to eat dinner together on Saturday at 8pm with some other people. Lea will bring a dessert.,0
"Lara is leaving and heading to Mercy's location, which is at 7.",1
"Lizzy and John discussed Monica's gallery opening, where Lizzy thought the first speech was the best. John was late and missed it, but Lizzy told him about the funny pictures Monica showed. John asked about Mark, and Liz",1
"Noah wants to meet, he quit his job, because his boss was a dick.",0
"""Love Actually"" is on Channel 4 right now. Sandy and Joanna are watching it.",0
The page Fred and Greg are looking at is full of funny memes.,0
Dan forgot to text Miller eariler. Dan will bring some tacos for Miller.,0
"Jackie shows a photo of her boots and Paulina compliments them, prompting Annie to express her desire for a similar pair.",1
Alba and Drew changed cafés and went to one called El Pino. The café is located 50 m from the old one in the direction of the river. Dani can see Alba and Drew.,0
Rick left a black sweater with a thin red stripe on the side at Phil's place and can pick it up tomorrow when Phil brings it to practice.,1
"Anna learns that Theo, Luis' friend from Wawa, reached out to him recently. Anna met Theo at the New Year's Eve party. Luis likes his new school better than the old one in Wawa. He will soon start a job as a waiter. ",0
"Tom and Brigdet discuss an event involving an isolated island tribe and a man, who tried to contact them, wanting to convert them to Christianity. Bridget thinks outside contact could be dangerous for the people of Andaman Islands. She believes they should have the right to be left alone.",0
"Laurie, Ashley, Matt and Jesse are going for some yoga tomorrow at 8am.",0
"Mark and Bunny have an argument about Bunny going to the movies with someone named Julia. Mark accuses Bunny of cheating on him, and Bunny denies it, but Mark is unconvinced. Bunny asks to talk",1
Carly is upset with Don because she has been waiting all week for someone to pick up her car for repairs and Don has not been able to provide her with an estimated time of arrival. Carly is grateful when Don assures her that someone will,1
"Kyle, Kian and Jodie agree to watch the game in a bar at Kendall Sq. The match starts at 8 o'clock.",0
Liz and Jerry will go to Madrid at the end of March. They will spend two nights in Berlin first. ,0
Tom had a job interview. The potential employer hasn't called him yet. Dean calms him down.,0
Archie apologizes for forgetting about Uncle Steven's visit and cancels plans for a beer with the boys.,1
"Glenn invites Patrick to a match, and they discuss what time to arrive and what to bring.",1
Nancy is seeking advice on choosing a new foundation and Nata offers to help her find the perfect color.,1
Peter will have a hamburger.,0
Amanda doesn't like Jake and she makes fun of the fact that he has a beard now.,0
Anne got accepted.,0
Freddie asked Samuel if he picked the solo photos and reminded him that he had sent some group photos. Samuel agreed to send them again.,1
Matt is not a fan of Donnie Darko or Eternal Sunshine of the Spotless Mind. Otto identifies with the second one because of his failed relationship.,0
Barney made the pumkin pie according to the recipe from the Starurday's show and shares the recipe with Telma.,0
Betty reminded Paul to feed the cats and they exchanged a loving message.,1
"Abigail argued with her mother. She is furious, because Abigail and Josh got engaged. George will drop by and spend time with Abigail.",0
Isis hate winters here. Lewis points out that you need money to go somewhere warm.,0
"Josh refuses to go bungee jumping or skydiving with Paul, calling him a ""nutter"" and saying it's not something he could ever do.",1
"Beccy is having a bad trip because she doesn't have a seat and her back is aching, but Robert cheers her up by reminding her of a funny video from his trip to China where he also had no seat.",1
"Andy is going to pick up Carol and they are both heading to the hospital. Carol is struggling to come to terms with the loss of her baby, while Andy is trying to prepare himself to help her through the grief.",1
Jenny gives James a couple pin points about his CV and applying for Junior Project Manager at Netflix. She speaks highly of the atmosphere and her employer.,0
Suzie and Kate met last night.,0
"Odin is busy, helping Zara to make a facebook account. Reyna can help Zara, she texted her already. ",0
"Gerald asks Judith to let their dog out and Judith agrees to do it, even though she doesn't have the key, which is hidden under a pile of stones next to the entrance. Gerald is grateful and invites Judith",1
Lee complains about the noise from Issac's redecorating while Issac apologizes and explains that they have a lot to accomplish and wanted to start early on Saturday morning.,1
"Michael shows two photos of pretty women to Gertrude and Jason, who both agree that they did not deserve to die in the manner they did, and that the person responsible should be caught soon.",1
"Luke grew an avocado, grapefruits, oranges, and lemons from seeds but they never grew big. He also accidentally crapped in his neighbor's plant pot and covered it with soil. To his surprise, a few",1
Hannah and Nata are discussing going shopping for new brushes and they plan to do it on Saturday.,1
"Henry expresses his frustration with the depiction of women and slavery in the Goblin Slayer anime, while Luke defends the show as fiction and urges Henry to let the creators be.",1
"Gallo informs Madani that they need to leave in 2 hours because Adam has been taken to the hospital, and Madani asks if she can get the kids ready before Gallo picks them up. Gallo gives Madani his card from",1
Martin and Tim will meet in 5 minutes.,0
"Dan is stressed about a doctor's visit because his mother died of a certain type of cancer, and Mark doesn't understand why Dan is so stressed because there was no reason to be.",1
"Nina was at a girls' weekend, they tanned on the beach, went on excursions and to the clubs. They are planning on going again in 6 months. Theresa will go with them.",0
Monica's nervous about not being contacted by him. In the end he writes to her.,0
Connie worries about Cora because she hasn't received any photos from her in the last few days. Cora is on a cruise and she doesn't have Internet access. ,0
"Zoe is panicking about her art piece for a village show, Rachel offers to give her feedback and suggests some changes to improve it. Rachel has won the show 5 years in a row.",1
"Tim confessed to his friends that he has HIV and they all reacted positively, expressing support and love.",1
Ted apologizes for not getting back to O'Neill and explains that he has been busy. He assures O'Neill that everything is fine and promises to send him a photo later. O'Neill is happy to hear from Ted,1
Erin will go to Jade's house for a day after pill. ,0
"John asks Irma if she plays tennis, Irma laughs and says she doesn't know what someone who plays tennis looks like, John apologizes and asks if she would like to enroll in a tennis class with him at the community center",1
Isla was exhausted so she forgot she parked in the back alley yesterday.,0
"Claire is upset that her neighbor, whom she hates, has become an MP. Kevin teases her about being jealous, but Claire reveals that the neighbor killed her cat 5 years ago. Greg sympathizes with her.",1
Jeff's car died on the way back from work and he is worried about what to do next. Gina and Jo express sympathy while Kim also shares her concern. Lilly offers to help if Jeff needs a ride.,1
Caroline booked the hotel for Sven. He will be there on Friday and Caroline wants him to be on time.,0
"Hannah and Wendy are mad about the freezing temperature outside. Claudia doesn't care, because she feels warm.",0
Dean is studying a lot so he wanted to invite Laura for dinner tonight. Laura promised she would help her mum tonight. Laura and Dean will have dinner tomorrow. ,0
Catriona shows Beatrix a photo of her dog and Beatrix compliments the dog. Catriona then shows Beatrix a photo of the food she cooked and Beatrix compliments the food. They discuss the similarities and differences between the,1
"Mandy reveals that Amy smuggled cocaine in Latin America, Sarah and Svetlana express shock and disbelief while Sarah also hopes Amy didn't get in trouble.",1
"Sara convinces Judd to join the 5K for a good cause, despite his initial reluctance due to being out of shape and not wanting to get sponsors, but ultimately agrees to join.",1
Rowena will give Agnes left-overs from her dinner for tomorrow. ,0
Ginger wants to borrow Willow's falsies but Willow says no.,0
"Bill tells Tom about a problem at school where someone cut the tires of cars in the parking lot, including Bill's math teacher's cars. Tom expresses concern and says that the person who did it must have been angry. Bill reveals that",1
"Paige showed her friends a photo of her new kettle and they all liked it, with Lydia exclaiming how amazing it was.",1
"Agnes mistakenly thought Ann's birthday was today, but Mona corrected her and said it's next Wednesday. Agnes apologized for the mistake.",1
"Jen's looking for a present for her sister's 30th birthday. Following David's advice she will get her a Waterstones voucher, because she likes reading books.",0
Nick won't lend money to Erin for Prada shoes.,0
Don was grateful for the input from Karen and Lucy in helping him make a decision.,1
Ralph is going to Sheffield for a business meeting. Felix suggests Ralph visits Sam but he lives too far away. Felix's grandpa used to own a small pub. Agnes reckons people knew how to have fun back then but Brittany thinks we do as well.,0
"Mary, Frank and Anne will teach children to discuss animals in French today.",0
"Mike and Jason discuss their plans for New Year's Eve, with Mike suggesting various options for celebration, but Jason is uninterested and doesn't understand the excitement surrounding the holiday.",1
Scarlett left Brian and Sophie yesterday. She is getting better today.,0
"Martina sells Peking ducks, moulards and green legged cocks for 30 zl/kg and eggs for 0.8zl per one. Transportation and delivery are personalized. Martina's from Sierakow area. Magdalena buys chickens for 30zl per bird.",0
"John and Tyre discuss John's conversation with their neighbor, who is religious, and John's belief that religious people are generally stupid. Tyre disagrees and argues that there are both intelligent and foolish religious individuals, just as there are",1
"Miranda works for a huge company and is still in training. She likes the opportunities the company offers, even though it is not her dream job. Miranda will meet some clients next week and also meet 2 girls, with whom she will work most of the time. She will meet them on Monday.",0
Agnes is renting a room in a tenement house in the Czech Republic and is excited to try the local ice cream.,1
"Ann is coming home and is hungry, Jim has already done the shopping and made pasta and salad, Ann is not sure if Jim understands her and is asking if there is anything to eat, Jim assures her that there is enough food, and",1
Diane and Nicholas are discussing Maria's oversharing on Facebook and how it has affected their friends. They agree that Maria needs to stop and have an honest conversation about it. Diane suggests that she should be the one to talk to Maria,1
Przemek from the IT department annoys Janek. Milena tells Janek to ignore Przemek.,0
Daniel introduces Penny to his photographer and they plan a shooting for next week.,1
Gabriele loves the dog.,0
"John will buy the goat cheese Tracy liked, milk, a couple of grainy rolls, and tissues.",0
"Aaron apologizes for being a bad friend and Linda responds that it's all good, looking forward to catching up.",1
Avery and Nicholas are going to see a play at the theatre to celebrate their anniversary.,0
Mark had a business meeting with his new boss Susana at the club yesterday. Henry wishes he had such a hot boss. ,0
"Robert and Matt plan to meet for dinner on Monday evening, with Matt picking Robert up after he's finished.",1
Emily sends Savannah a link to a comedy video. ,0
"Monica is nervous and feeling ignored by someone, but Paula encourages her to relax and not overanalyze the situation.",1
Lenny does not work for a company from Mali anymore. Islamists took control over a significant part of the country which made it unsafe. Lenny and Kim are now working with a company in Burkina Faso.,0
"Michael is looking for a good fish shop and gets various recommendations such as farmers' market, Marks&Spencer, but none of them seem to fit his criteria.",1
Mandy and Jordan are thinking about admitting their son to primary school. Jordan will call Alex to find out his opinion and they will discuss later.,0
Tommy made his first steps. Greta is proud of him.,0
Jen thinks it's cheesy what Pierce Brosnan did for his wife on the 25th anniversary. He tweeted pictures of them thanking for 25 years of love. Jen compares her relationship with Pete to the marriage of Pierce Brosnan. Lena believes Jen should not compare.,0
Jack hasn't seen Lola for some time and he'd like to know how she's doing. Sissy saw her before Christmas.,0
"Anita and Mark plan to go to Carnegie Hall to listen to Rimsky-Korsakov on Friday, and Anita offers to book the seats.",1
"Bill's eye surgery went well, he's doing good despite other health issues, but he continues to drink.",0
Ben is waiting for Frank's report that was due yesterday morning. Ben requested Frank immediate presence in his office.,0
Theo's plane is landing at 3 pm. Franck and Theo's mum will be waiting for him.,0
Peter and his girlfriend enjoy watching ice skating. He would like to watch porn with her. Kevin also likes watching ice skating. ,0
Leah met Zachary on Tinder and is going to his place tonight at 9 with a bottle of wine.,0
Mia is wondering if Sam is living alone or with Mary. Carl doesn't know because he hasn't been with Ian at Sam's place.,0
"Brandon asks Sheila if she wants to go see the new Queen movie with him on Saturday, but Sheila is hesitant because she doesn't want her mother to think they are going on a date. Sheila eventually agrees to go",1
Pam and Kitty will meet at the Shrimp House at 3 PM to celebrate finishing their exams. Plates at the Shrimp House cost 30-35 PLN. Pam will clean her room first. Pam spent the whole week studying.,0
"Ben, Meg and Kelly give Nancy advice on how to improve her daily routine.",0
Victoria looked at the pics which Jake texted her and she thinks it looks very good.,0
"Paula greets Pam and Sue, inquires about their well-being, and reveals that she is doing okay health-wise but has experienced other incidents that she will discuss with them at a later time. Pam and Sue express their agreement that",1
"Ian has two free tickets for ""Meru"". Gus considers it to be the best movie about climbing. Ian and Gus will meet at Clyde's pub at 8 PM.",0
Sarah doesn't care about a handsome guy who was looking at her in the bus. She's self-aware and values inteligence more than the looks. Monica is positively surprised and impressed.,0
Blase is stuck in traffic. Toby is worried that they will miss the game. ,0
"Martin is sleeping on Allie's couch next weekend and brings wine, chocolate, and something fun from his city as a gift. Allie is excited but wishes for hard currency instead. Myra teases Allie for being a ""bitch",1
"Gina organize a meeting at her place before Thanksgiving to talk about intervention for David, who hasn't stopped drinking since his girlfriend broke up with him. Bridget is not convinced but she will think about it. ",0
Justin will pick Cecilia up at noon today and they will go for lunch.,0
"Kyler complains to Donovan about not receiving a video he requested, which turned out to be a heavy documentary. Donovan dismisses Kyler's complaints and mocks him with an emoticon.",1
"Emily suggests Denise take her little brother to the park and playground, and Denise mentions a new boy in their class, Chris.",1
"Zachary and Leah are making plans to meet up tonight at 9. They decide to meet at Zachary's place, and Leah brings a bottle of wine. They both seem excited for their date.",1
"Leroy offers to help Emmy with her desktop computer that keeps freezing. Leroy suggests deleting temp files and defragmenting drives, and offers to do it remotely using TeamViewer. Emmy downloads and install",1
"Ethan is going to the cinema with Dana at 1pm and then they are going to a restaurant. Ethan is not sure if he can call it a date, but Dan finds it funny and they continue to joke about it.",1
"Bert is on keto diet. Roman wants to try it. Bert eats a lot of fat, but no carbohydrates. Tonight Bert will meet Roman at the gym on Sycamore street to talk about the diet.",0
He looks like Johnny Depp.,0
"Patty and Ann are discussing Jeff's condition after the previous night, and they express concern as Jeff is still vomiting.",1
Adam is looking at airbnb to book NYC. Tom wants to make sure the basics are included. Adam booked one near the Central Park for 38 per night.,0
Millie is coming home from work around 6 pm. Ava will be waiting for her because she has lost her keys.,0
"Riley suggests Jocelyn to dye her hair and proposes a hairstyle, but Jocelyn is not sure yet and brings the photo to the hairdresser for consideration.",1
"Emily and Lorelai argue over a secret that Emily kept from Lorelai, with Lorelai feeling hurt and betrayed and Emily feeling like her boundaries were respected.",1
"Patricia, Eugenie, and Alicia are discussing the Royal Wedding, with Patricia expressing her love for Harry and Eugenie gushing over Meghan and Harry as a couple. Patricia also comments on",1
The group decides to have a movie night at Lisa's place instead of going to the cinema for Valentine's Day. They will watch Bridget Jones again.,1
"Richelle needs advice about studying in Scotland. Sheryl finds that the beginnings can be difficult because of English and that everyone is shy, believe in stereotypes, but later more open minded. Sheryl also mentions that the cost of living in Scotland is higher.",0
"Kim urgently requests her pink sweater from Bonnie, who initially hesitates to give it up, but eventually complies.",1
Dylan and Tyler will go to a pub and watch a football match tomorrow.,0
Jim informs Eva that he won't be able to come to Poland for Christmas and that his kids will fly with Aga's parents. Eva expresses concern about Jim being alone for Christmas but Jim assures her that he will probably see,1
"Kate wants to go to the seminar, but Ralph convinces her it is going to be very boring. Kate and Ralph are going for drinks instead. They are meeting in 30 minutes at the bar.",0
"Megan invites John and Bob for cycling, but they are busy today and suggest cycling tomorrow at 5 pm. John mentions that he is going to the dentist and Bob says he is also going to the same dentist.",1
Sally is having trouble with Waze draining her phone's battery too quickly and is considering switching to Google Maps.,1
"Debra, Lois and Miranda are looking for an apartment to rent together. Debra found one apartment, with the electricity bill in the amount of $100/month and $500 deposit. She booked a tour of the apartment for Thursday 6 PM. She also found some more offers. ",0
"Arlo requests Lexi to send a note to production to connect him with Ken, stating that it's not urgent.",1
"Tero's game launch was ""ok"" but has now broken even and is expected to start making money. Marcin thinks it was a great launch considering Blizzard's recent difficulties. Alleatha bought the game and found it",1
Dana will join Marge at the cat shelter this Friday. Marge wants to adopt Max.,0
Laura is going to Wal-Mart. Eric wants to start planning their holiday. Eric feels nothing he does means anything. Laura won't talk to Eric when he's like that.,0
"Patty lost her phone and Miles helped her block it, they both expressed their disappointment and Miles wished her a happy Christmas and New Year.",1
"Frank invites Maddy and Alice to play FIFA with him, but Maddy declines, and Alice accepts the invitation.",1
"Diane is disappointed because a small PR agency chose someone else for a project, despite Jane and Chris's suggestion to give them more time.",1
Radha wants to know when Silvia and Sarath will join her in breakfast. Silvia's coming now and Sarath'll join them in 20 minutes.,0
Tracy is talking to Bob and Dominic about their arrival at the bus station. They are on the bus and will be arriving at the station in approximately 15 to 20 minutes.,1
"Susannah will come this evening and stay with Liz from 7 to 11pm, while Eva is with James.",0
"Eli and Char are discussing their dislike for a class they have to take together, with Eli expressing more frustration because he has to sit next to the person he dislikes in every class.",1
"George lets Kayla know what Kayle will be back probably on the 13th. George doesn't miss him as Kayle is a tough roommate, yet still he's better than Ava. ",0
"Shawn, Misty, Dan, Alex and Olivia will make a pizza. Misty will buy the ingredients. Alex and Olivia do not like takeaway pizza.",0
"Melania invited Melissa and Jenny to go shopping with her this afternoon, and they both accepted.",1
Natasha and Jim are working on the tasks for Apple.,0
"Monica asks Charles if he wants her to buy ice-cream, but Charles says he'd have some but it's not necessary. Monica reveals that she's full and suggests tea and exercises instead. Charles suggests something else to",1
Chandler will try to write a one-shot only if Brittany sends him a new chapter of her fic. She agrees. Chandler likes her work a lot. She sometimes thinks about writing her own book. The main character would be an unlikely hero.,0
Ava and Noah are discussing their upcoming projects and are glad to have an extra week for research. They have not decided on their project topics yet.,1
"Nichola and Gertie are discussing a fun disco party that Nichola attended with Billie, Tracy, and Greg. Gertie expresses her desire to join them next time and practice dance moves together.",1
"Rebecca ate a candy and found it nice, Abigile suggested some restaurants for her to try and invited her to join him.",1
"Liz confirms the time and location of the meeting, which is at 9 am in suite 103.",1
"Mrs. Johnson suggests moving funds from the project's later phase to the current phase to make the initial phase seem cheaper, which Mr. McKinnley agrees to ponder upon.",1
Matt and Robert will meet on Monday at 7PM. Matt will pick Robert up. They will have a dinner together. ,0
"Gabi got a job in Seoul but is worried about housing due to the high cost and potential safety concerns. Herra suggests renting a studio room or a lodging with other flat mates, but Gabi is hesitant due to",1
"Jeff got the book ""The Essays of Sontag"" from the library, but it was always borrowed, and now everyone has it on their curriculum. Marina thinks it's been available since the 1980s, and",1
"Leona is feeling bored and asks Otto about the last movie he saw, which was Predator. Otto responds by saying he watched it on his laptop and sends her the link.",1
"Julio is looking for his recipe for overnight breakfast casserole. Polly does not have it, but she thinks Julio should look for one on the Internet. He prefers to find the other one as it had a special ingredient.",0
Trey helped his brother make an RC car last night and is willing to help Lyric make one too.,1
Meg wishes Terry a happy birthday with multiple exclamation marks.,1
Thomas is going home tonight. Mary doesn't know when she's going as her only day off is on 25th.,0
Isaiah has undergone an appendix removal surgery. He's in hospital now. Anthony will visit him.,0
Kim and Mat are going to the new restaurant tonight. They are meeting at 5.30.,0
"James and Lily are talking about their current locations, with James in Berlin and Lily expressing her enjoyment of the city. They also discuss Lily's palm, with James assuring her that he is taking care of it and Lily expressing gratitude",1
"Lawrence will visit Papa tonight after jogging before seven, Papa will prepare something to eat. Papa's leaving on Wednesday, so he'll go with Lawrence and Pat for a brunch at Schlosscafe at 12 on Sunday. Lawrence will call Pat.",0
"Macy asked Dakota to look into the prices of renting rooms and compare them to Canada, which Macy also considered as an option, but found expensive.",1
Daniel is late for a meeting with Rose. She has already arrived and got a table for them. Daniel will try something new to him in the restaurant as they do not serve his favorite ramen now.,0
Mitchel needs to send Pansy his home address to book the flight.,0
Agnes wants to throw a baby shower for Ursula and suggests designer clothes as a gift. Alice opts for more practical gifts so Kathy suggests a compromise. Agnes thinks her suggestion is better. Agnes removed Alice from the conversation. Kathy thinks it was mean but wants to move on. ,0
Amy asked if someone could take care of Peter for a couple of hours because she had to leave work urgently on a Saturday and Jennifer was unable to help but Lisa offered to take care of him.,1
"Konrad's brother used to play Fortnite but now they are into League of Legends, which is a very popular game. Konrad asks Tom if he can send him a message when he arrives at the hotel Olimpia tomorrow at",1
Jimmy is going to take medication for a month to cure his acute gastritis.,0
"Jeff, Ann, Corina, and Maria are going to hike tomorrow. Jeff reminds everyone to take good shoes, because they are going to walk over 20 km. Jeff, Ann, Corina, and Maria will take a bus on the way back at 5 PM.",0
"Mila invites her friends to go to Menchies with her, but they are not interested because they already ate there recently. Mila gets mad and decides to go by herself.",1
Lucas Sally is sending Katherine Dome the formal invitation to participate in a project organized by his company. She's available 30 hours weekly and she can meet for a short interview this week. ,0
Jason's flight was tiring but cool. Jason wishes he had taken his pullover because it's cold at the east cost. Mum wants Jason to send lots od pics including the shoffey band. Jason will visit the Liberty Statue tomorrow.,0
"Catherine is bored and asks Stefan for help, and Stefan agrees to hang out with her.",1
"Caden asked Muhammad to buy him a bunch of grapes and promised to pay him back, and Muhammad agreed.",1
Katia sent €290 this morning.,0
The bus timetable has changed. The prices will go up next month.,0
James' girlfriend is creative and made him put the trash bin near the window outside so she doesn't have to go outside to take out garbage.,1
"Peter tells Jimmy that he saw Maria briefly in the main corridor and that she is likely to be in the office until late hours because of a deadline, which Jimmy is grateful for.",1
"Maddie, Gabriel, Nina and Tash are going to the club this weekend. Tolpuddle 5 are playing during the event.",0
Dad paul and Mum Hadija are going to talk to their children about dating.,0
Linda is making a burrito for a romantic evening and Ronnie is buying beer to go with it.,1
"Diana and Tom went for a trip to Italy. She saw Pisa and Florence but found them too touristy. They went also to Arezzo and Siena, but what she liked most were the little villages. Tom rented a car and they drove around. They went to Chianti. Diana and Tom will come to Margaret for dinner on Monday.",0
"Noah, Jack, Emily, Harry, Olivia, George and Kelly has worked together as a team and it was succesful.",0
"Donna and Brenda discuss whether or not Brenda should tell Luke that she is pregnant, with Donna encouraging her to do so but Brenda being hesitant and unsure.",1
Anna's aunt Rosie wrote to her that  she's coming back home from Austria in a week and that she's getting married. ,0
"Kate is in Santo Domingo, the Dominican Republic. She sent a photo with her injured legs to Tim, Jim and Simone. She was attacked by people with a broken bottle who asked for money. She ran and she fell down.",0
There is a new computer game in which you live the life of a slice of bread. Liam and Matt can't believe it's true.,0
"Jill and Jo are planning to meet tomorrow morning, Caren will let them know if she can.",0
"Branden is frustrated with a slot game because he keeps losing and Suki suggests he needs a better strategy, but Branden is not willing to change his ways. Suki also suggests he try other slot machines, but Branden is stubborn and",1
"Kate and Jake don't have enough space for Jake's new purchase, so Kate wants him to return it immediately.",0
"Mary, Ann and their partners will spend the weekend together hiking.",0
Clark and Louise are discussing John Cage's music and a tribute gig happening on Saturday. Louise is excited to attend and has already purchased a ticket. Clark is happy to hear that and they both express their enthusiasm for the event.,1
Eric is happy about the French who accepted the offer. Ian is enthusiastic but Adrian isn't. Grace is looking forward to meeting him but Gabriella isn't sure about it.,0
The group is excited to play Super Mario Party and are eager to start.,1
Bucky and Jay discuss their favorite characters in Injustice 2 and plan to play together tomorrow when Jay is free.,1
"Rhys and Victoria discuss the arrival of holidaymakers, the key, and various household issues. Victoria asks Rhys to put out cat food and bowls for Oscar, who has been spotted in her garden. Rhys agrees to do it, and",1
"Sharon is excitedly waiting for her new kettle to arrive, as she has been without one for a month and is experiencing tea withdrawal.",1
Sebastian would like to learn to make wine at home and would like to ask his dad to teach him. Stanley would too but reminds Sebastian that a lot of work is involved.  ,0
"The group discussed their thoughts on the movie Infinity War, with Andy and Derek expressing positive opinions and agreeing that it was fantastic, while Jim asked if they had watched it already.",1
"Pam is looking for her hairdryer and finds out that it has broken down. Lisa suggests bringing it to Chris to get it fixed, but Pam is upset and frustrated.",1
"Amber and Sydney plan to meet for a coffee tomorrow after work, while Bill is flying to Belarus to visit Natalia's family for Christmas. The reason for the flight through Prague is that it was cheaper. Bill returns in January",1
Keith informs Tom that he plans to visit his parents in York for two days and will not be available during that time. Tom agrees that it is okay for Keith to go and assures him that he can be reached by phone. Keith mentions,1
"Rebeca is currently in Bangkok and is enjoying her time there, describing it as a paradise. Amanda is envious and agrees that it is a fascinating city. Thomas confirms Rebeca's happiness.",1
Carol hasn't read the new book by King as his stories scare her. Ellen encourages Carol to read one of them until Carol promises to do so.,0
Niidia is impatiently waiting for the quiz results. ,0
"Randy and Natalie discover their parents' bedroom in a mess, with Sally and Molly having played in the mud and gotten it dirty. Natalie is worried about their mother's reaction and tells Randy to start cleaning it up, while she",1
"Monika and Keith reconnect on Facebook and reminisce about their children's friendship in school, including an incident where Sophie punched Keith's son in the face. They also discuss Sophie's current whereabouts and the circumstances surrounding",1
"Wojtek and his family are going on a holiday to Eritrea in April, but they can only travel there through a local travel agency due to strict control and special permission requirements, making the trip expensive.",1
"Brisa cannot install Windows on her PC. Ean cannot help her right now, but he is sending his older brother to her house. ",0
Peter will borrow Hugh's car.,0
"Joanna doesn't feel well. Simona feels ok. Jo called Sue at 1pm, but she didn't pick up. She will call her.",0
"Thomas and Neil discuss their preferences for alcohol, with Thomas favoring tequilla and Neil preferring vodka. Thomas argues that tequilla can be consumed warm and lemon can be eaten instead of an unhealthy beverage, while Neil",1
"It's Christmas in three weeks and Ben doesn't have any presents. Sam had a secret santa lottery in his family and he got his mother in law, so he will ask Betty to take care of it.",0
"Joe and Kelly discuss their recent promotions and relationships. Kelly shares that her ex-boyfriend was not the right person for her, while Joe talks about his new relationship with Josie from school, who is now an accountant in London and Rome",1
Judy is asking about the date of a concert and Ben confirms that he will be attending.,1
"Bernie invites Chris and Marty over to his house while his wife is out of town. Chris is hesitant at first, but eventually agrees to come over. Bernie is excited about the prospect of having the house to himself, while Chris is",1
Parker has had a new printer for 2 weeks now. The printer is working well.,0
"Seth is having issues with his PC and is seeking help from Rory and Albert. They ask if the PC turns on and makes a BEEP sound, and then discuss possible problems with the memory. They suggest reseating the memory sticks and",1
"Natasha, Joseph, and Hilda are discussing Natasha's mother's upcoming birthday. They are struggling to come up with a gift idea, as her mother already has everything. Natasha suggests giving her an experience, such as a trip",1
Sixx and Lucy are discussing a new deli-style cafe on Sandy Park Road. They agree it's medium hippy and Lucy mentions avocado and bearded blokes. They plan to go there at 4ish.,1
Nina and Paula plan to meet tomorrow at 9 pm and Nina promises to bring a lot of dishes for Paula.,1
Lily was supposed to be picked up and she had to wait two hours. He didn't turn up though because his bike was punctured. She was trying to call him but he left his phone at home. Now he's saying sorry to Lilly. ,0
"Telma missed the recipe for pumpkin pie on Saturday's show and asked Barney for help. Barney caught the recipe and made it, but thought it needed more spices. He sent the recipe to Telma, but realized he forgot",1
"Dan is waiting for Karolina, who is on her way but is running late, and Karolina apologizes for being late.",1
Everyone wishes Ian a safe flight and urges him to have coffee before his 4 am departure.,1
Eve and Carla are planning to go see the new HP film together on Saturday at 16:50. Alice is unable to join them as she is going to a wedding.,1
Anna is 20 min late. Nina will wait.,0
Connor is looking for a playlist from the Berlin concert. Kyle directs him to the band's official Twitter account.,0
"Lene's little baby is growing and is the size of a cherry now. She's feeling very emotional, but had no morning sickness. Katrina's baby shower takes place tomorrow and Lene won't be able to go as she has seminars all day. Neither can Marlena as she has lots of deadlines to finish. ",0
"Rosie doesn't feel she's ready for the exam, but she can't study anymore. She'll go to bed and rest. ",0
"Graham recommends a stand-up comedy special to Hank, who is hesitant but agrees to watch it and provide feedback.",1
Julia doesn't respond on messanger. Caroline gives Jane Julia's phone number.,0
Chris is not joining Marty and Bernie. They are thinking about inviting Rocket.,0
"The group is discussing the arrival time of their flight to Pisa, which is around 11PM local time, and how the one-hour time difference between Portugal and Austria affects the flight duration.",1
Joanna is asking her mom Sandy if she can sleep at Jenny's place after the BTS concert. Sandy does not know about the concert but Joanna believes that she told her about that. Sandy is upset and thinks that Joanna is lying. Sandy will call Jenny's parents and will let Joanna know later. ,0
"Matt invites Agnes for a date to get to know each other better. They'll go to the Georgian restaurant in Kazimierz on Saturday at 6 pm, and he'll pick her up on the way to the place.",0
They gossip about the Royals. They have a preference for Harry and Meg over William and Kate.,0
"Sharol is going to go to the beach with Emma, anna, emily, wendy and kate. Sharol is afraid that wendy doesn't like her.",0
Sophie and Mona discussed Lora's outfit and Mona found it amusing while Sophie thought it was terrible and wanted someone to tell her. Mona refused to be the one to do it.,1
John has to help his dad fixing a roof in the morning. Charlie will pick him up to go surfing at 14:00 tomorrow. John wants to buy Charlie's board but needs to try it out first. Charlie's boss has been annoying lately. John works with his dad. ,0
"It's been over a month and Sasha still hasn't read the book she got from Rosemary, The Brain. Rosemary needs the book tomorrow but Sasha is working late tonight and won't be able to bring it over. Rosemary will get it from her tomorrow morning.",0
Anthony forgot to come to the party last night.,0
Ben's mother celebrates her birthday today. Chris will buy her green tea with chocolate flavour. Chris will come over at 8.,0
"Catherine reassures Ray that he will do well on his exam and if he doesn't, he can take it again. Ray is worried about failing and is frustrated that he needs to retake the exam. Catherine compares Ray to her grandmother,",1
"Steven and Greg are basketball fans. Their team's coach, Magic, is considering trading Lonzo, Kuzma, and Zubac for Davis. It might be a good addition to the team along LeBron.",0
Martha probably suffers from Hashimoto disease. She has to run some blood tests to confirm the diagnosis.,0
Ian is upset with Maria because she refused his proposal to marry him in order to preserve his rights in Italy after Brexit. He believes she is panicked and feels like a second class citizen because she was born in Romania. Oliver reassures him,1
"Emma is going to watch ""Outlander"" again tomorrow because she loves it.",0
"Conrad explains to Joanna that football is exciting because it involves two opposing teams trying to score a goal, and the tactics and finesse used by the players are what make it interesting, not just the score. Joanna disagrees, stating",1
Lorry is running 10 minutes late and will meet Tony and Tereza in the main car park.,1
"Peter is lending Todd his sleeping bag for the weekend, and they are meeting up at Peter's house at 8 PM on Saturday.",1
Ben is hungry and doesn't want to eat his roommate's food. Ben and Donna will meet for Thai food. She will text him the whereabouts.,0
Rayburn is organizing scrabble night tomorrow. The winner gets big bottle of alcohol. ,0
"Walter asks Jacqui for ideas for Bab's birthday and Jacqui suggests getting her a silk blouse, chocolates, champagne, and jewellery, while Walter thinks of getting her a new steam mop and super du",1
Matthew Spencer asks Johnathan O'Neil if his company sells Hp Envy 15x360 laptops. Johnathan O'Neil denies.,0
"Michael and Jane are discussing the latest episode of Supernatural, which they both enjoyed. Michael is glad that the focus is back on the boys and less on the mother, while Jane feels that they should have only brought her back for one season. They",1
Ilya is on his way to the office and asks Brett to send him an agenda for the day. Brett informs Ilya that Caitlyn is not yet available and that they have a conference call with the Generosity Foundation,1
"The neighbours of Eve and Cara want to move to New Zealand next year due to global warming and rising sea levels, but they will have to go through a humiliating process to be accepted and will be presented as champions of human rights",1
Harry is excited about watching episode 2 of a show and tells David and Greg that he has just watched a scene with a dog that he found funny.,1
"Hersala found a box with Pacifica's name and address on it and detached the sticker before throwing it away, but Pacifica is concerned about the privacy and potential misuse of the information.",1
"Kurt informs Feiy that he has a deadline set for the 4th and will not be able to work on the December email and blog posts until then, but they will collaborate on the social media.",1
"Clare has a new cockerpoo called Lola, it's ten weeks old and hasn't had all the shots yet. Ellie has a grown up cockapoo. Helen has a St. Bernard called Graham.",0
"Libbie seeks help understanding chemistry reactions, and Jean offers assistance, explaining that chemistry is simple for him.",1
"Donna and Brenda are discussing a panel they attended, and Brenda expresses her dissatisfaction with the panelists who were Russian and spoke English poorly. Liam finds it funny, but Donna acknowledges that while the subject of the",1
Carola informs Jay and Kyle about a mandatory meeting in Aspen 349 at 9pm. Jay expresses concern while Kyle hopes it's not trouble.,1
Luca was in the hospital last week and he is alright now. He had a fight with his ex friend.,0
"Jason provided his password ""ScOOter42"" to help Wayne access the company shared folder.",1
Jess was unable to download Stefanie's video and kept receiving error messages. Stefanie sent the video again and suggested attaching it directly from email or uploading it again.,1
"Hal asked Sergio to open his house and put the heater on while he is away on holidays. Sergio agreed and offered to help. However, when Sergio went to Hal's place, he found that the boiler didn't",1
Henry and Lily are discussing a plan to invite William to join them on a trip to Riehen next week. Henry thinks it would be a good deed and Lily agrees. They plan to pick him up in their cars and have a meal together,1
"Lucy's pregnant. Lucy is feeling nauseous all the time and can't stand up. According to John, there's nothing that can be done about it. The condition may last a week or the entire pregnancy. ",0
"Nailah invites Jed to play badminton with them at 6 PM, and Jed agrees.",1
"The group is discussing the struggles of a friend who is in a relationship with someone who has commitment issues, and they are encouraging her to seek help from a therapist.",1
Pat and Lucy will meet at 5.25 for the bus. Laura likes Pat's outfit and will show hers later on. ,0
"The group is discussing the new Italian Netflix series ""Baby"" and Olivia is excited to watch it. Victoria has already seen three episodes and is eager to see more. Susan wishes she had Netflix.",1
"Fiona explains the details of the Black Friday sale, which offers discounts of 20%, 40%, and 70% on the first three items purchased, with the least expensive items being discounted the most. If more than",1
Jed and Nailah are going to meet at 6 pm today to play badminton.,0
"Joe asks Angel to take his watches to be repaired and gives her the receipt. Angel agrees to do it as a gift, and Joe offers to pay her back or use their joint account.",1
"Frank recommends the new dontnod game to Hank, stating that it is even better than Life is Strange, and Hank becomes excited to play it.",1
Ridley and Steven are tired because of last night.,0
"Sylvia is purchasing infant shoes size 6 from Gap, which are available, and she will collect them either tomorrow at 8 am or Saturday morning. Alana is delivering the shoes and is available tomorrow at 8 pm in BS6",1
"Betty, who has been busy with a new job, contacts Joan to inquire about reliable movers for her recent house move. Joan responds by promising to send the details of a reliable moving company and Betty expresses her gratitude.",1
Victor and Diego will come to Mohamed for dinner. He's cooking some Lebanese food.,0
Mike is not at home and will be back at around 8 pm. Noah needs his car.,1
Tim is waiting for Martha outside her house. She is going to be there in 5 minutes.,0
Adrien has binge watched the Crown. Max finds it boring.,0
Jeremy can't log into his work account today. John recommended him to call the helpdesk.,0
"Nora, Zoey, and Mila engage in a playful gif war.",1
"Michelle is having a frustrating time finding a house she likes and feels pressured to make a quick decision. Laura and Kelly offer their opinions, while John and Gina offer words of encouragement. Michelle receives an offer from Isabella, but",1
Vesna and Ost share their current temperatures and express their love for each other.,1
"Terry, Matt and Kai are going to land in Pisa at about 11 pm. There is one hour difference between Portugal and Austria.",0
"Diana is mad, because she has changed her maiden name and the university demanded a marriage certificate to confirm that; Diana and Meg are discussing that it is not right that they need the information why a maiden name was changed; Diana is not going to give them the marriage ceritifcate.",0
Theresa's grandmother is not in the best shape. Theresa needs to stay with her and won't meet Dylan at a preestablished time.,0
"Adam is having an issue with the USB port on his Samsung Galaxy smartphone, and Nick suggests trying an induction charger to fix the problem.",1
Fred's car is broken badly. Julius will see Fred at his place at 8 tonight to cheer him up.,0
"Peter expresses interest in seeing Dorothy, but she is not interested in meeting him at 11 p.m. and tells him off.",1
"Alba and Drew moved to a different café called El Pino, which is 50 meters away from the previous one, and informed Dani about the change.",1
James is thinking about getting a new console and asks for Brian's opinion and advice on PS4 and Xbox One. PlayStation have better and more varied exclusive games. ,0
"Hannah and Sylvia are discussing Arbonne cosmetics, with Hannah expressing her interest in the brand and Sylvia sharing her preference for physically trying out products before purchasing them, specifically at Rossmann.",1
"Sarah and Larry discuss their love for the TV show ""The Chase,"" with a particular fondness for Bradley Walsh. They also mention Sarah's interest in Ann Hegarty's upcoming appearance on ""I'm a Celebr",1
"Nick collects swords, which he prefers to guns. ",0
"Marty invites Chris and Bernie to a party, and Chris expresses regret for not being able to attend, while Bernie suggests inviting Rocket to the party.",1
Sven will pick a Disney movie at the end of this semester.,0
"Ben, Bill and Dominic want to quit together at the same time. They won't tell her until the last day, because they don't trust her.",0
Betty feels remorse she got drunk last night and went out of control.,0
Helen will come to Sarah at 2:30 today to see the puppies.,0
Sid apologizes and assures Cam that he will pay him back this week.,1
Sadie wished Samantha a happy birthday and Samantha thanked her with a heart emoji.,1
"Jen and Lea discuss shopping plans for the future, but Lea cannot go shopping the next day due to classes and reading assignments. Jen offers to help Lea with shopping before Christmas.",1
Chay and Shantelle will skip Muse's concert in Bristol next June.,0
"Kate is asking Tim if he has seen Chris, and Tim is saying no, he doesn't know where he is. Kate tells Tim that Chris texted her saying he was heading home, and Tim says he will ask around. Later, Tim",1
"Martha's parents went to a party and will be out all night so Martha's alone today. Martha, Agatha and Susan will meet for an HP marathon at Martha's house. The girls will buy alcohol and order a pizza. ",0
"Morgan cannot change plans for the weekend, Louise is excited about the reunion but Noel is being mean, Miranda scolds them both, and Louise reveals that John Arron and Anna Kindle will not be attending the reunion.",1
Sara and Greg are meeting outside in 5 minutes.,0
"Mary-Jane feels that none of her sexual partners has understood her fantasies. Peter asks her about those fantasies, as he feels he could relate to the feeling. Mary-Jane would rather keep the specifics to herself.",0
"Tina tells Derek that it is his turn to do the dishes, but Derek responds by saying that he already did them the previous day and that washing one spoon does not constitute doing the dishes, to which Tina replies by",1
Jocelyn wants to change her hair style but not cut her hair too short. She will show her hairdresser a picture Riley sent her.,0
"Helen has this week off work. She plans to cook Tagine, but she doesn't have ingredients. Ralph's coming back at 7 pm.",0
Sam will be at bar Fiasco from 8pm tonight. Blake will join him and Barbara might also come. Samantha forgot her umbrella at Jeff's place and he will return it to her in a week.,0
Anabel gives Malaki advice on applying foundation.,0
"Jason informs Hazel that Marc will be replacing her today, and that he will find a replacement for her on Tuesday if she lets him know. Hazel thanks him and lets him know that she will let him know by tomorrow 3pm.",1
Jill will be late for work. He wants them to tell Paul he will be 15 minutes late. Gina informs that Paul is out of office today. Gina and Ill will meet in the kitchen.,0
"Xenna shares with Helen that she is getting married, and Helen reacts happily, congratulating her.",1
Zack will come in a minute.,0
Ellie suggests that Nora get side-swept bangs or consult her hairdresser for what would look best on her face shape. Nora is unsure about getting bangs due to her round face but decides to try it,1
"Bryce saw ""Infinity Wars"" last week. Cindy has shared some spoilers from the movie with Emma. Emma will let Bryce know by Wednesday whether they will meet on Friday. Emma is going out with her sister shortly.",0
"Rob doesn't want a Christmas banner on the main page, but according to Caron, he will talk different next year when he has a baby.",0
Kevin and Kasper are discussing transportation options and decide to use Taxify instead of Uber because it is cheaper. Kevin offers to pick up Kasper soon.,1
The group is discussing the film 'Cast Away' and Tom Hanks' performance in it. They admire his physical transformation and acting skills. Arnold mentions that he also likes Tom Hanks and that he got a Polish Fiat 1,1
"Linda expresses her doubts about finishing the project by January, Joan and John agree it's impossible, Linda talks about her family and the importance of not neglecting them, Heather agrees with Linda, and they all schedule a meeting to discuss the",1
Jeremy and his group are taking a break from biking and exploring the beautiful scenery in Costa Smeralda. They have slowed down due to the beauty of the area and because Julia was sick. They plan to take a ferry from,1
Sasha has not finished reading the book borrowed from Rosemary and cannot return it tomorrow as he has to be at the office late. Rosemary has no choice but to go and get her book tomorrow morning. She tells Sasha that next time,1
Laura and Kate discuss their missed opportunities and Kate's disappointment in not getting accepted into a school exchange program in the USA. They also talk about Lennart's decision not to accept a basketball scholarship to the USA.,1
Fai is going to the skatepark tomorrow at 10:00 AM and will stay until lunch time. Larry plans to meet him there and they might make some videos for their clip. Fai remembers to use the sponsor,1
"Ted is happy with his new job and finds analytics interesting, while Roberta is considering changing her job.",1
"Jimmy informs Juliette that she has acute gastritis, which is not cancer, and can be cured with a few tablets for a month. Juliette is relieved and expresses her love for Jimmy.",1
"Ben is going to the cinema with Poppy to watch ""The Nutcracker and the Four Realms"" and everyone wishes them a nice day.",1
Cohen has just woken up.,0
Matt finds all the latest Avengers 4 theories fun but Yuri and Jack reckon it's a waste of time.,0
Mike doesn't mind Tommy joining in on the dinner and film. Harry will let Mike know if Tommy comes.,0
Candy and Thea are discussing Thea's honeymoon. Thea has just arrived and is still recovering from the flight. They talk about jet lag and Thea's plans to explore the neighborhood. Thea mentions,1
"Macca is excited to try ice climbing for the first time near Reykjavik, Iceland. He is not afraid and enjoyed the experience, finding it to be a rush and the landscapes to be magnificent.",1
"Victor is asking Teo for any valentine suggestions but Teo has never had anyone. Victor thinks Teo is so gentle by taking care of old ladies. Moreover, Victor thinks that Teo is gay but Teo aggressively disagrees. ",0
Jacob's wife forbids him from seeing Oscar tomorrow.,0
Martha wants to give Ian a book for Laura and also packs some CDs to go with it.,1
"Cristina and Katherine are discussing the film Ben Is Back and how much they enjoyed it. They both agree that the actors, particularly Julia Roberts and Lucas Hedges, gave great performances. They also compare the film to My Beautiful Boy and say that",1
"Eric was on a date. They watched a movie, went to a restaurant and then to his flat. They didn't have sex. Eric will introduce his date to Drew at a party next week, if she agrees to come.",0
Nicki is going to sing the anthem at the game.,0
"The Dean's office has pre-enrolled Mike and the other 11 students in the remaining classes for Thursday morning due to the small number of participants, eliminating the need for them to sign up themselves.",1
"Joanna lists out all the plans for the weekend, including two parties on Friday night, grocery shopping and cleaning on Saturday, and a theatre trip on Sunday. Daniel expresses interest in all the plans and Joanna notes that he remembered everything correctly.",1
Chandler talked to Kate briefly but she still doesn't want to talk to Matt.,0
Tristan will come to a wedding with Carolyn on her request.,0
"Lola accidentally spills soup on her blouse and is upset, but Erica offers to help her find something to wear and Lola thanks her for being an ""angel"".",1
"Coen dislikes his neighborhood because of the loud music, and Rivka suggests that he request them to lower the volume or ask his mother to visit their place.",1
"Mark and Josh are discussing their preferences for French cuisine, with Mark expressing his love for it and Josh admitting that he is not a big fan. Mark suggests that Josh should visit Paris to try the food, and talks about his own experiences",1
Taylor wants to go to a rock concert with Valerie. She agreed to go with Taylor.,0
The ring that Jane got is too big for her. Jill will take it from her in the morning and exchange it for a smaller one.,0
"The conversation between Steven and Greg is about the rumored trade of Anthony Davis to the Los Angeles Lakers. They discuss the potential cost of acquiring Davis, the impact of having both Davis and LeBron James on the team, and the development",1
"Sofija was on a Russian reality show for 2 months where she had to complete tasks on screen and was unable to use her phone. She found it quite nice but manipulative, with producers promising money for following their instructions and nothing if she didn",1
Karolina will be back in Warsaw this weekend to spend time with Bianca. Enid will see Karolina soon.,0
"Nora, Zoey and Mila are having a gif war.",0
"Kylie is watching Madonna's videos, he still likes her. Reece thinks she's finished, while Kylie is defending her. Finally Reece and Kylie agree that they defy ageism, and don't want anyone to dictate them how to behave. ",0
"Ula feels humiliated by the behaviour of Molly at the school. Molly promises to make up for it, she invites Ula for ice cream. Ula will be around 7eleven at 12.",0
Greg offered Anna spaghetti and she accepted.,1
It was so funny for Joyce and Maria.,0
"Paige and Logan discuss the rumor that Hailey cheated on Zach with his best friend, and Paige expresses her shock and disappointment while Logan advises caution and not spreading the rumor until they have more information.",1
Kate didn't get in the school exchange to the USA. Lennart didn't want the basketball scholarship.,0
John wants to go on a trip next year. He and Ewan are following a blog of a person who travels to remote islands.,0
"Chuck offers Maya chocolate with raisins, to which she responds negatively.",1
"Martha found cheap tickets to Belfast for three days in January and bought them, prompting Bridget and Jenna to also buy tickets and go.",1
The restaurant that Aubrey and Lisa went to last night smelled bad. Aubrey is going to leave a bad review online.,0
Jack and Rose are discussing the man of the match award in yesterday's match and both agree that Messi is their favorite player.,1
"Debbie informs Chris that they are running late by 10 minutes, but Chris responds that there's no rush since the other guests haven't arrived yet. Debbie wishes Chris a smiley face and they part ways.",1
Sandra is angry at Jimmy for holding hands with another girl. ,0
Justin is volunteering at the soup kitchen for the homeless. Max will be there to help out in around 40 minutes.,0
She doesn't know how horrible she looks because she doesn't have a mirror.,0
"Fred and Rose are discussing a rumor that their company is changing its internal structure, and that their team may be divided and reorganized. Rose is skeptical, but Fred believes it is confirmed since it came from Jack. They also discuss",1
Kitty needs the account numbers of Barb and Ken to wire them money. ,0
Audrey and Adam are annoyed with the political situation in the UK concerning the Brexit. Audrey reckons the country is less powerful than before and people can be easily manipulated. Adam reckons the main problem is with real nationalists who share their believes with society.,0
"Josh, Logan, Mel, Ray, Ethan, Jose and Patricia got their test results from Michael.",0
"Thea and Thomas have just arrived to their honeymoon destination. Thea is jetlagged, Thomas is out. Thea liked the local street food, especially a cheap mushroom soup. The weather is hot.",0
"Sam and Pam are discussing the rise of populism and the role of the media in shaping public opinion, with Sam expressing concern about the lack of nuanced debate and the spread of fake news.",1
"Sue and Vicky are talking about plans for the night, but Vicky informs Sue that she is currently in Paris and won't be able to make any plans. Sue apologizes and they discuss when Vicky will return.",1
"Fernanda informs Leland that she did not go out last night and returned home at 10:30 PM. Leland responds with a non-committal ""Hmm ok"".",1
Jason's office lost a 2.5 million relationship and 7 employees since October.,0
Chris invited Jordan to a surprise date on Saturday. Michelle and Lee are excited.,0
Marta bought Prosecco and a kettle for Karolina's housewarming party and received payment from Asia for the items.,1
"Chris apologizes to Abigail for ignoring her and assures her that he is not mad at her, despite her previous assumption.",1
Conrad explains to Joanna why he likes football. ,0
Marge is not able to come today.  She will call Grace tomorrow. ,0
Philip and Olivia are going to acro this weekend.,0
Miller carried Carlos' lunch box to work. ,0
Gemma and Dina are discussing the time of their meeting and agree on 6:30.,1
The pretty girl quickly showered and is now home.,1
"Dan asks Jack if he can come over to play, Jack asks his mother and she says yes, but only if Dan brings mini choc rolls.",1
Anita is at Bologna station.,0
Jake and Mike are discussing a hockey game and whether Mike will attend. Jake invites Mike to come and they plan to meet up at the game.,1
"Brad, Hank, and Gary are discussing Brad's impressive performance in a tennis match, with Hank and Gary noting that it's his best match yet.",1
Samantha thanks R.city for attending her solo launch and R.city responds by saying it's nothing and they all love music. They express their willingness to attend future events and Samantha expresses her excitement to see them,1
"Gary arranged a meeting for 2:30 pm on Friday, November 16th at Malinche. There will be a shuttle leaving at 1:30 pm. The number of attendees is 10,",1
Chris got into a car accident on his way back from a gig and his car might be a write off. Frank offers to drive him around in the next few days.,1
"Helen has problems with her back and her hip. She thinks about operation and talked about it with doctors and friends, who know the problem. However, she's not going to have her body operated, until she can't practice sports and other activities.",0
"Hal asks Amy if she has homework for tomorrow, to which Amy replies that she doesn't. Hal reminds her that her mother is not at home today, and Amy suggests using the microwave. Hal agrees and tells her that he will",1
"Krzysztof and Alek plan to work out their chest and biceps together the next evening, and Alek suggests they also do glutes.",1
Doreen managed to post Billy's article but she had to do some corrections to it.,0
Victor informs Joan that he'll come and take a copy of her notes later on. Joan suggests Victor to call her when he arrives at the shoping centre and she'll direct Victor to her home area.,0
Willie and Trishia are going out for a beer tonight.,0
"Jenny offers to help Tim with his homework, as he is struggling with algebra, despite Tim initially stating that he doesn't need help.",1
Terrance is still in bed while Mary has already arrived at work. John expresses surprise.,1
Patrick will come over for the match at 8:30. Patrick will bring a couple of beers and nuts.,0
"Emma is trying to find an outfit for a wedding this weekend and is having trouble. Beatrix offers to help her shop or borrow one of her dresses, but Emma is waiting for her parents to pick up some staff and is feeling anxious about it",1
"Margaret has an exam today. It starts at 9. She will inform Alex and Lisa about the results afterwards,",0
"The conversation revolves around the recent return of Mr. Bongo to Morocco and the lack of information provided about the situation. The participants express their opinions on the matter, with some preferring Bongo's rule to a military junta",1
Nathan is going to the pool alone and David is not feeling like swimming due to the rain. They have a disagreement about a song.,1
Justin borrowed Duncan's yellow bow tie.,0
"Tony has told his parents about his relationship and while his mom was accepting, his dad was not pleased and is still processing the information.",1
"Miles asked Lydia to go to the movies through Iona, and Lydia expressed her annoyance that he didn't talk to her directly. Miles revealed that he asked his sister to find out if he had a chance with Lyd",1
Mary is shocked to hear that Alice accidentally dropped her phone into the bath and is now unable to use it.,1
"Ed Sheeran wore a t-shirt to a ceremony, for which he was called out. Dex justified Ed because he also likes to feel comfortable in his clothes.",0
Elton will wash colours because Martha needs her green dress for Thursday.,0
Emily wants to learn Spanish. Ryan will help her. He is also learning French.,0
Linette and Beryl are planning a surprise birthday party for him. Beryl will come to Linette's apartment to discuss it.,0
Dean is frustrated that Jo does not know the date of the exam and repeatedly asks her until she finally reveals that it is on Friday.,1
Maddox invites Preston for an interview next Monday at 3 pm in Room 204 on the second floor.,1
Ford will pick up Gary and Gerard at 6.30 to go to the party. ,0
"""The Vikings"" is only good to watch from time to time. Character development is fine but the plot is predictable.",0
Zenobia is looking for building No 42. Adonis provides directions to get there.,0
"Brenda wishes her brother a happy birthday and asks about the plans for celebrating, while Nick updates her about his schedule and the gift he received.",1
"Mat is going to the theater with Peter and has spare tickets for Phil, who requests to be picked up at 6:30.",1
Brenda is expecting a baby with Luke or someone else. She has not told Luke about the pregnancy and is unsure if she will do it at all.,0
Jack or Harry will open the practice room for Oliver shortly.,0
"Victor and Teo have a conversation about Valentine's Day ideas, with Victor expressing his belief that Teo, who is gentle and takes care of old ladies, should have some ideas. Teo becomes defensive and accuses Victor of calling him",1
Lois had to do some job under somebody's desk. She feels very uncomfortable about it.,0
Patty isn't going to the concert tonight. The concert has been organized by Pola and other people from their project. Patty will try to stay longer at the second day of the conference tomorrow.,0
He dressed as Spiderman on his last day at work. David thinks it's funny.,0
"Erin apologizes for not being able to meet with Summer today due to illness, and informs her that she will be back home on Thursday. Summer expresses concern for Erin's health and plans a fun activity for their next meeting.",1
"Kylie provides the name of the hairdresser, Hair Point, that did her hair, despite initially forgetting.",1
"Danielle, Tracy and Darren are taking the Harry Potter personality quiz, while Neil refuses.",0
"Daniel asked Riley to turn down the volume or use headphones, and Riley responded by turning it down.",1
"Sue is sick and has tried drinking garlic milk and smearing eucalyptus on her body, but it hasn't helped. Lucy suggests trying turmeric with hot water, ginger, honey, and pepper, and provides a recipe",1
"Madeline is not sure if she turned off the electric heater in the office. Kevin has the key to the office, but he and Greg are still out. Tomorrow Madeline is in Dublin, but she intends to get the keys from Kevin over the weekend, probably Sunday. ",0
Karen's dad bought a new TV. Karen broke it. Skyler's brother will come in the evening to repair it. He will bring his tools.,0
"Takako has caught a cold. She will not go to the meeting with Don and the others. Instead, she will stay at home and rest. ",0
"Frank and Suzanne are discussing tv series. Suzanne has watched Black Mirror, it's her favourite. Frank watched 3 episodes last night and can't wait to see season 2. On Frank's request, Suzanne recommends other Netlix series, such as Stranger Things or Dark. ",0
"Molly, Johnny, Karen, Jenny, Tobias, and Elena are planning a trip to Ibiza from 1-15 April. Tobias can only join for a week, while the rest of the group plans to stay the entire",1
"The group discusses the customary tip amount in NYC, with opinions ranging from 10% to 20%. They also discuss the poor working conditions and low pay for waiters in the city, with tips often being the only source",1
It's Sunday. Marcus and Madeline still haven't gotten up from bed.,0
Leo informs Zoe that his trip has been cancelled and they make plans to meet up the next day.,1
Hayden suggests that David try eating vegetables with every meal and making smoothies to help him stay healthy. David is skeptical but agrees to try it.,1
"Alice wants to make DIY beauty products. Janet doesn't want to make cosmetics herself, but Ella and Sam already make them. Alice will look for recipes online and start with body and hair products. If she likes them, she'll try face products. ",0
Steve can't visit Dr. Williams today. Clinic reschedules his appointment to Wednesday at 6 PM. ,0
Dalia will help Mr. Smiths in organising a scientific conference that will be held on 15th of April.  ,0
"Jim, Rick and Alfred are organizing the New Year's Eve in Jim's father's house. It is less than 3 weeks to go. The house is quite big but dirty. They also need to organize transportation amongst other things. Jim will inform and invite friends on a class group.",0
"Lea is back from her trip and she liked Grand Canyon the most and brought Zack the newest Vogue from New York. She travelled together with Ana and Patrick, and Ana wanted to kill him a couple of times. Lea found Vegas disappointing and tacky.",0
"Alexander is running late and cannot provide a specific reason, apologizing to Ashleen. He is extremely busy and will text her later. He mentions a delay due to a lawyer not showing up, but Ashleen suggests sneaking out.",1
"Monica is looking for an apartment. Owen gives her some searching suggestions. Owen's new place is good, his roommates are away after work or for weekends. Monica will visit Owen on Thursday night or dinner. ",0
Olivia was bitten by a spider. She will buy an ointment at the pharmacy. ,0
Clara will buy a bottle of sweet red wine for Susan and dry for the rest.,0
"Robert wants Lucy to send more candidates he might interview, but they all left. One of them had another appointment and the other one was tired of waiting. Robert spent too much time with previous candidate. The candidate was qualified but Robert is not convinced to hire him. ",0
"Ellen tries to convince Carol to read King's new book, but Carol is afraid of the horror stories and considers herself a coward. Ellen promises to give her a break if she doesn't like it.",1
Sarah and Lucas watched Stranger Things and they like the 80's convention. Netflix will play the 3rd season.,0
"Peter will order food from Curry Heaven for Susan, Mark and Mike.",0
"Felicity asks Joaquin for money to buy a new dress for a New Year's Eve party, but Joaquin becomes angry and calls her a ""whore"" and a ""mental hospital patient."" Felicity responds by calling",1
Michael is stuck in a traffic. Alexandra will make him hot cocoa when he arrives.,0
"Eliza will borrow Sammy's copy of ""Great Gatsby"". She needs it back next semester as she's taking a class about its author, but Eliza needs it just for two weeks.",0
Susie drank too much last night. She feels like death. They went to the Abbey. Bobby had a great time. He really liked Susie's friends. Susie's going back to sleep.,0
Anne can't come to Betty's birthday party because of stomach flu.,0
"Tom Hanks performed brilliantly both in ""Cast Away"" and ""Philadelphia"". They admire Tom Hanks.",0
Demi and Wren plan to go to yoga on Sunday at 9am and have brunch afterwards.,1
Francine and Jessie talked yesterday. The talk has been helpful for Jessie. Francine says she's always there for Jessie. Jessie is very thankful.,0
"Demi got promoted and Lucas congratulates her, suggesting they celebrate at Death & Co. at 10pm.",1
Ava showed Noah her new painting and he asked her to send the picture. Ava then sent the photo and asked Noah for feedback on where the painting could be improved. Noah was impressed with the painting and asked how Ava made it alone.,1
"Bob wants to buy new speakers and amplifier because the sound of his old ones has become flat and he has problems with setting the volume and equalizer. George suggests repairing the old ones, but Bob wants to find something that will also look good",1
Martin agrees to write Joe a letter of authority.,1
"Leah is irritated with Scott but not mad anymore, and they agree to talk it over the phone.",1
"Greg won't be home for dinner as he's going to the library with Mary, Mom will leave him some dinner in the oven.",0
Nate and Julien have both arrived in the agreed meeting place and they are trying to find each other. ,0
Anna Telka will eat a cream cone at DQ again.,0
Edgar has taken pictures of ponies and pigeons at the circus and the store. ,0
Noah asked Oliver if he had talked to Bianca recently and if she had told him something about him. Oliver replied that he did talk to her and that it was personal and she wouldn't want him to repeat it to Noah. Noah then,1
"Arthur, Sandra, Jacob and Walter are going to lake Bled at 6 am on Saturday for the weekend. They will stay at a hotel near the lake which is supposed to serve good goulashes. They are meeting at the usual place. ",0
Leon wants Hugo to bring him 3 beers. Elliot wants sprite. ,0
Paul doesn't understand why his coworkers have a crush on him. Floss thinks it's because he is physically attractive. His show has been renewed.,0
Jack will send Poppy materials she asked for.,0
"Emma invites Sharon to come over and try her muffins, which Sharon disapproves of, but eventually agrees to try. Emma teases Sharon about being high and Sharon playfully accuses Emma of being high. Emma",1
"Mom is asking Jason when he will be home, Jason is finishing a game of Black Ops at Dylan's and will come home after that. Mom has cooked dinner for him, but Dad is angry and wants him to come home ASAP.",1
"Donna and Emma discuss Emma's plans to watch Outlander tomorrow, with Donna expressing her disapproval and Emma defending her love for the show.",1
"Matt and Otto have a disagreement about the movie Donnie Darko, with Otto defending it as one of the best ever while Matt dismisses it as incomprehensible. Otto also shares a personal story about how the movie Eternal Sun",1
"Leon left work early to pick up Millie from school and make dinner for them, with Hallie expressing excitement and approval.",1
Sarah is stressed out all the time. James warned her of the dangers of long-term stress. James wants to help Sarah.,0
Lora doesn't want to talk to him and won't unblock him.,0
Vaclav came back from his vacations in Sierra. Kathy is leaving on Monday next week to her trip in the Caribbean.,0
Jake shows Jason a photo of him from 5 years ago and Jason reacts with surprise.,1
Max is driving home alone because neither Robin nor Brewster can make it and he was unable to reach Stan all day.,1
Jenny's has fallen out with Claude. She's feeling blue.,0
Jake has prepared a dinner for Janice and has done some shopping and cleaning too. Janice is touched by his gesture and calls him the best boyfriend ever. She promises to come home soon.,1
Lee was bitten by a dog on the leg but he's fine.,0
"John asked Mary where she was, and Mary replied that she was home after shopping. John then asked how long it took her to shop, and Mary said it was fun.",1
Tegan has received a friend request from Paul's brother. Valentia advised her not to accept it.,0
"Maya has returned from her trip to China and is excited to share her experiences with Tom. She found China to be beautiful and was a bit nervous before leaving. Despite this, the flight was uneventful and Maya was able to relax and",1
Barb leaves Kitty a voice message with her account number so that she can wire her money.,1
Howie will come to the capital after the 15th.,0
"Ares received a calming video from Grek, which was a conversation between Gandhi and a professor, and appreciated it.",1
"Todd asked Adam to buy him an energy drink, cigarettes and a lighter.",0
"Mark expresses his feelings of missing Angella and she responds by saying that they just met. Mark tries to explain that half an hour is not just half an hour for lovers, to which Angella responds by saying that it cannot measure her",1
"Tony believes that Brexit will negatively affect his business and personal life, including his holiday plans. He also believes that many people who voted for Brexit did so out of ignorance and lack of understanding of the economic and political consequences. Tony suggests that",1
Micah wants to meet up for a drink on Sunday but they're going to decide closer to the weekend.,0
Eric tells Eve to stay at College Green and he will pick her up. Eve responds with a heart emoji.,1
"Andres suggests that Laura go see Cold War at a special showing on Thursday at the Kulturbrauerei, as it is directed by the same person who made Ida and it's really good. Laura is interested, but has a",1
Mike agrees to walk Teresa to school tomorrow and assures her that he will protect her from bullies.,1
Tom is breaking up with Linda. He will not stand her disrespectful behaviour any more.,0
"Darryl cannot find the keys to a safe. Since one of the guests wants to use the safe tonight, Darryl will call Saul to ask where the keys may be.",0
Samara bought the dress she had at the wedding in an online shop and she was happy when she discovered it.,0
Kenneth is busy and stressed.,0
Joanna bought some cheap and nice pyjama pants for Tina in XS size.,0
Aunt Rosie wrote to Olga. Aunt Rosie is coming back home from Austria and getting married.,0
Grace and Natalie are discussing a Zumba class they plan to attend together. Grace informs Natalie that the class is at 5pm and she finished the book she borrowed from Grace last night.,1
"Emily, from the 9 am Russian poetry class, reached out to Apple to request their class notes due to sickness, and Apple obliged, saving Emily's life.",1
"Alice is looking for a new mobile plan as her current one is ending, and Mark suggests two options but Alice is hesitant to change her network.",1
"Gisela will see if she can find the video of Bryan Cranston was on Jimmy Kimmel from last night. She didn't finish watching all the ""Breaking Bad"" seasons yet. Topher's favourite is the fifth season and Gisela is planning to start watching it tonight.",0
Kitty and Nicky are discussing the new Tom Odell song and both are obsessed with it.,1
"Roger can do as many rows of tile in a day as he wants. He should make a level ledger, mark a center line and do the bottom row when the ledger row dries.",0
"Daniel invites Laura to his place, where there is wine, to help her cope with her dislike of the pre-Christmas season.",1
"Sharon inquired about Kimberly's yoga studio's availability for a class on Friday at 4.30 pm, but Kimberly informed her that the studio is closed that day as Kimberly is teaching a yoga",1
Jennifer is deleting Melanie from her phone and doesn't want to hear any excuses.,1
"Lukas sends Hannah a shopping list for groceries, some sweets and two beers. Hannah will buy them on her way home.",0
Trisha and Kylie will come to Lisa's place and they will have a movie night at valentines day. They will watch Bridget Jones again. Lisa's roommate can join if she brings wine. ,0
Piotr sends over a photo of the apartment once was Madison's. Carson notices it got renovated. ,0
"Kailynn is so badly sunburned, that some parts of her skin hurt when touched.",0
Sis ignored Jane because she was watching series. She used up all of her points and cannot watch it anymore. Her friend shared his account with her. Now she can watch one episode more. ,0
Pam's hairdryer broke and Lisa gave it to Chris to fix it.,0
"Beryl is hesitant about planning a surprise birthday party for Linette's boyfriend because he doesn't like surprises, but Linette convinces her to try and she will handle the planning. They will meet to discuss further and",1
Graham plans to go on holiday to Croatia by plane this year as the tickets booked in advance are cheap. He claims however that the holiday in Croatia is getting more expensive each year. Steven claims that it's going to be cheaper to go to Thailand soon.,0
"Jess and Paige are discussing Keira's recent Facebook post about her boyfriend's family, which they find disrespectful. They also comment on Keira's jewelry and her clingy behavior towards her boyfriend. Jess thinks Keira",1
"Catherine has a change of mind about her life after meeting an old friend who has changed significantly. Rebecca reassures her that it's okay to be aware of her life choices and find the right balance, and that nobody is forcing her to make any",1
Anita and Mark will go to the Carnegie Hall for Rimsky-Korsakov on Friday.,0
Susan is leaving work early and she cannot wait to hug George at home.,0
The grocery store is just round the corner past the pharmacy. ,0
Mona and Luna are discussing the recent events in France and expressing their concern about the future.,1
"Simona asks Lionel to repeat her name, which is mentioned in the channel.",1
"Andrew, Nicky and Rick had a hard week at work. They just want to rest and do nothing. Andrew has a new project next month, and now he just wants to sleep and see kids.",0
Tom and Jenny are going to have dinner together and grab a beer. Tom will pick Jenny up from work at 5 and will bring her red high heels.,0
Lily wants to know where Grace is. Grace is right in front of Lily.,0
Maverick and Marcus will meet on Skype today at 9pm.,0
Samuel is going to send Freddie group and solo photos again.,0
"Carly's car broke down and she asks Don for help. They will take the car tomorrow after 11. If not, Don will take it himself.",0
"Johnny, Sara, and Kent are planning to play a game of spike ball in the soccer field at 15.",1
Jim is selling his canvas prints for 45 each this week. Tony needs 12 of them in the same design by this weekend. Jim would charge him in terms of express service. Tony will let him know by the end of the day if he decides to place the order.,0
"Ann asks Lily if she will be at home at 2 PM, Lily responds that she is unsure, Ann expresses disappointment, Lily suggests they go to the library later, Ann expresses gratitude.",1
Tyler will bring Anna cold coffee in 10 minutes. ,0
"Jacob bought a motorbike for $300 less than the original price, and it needs only some fine tuning. Daniel wants to see and take a spin on it, but Jacob is not sure yet because of glitches that need to",1
"Nathan is working at the Post Office and finds it hard, but his college project is photography, where he will take photos of his grandparents at Christmas. Kirsty suggests he takes them out somewhere, and Nathan agrees to meet her at a bur",1
Nancy talked to her best friends about the hen party. She will go with Claire on a city break. They are meeting on Sunday at brunch to discuss it.,0
"Henry Fox invites William Field to join him and Lily Baumer on an outing to Fondation Beyeler next week. They will leave their cars at Henry's drive and go in his car. After the museum, they will have a",1
"The group decides to join Peter and Joseph in Sankt Gallen the following day, after Molly expresses her desire to stay in Liechtenstein for an additional night. Andrew regrets not being informed earlier, but Molly apologizes and invites",1
"Meggy and Brad's company is changing the office. Therefore, the company started selling some furniture. Brad would like to take the couch, but Monica has already reserved it.",0
Armando will bring lactose free smoothies to Vivi's place at 5. ,0
"Greg is not picking up because he is using the toilet, and Jim apologizes and says he will call Greg back.",1
It's cold in the gym today.,0
"Carrie offers to lend her Mercedes to Jimmy, who needs a car to drive Amy's sister to visit.",1
Nicky apologizes for cancelling the meeting and will reschedule it as soon as possible.,1
Claire is going home by bus. She will be in Brussels around midnight. Patrick is going home soon.,0
Raymond is ready. It is today.,0
Linda is at the library. She's disappointed both with this place and with the whole country. She's thinking about moving out.,0
"Noah is going to watch the second season of ""Gravity Falls"". Emma thinks the second season is as good as the first one. Damian likes ""Gravity Falls"" too.",0
"Victoria forgot to buy toilet paper, so she will get back to Tesco to get some. ",0
Ava tells Greg that she doesn't want to talk to him anymore and has blocked him on Facebook. Greg pleads with her but she is unresponsive.,1
John and May recommended Freddie to watch Versailles and How to Get Away With Murder.,0
"David, Bill and Victoria are waiting outside and Bill tells them to give him 10 more minutes, while Victoria informs them that they are almost done.",1
Miranda shared the hall menus for the current term and everyone appreciated her effort.,1
"A hacker from Spain logged in Mark's mailbox and sent messages with a suspicious link included. Mark tells Gabriel, Sarah and Hannah not to open them. Sarah advises Mark to change all his passwords.",0
Krzysztof and Alek are going to go to the gym together tomorrow evening.,0
Tom and Paul are discussing their failed attempt to register for a marathon and are considering getting drunk before the start to boost their confidence.,1
Kyle reminds Patrick about their math homework for tomorrow.,0
Mary has now returned home from shopping.,0
Seth's PC doesn't work so he needs help. Rory suggests resetting the memory sticks. Albert suggests trying different combinations of slots.,0
Meg is a bit unsure about going at Evelyn's because she doesn't know if she really wants her there.,0
"Eric suggests that Lucia come to his beauty salon on Friday at 3 p.m. to have her hair cut, and Lucia agrees.",1
Ian is going to restore a deleted file for Jack.,0
"Sean and Ann are discussing the negative impact of Brexit on their lives, particularly in relation to Northern Ireland and the border, and express uncertainty about how it will all end.",1
"Tina and John were arranged to come for dinner to Matt and Maya tonight. Maya was wondering how much red wine to buy. It has been a stressful week for Matt workwise. Maya offers to cancel the dinner, if Matt doesn't feel like it. Matt decides to cancel the dinner.",0
Chad is on a Cowboys game with his sister on VIP passes. ,0
"Dex and Sara discuss the appropriateness of Ed Sheeran's attire and whether it is man-shaming to criticize him for wearing a tee shirt, with Sara arguing that there is a double standard and Dex disagree",1
Nicole is working at the National Library and finishes at 10PM. Nicole is eager to have a beer with Alex at the bookstore bar afterwards.,0
"Amy is not interested in trying out a new yoga class, but Ann convinces her to give it a go. Amy agrees to attend a class on Thursday at 6 PM and wears comfortable clothes.",1
"Ann is extremely upset with her ""best friend"" who stabbed her in the back and stole her boyfriend. She feels like punching the person in the face and calls them a cunt. Patricia tries to calm her down and is surprised",1
"Tom and the other people are waiting for Christie at the cinema. Christie is almost there, stuck in traffic, due to accident. ",0
"Freddie and Charlie are discussing the second goal scored by the opposing team. Freddie believes that the goal was due to the opposing team's skill, while Charlie believes that the goal was due to a mistake by the opposing team'",1
"Mary hasn't read ""27 dreams"". Anna recommends the book.",0
"Zack wants to see ""The Avengers"" with Daniel, but Daniel is not interested in sequels and suggests they see something else instead. Zack insists that ""The Avengers"" is the best choice.",1
"Marc makes a joke about John's photo, John responds positively, Marc clarifies he was joking, John asks about Kean, Marc says Kean enjoys being fat, Kean says everyone gained weight, and Marc finds L",1
"Lenny and Karisa have a difficult time deciding on what to eat, with Karisa being indecisive and Lenny not wanting to take the risk of her not liking what he chooses. They eventually settle on soup from a place",1
"Confused with the declaration in June and having the option to choose classes in August, Aga, Maria, Iga, Przemek, Ehefan, and Rohit want to resign from the classes, but the dean says no. ",0
"Ewa, Mason and Jhordan attended tacos concert yesterday. Ewa thinks it was marvelous. Mason and Jhordan believe it wasn't that great.",0
"Tony encourages Victoria to stay positive and tells her she can handle her stress, while also suggesting a specific action to help her cope with it.",1
Sam overheard Rick saying that he wasn't happy living with him and Sam doesn't know how to react. Naomi suggests that Sam should talk to Rick to clear the air.,1
Jacob has completed the literature review of his project and is currently working on the classification techniques for the ECG signal. He has found various research papers and techniques to extract features of the ECG signal and will send them to Rachel.,1
"Adam and Cate are relieved to hear that the doctor has diagnosed a benign condition, and they plan to celebrate by going to a Thai restaurant that Cate has been wanting to try.",1
"Chris ignored Abigail saying ""hi"". It wasn't the first time it happened. ",0
Donte and Kelsie have a brief conversation while Kelsie is on a trip in Coimbra. They plan to talk later and Donte tells Kelsie to write him tomorrow. Kelsie seems tired and not in the mood,1
"Trey helped his brother to make an RC car last night and Lyric is asking if he can do that for her, too. ",0
"Maggie has a wine stain on her dress and no money to buy a new one. Angela suggests taking it to the dry cleaner, Codds, and assures Maggie that they will be able to fix the stain. Angela sends Maggie their address",1
"Anne has a fever, she won't come to the office. She'll see a doctor in the afternoon.",0
"Zoe had a date with Daniel, it went well, but they didn't have sex.",0
"Nancy doesn't want to bring Carlos for her uncle's birthday, because uncle Tom wouldn't appreciate Nancy and Carlos being together. Carlos is mad and he realizes Nancy doesn't treat their relationship as seriously as he does. Even though Nancy believes it's all about fun, she claims to love Carlos.",0
Thomas is having a meeting and can't sneak out. Thomas is seeing Elisabeth half an hour later. ,0
Austin has missed his bus and has to wait 15 min for another one. Calvin will start without him.,0
"Mark informs Suzanne that during construction, the bathroom facilities located in the factory should be used, and passes along this information to her team. Suzanne expresses surprise that some people have been using the bathrooms with the workers in there. Mark",1
Paul sent some files to Jake and there is going to be a short presentation tomorrow.,0
"Jessica and Dex argue over the correct chapter to read in their textbook, with Dex being confident in his answer while Jessica is unsure and frustrated.",1
"The monthly transfer has been delayed until the 4th of the month, but the father assures his son that everything is okay and that their landlord will understand.",1
Gene and Drew will talk about the video after te holidays.,0
"Seline asks James if he still loves her, and James responds by saying he loves her of course. Seline then tells James about a dream she had where he cheated on her with a blonde woman. James jokes that he should apolog",1
Stacy and Donovan are fine. There was a game last night.,0
Esme got her nails done. She paid 42 and gave a tip. They last 3 weeks. She chose white color with glitter.,0
Xenia collects orders for pierogi. Mercedes wants 2 kg of pierogi with mushrooms. Peter will pass this time.,0
"Nevaeh wants to know what time Gavin is free so they can meet, but Gavin is unsure how long they will have to spend together. Nevaeh mentions that she has an internship at school and is free",1
Oprah got her favorite sweets from Turkey for her birthday from Joe.,0
Miranda is struggling with her new job and feels it's not as easy as it looks. She is still in training and has not met everyone on the team yet. She is excited about the possibility of traveling for a 3-month project,1
The WiFi is working fine at D1 (house 1) and Eric is unaware of its location.,1
Laura is in Spain and sends a photo. Cathie guesses it's from Granada and is jealous. She calls Laura a lucky bitch and asks how long she's staying. Cathie invites Laura to join them and offers cheap flights,1
"Adam and Lauren are excited about Lauren's first trip to NYC. They discuss the five counties that make up the city and its history, and Adam suggests they visit the Museum of the City of New York together.",1
Lena is sick with a cold and is on sick leave from work until Monday.,1
Sam wants to buy a new laptop and is considering changing his MacBook Pro to a MacBook Air because he doesn't need all the fancy options and most of the powerful stuff inside it remains unused. Zoe suggests that a MacBook Air with,1
Taylor is going to Paris for 4 days and wants to visit famous sites like the Eiffel tower. Ron knows a great cafe near the Elysian fields and suggests Taylor to go there. Taylor is busy with her plans and doesn,1
Max is sorry about his behaviour so wants to meet up with Lucas and Mason. Lucas will let him know. ,0
"Rachel asks her mother Sue if she can babysit her children tonight, and Sue agrees. They discuss where Rachel's children will stay, and Rachel mentions that she loves spending time with her grandbabies. They also talk about Rachel",1
Mohammed had an amazing time at Edward's wedding.,0
It works for Abby thanks to Josh's help. ,0
Dwayne is frustrated that British people are snobby and keep talking about the origin of the English language.,0
"Chloe invites Sandra and her husband to visit them in spring, but Sandra reveals that Jason, her husband, recently lost his job and they are going through a tough time. Chloe expresses sympathy and suggests they visit in May when",1
Dad needs to be monitored and he will not come back home for at least a week. Chloe will pay Dad a visit today at 6 pm. Chloe will bring dad some newspapers and his favourite music.,0
Ruby recons lectures are a waste of time because the professor keeps talking about his private life.,0
"Tina informs Jane that she won't be able to attend a scheduled event due to an unexpected issue, and Jane expresses concern and offers to call later. Tina reveals that her relationship with John is causing problems and they need to talk",1
David and Jack think newborn babies are ugly. They dislike the fact that parents so often share their babies' pictures via social media.,0
Nina will prepare a vegan gingerbread cake and Alex a salad for the office party.,0
Alice asks what she should get for Freddie's birthday. Beth suggests play doh that Freddie loves.,0
"Shannon excitedly shared that Greg and Amy got engaged, but Noel did not know who they were and thought it was a wrong number.",1
"Abigail is interested in buying a dress from Beatrice, who lives in Ealing, West London. They arrange for Abigail to come and try on the dress on Friday around 2-3 p.m. Beatrice sends Ab",1
Aaron bough some equipment. They will try it out at Harold's place at Chester Road 7. Harold run out of lube but Aaron will be gentle.,0
Willie and Trishia are planning to have beer together tonight.,1
Paul just got the Red Dead Redemption 2. He invites Rosa for a game. She is not into it.,0
Pedro asked Veronica out. They are going to the cinema and maybe for some drinks.,0
"Melissa and Tyler discuss their preferences for baby names if their child is a girl or a boy, with Melissa favoring Ophelia and Tyler preferring Leon or Xavier.",1
"Zoe is waiting for Mia and Jasmine at 7th Ave and 27th St for their bus back to New York, which is scheduled to leave at about 11.35.",1
Donna informs Wesley that his mother will pick him up later today and she will be 15 minutes late due to needing to pick up laundry. Wesley responds that it's okay and he will be waiting.,1
Mom is calling George to come for supper. He's coming now.,0
Anna is sick and Mary advised her to stay at home.,0
"Lilia is sitting with her friends, including one gay couple, and Randall reacts with surprise.",1
Alexa is going to Hunter's party. The whole class is invited. She may bring her younger brother along. She is also going to return Hunter's notebooks to him.,0
"Jenny will try to go to a gang meeting that will take place tonight at 8 p.m. at Ricky's. Sarah thought that Lexie had told Jenny about the meeting.
",0
Maggie informs Kelly that her father is ill with cellulitis in his legs and is on strong antibiotics. He can walk but his legs are stiff and heavy. Kelly offers to visit after work and brings some of her Rocky Road cake,1
"George has seen ""Friends"" 10 times. Anny has watched it 8 times. Anny's favorite characters are Joey and Monica. George and Anny consider Monica to be a mother figure in the series. They think ""Friends"" is the best series of all time.",0
"Emma is upset with Daniel because she believes he treated the waiter poorly on purpose, while Daniel claims it was a misunderstanding and apologizes, assuring it won't happen again. Emma needs time to process the situation and believes it may affect",1
George had the best moment ever when a fluffy cat sat in his lap at Starbucks.,1
"John goes to the store to get goat cheese, milk, grainy rolls, and tissues for Tracy.",1
"The group is discussing the upcoming essay about the future or globalization, with a word count of 1000 words. John finished his an hour ago and it took him around 2 hours to complete. Rick plans to start his when he",1
"Agnieszka suggests that the song Olaf is thinking of is ""High Hopes"" by Panic at the Disco, which she confirms is a catchy and positive song. Olaf is grateful for the help and has a",1
"Diana has returned from her trip to Italy and shares her amazing experiences with Margaret, including visiting less touristic villages and driving through the beautiful Chianti region. Margaret expresses her envy and the desire to plan a similar trip for next year,",1
Wesley does not like Laura's new boyfriend. Melissa had the opposite impression and wonders if they should tell Laura. Wesley feels she will be fine. ,0
Renee updates Rachel about Layla's upcoming knee surgery and sends her a picture of the dog. Rachel expresses her concern and sends love to Layla. They also discuss Rachel's job search and Renee offers her a job,1
"Ian and Paula won't meet, as too many people can't come.",0
David and Jo procrastinate over the execution of an assignment. Following the professor's instructions Jo and David will work with different extensions.,0
Carla is teaching a class of 7 today. She will be absent 6-12 December. She can teach on the 22nd but not 29th. Mona has to confirm January 2nd classes.,0
Dylan teaches business English twice a week at school and three days a week at companies.,1
Samara bought a dress from an online shop and Karen is impressed with it. They both talk about their shopping habits and how they often shop all over the place.,1
Hunter is sick all week. His friends tell him that Plummer got livid when nobody in the class could give him a correct answer. He mentioned Hunter's name.,0
"Kitty is happy that they don't have a morning class on Tuesday, Jill is curious about when they will make it up, Kimberly suggests they will schedule it, Jill hopes it won't be on the weekend and K",1
"The ocean is taking away Kiribati, because of risen sea levels. Eve's neighbours are planning to move to New Zealand next year.",0
"Charlie suggests replanting the Christmas tree instead of throwing it away, and provides a link to a tree planting company that does this. Connor is impressed and plans to contact them.",1
Ken and Jacob agree they should apologize to them and want to send an email. Will disagrees with them. He will quickly think of another solution.,0
John wishes Anna a happy birthday and asks about her mother's health and stay. Anna responds with gratitude and uncertainty about her mother's stay. John advises Anna to say hello to her mother and Anna thanks him.,1
Tom has ended his relationship with Linda because of her disrespectful behavior towards him.,1
"Martha had a hen party in Rome. She was there with the girls and they ate a lot of pizza, drink a lof of wine, did some sightseeing, but were mostly partying. Martha and Julie will meet and then Martha will tell her about it.",0
Lucas is unavailable to petsit Agnes's kitty next Saturday. He's going to his best friend's bachelor party in Ustron.,0
"Janusz brought good food from Poland, including blood sausage, which he says is delicious, but Andy finds it gross and suggests leaving it.",1
Anne's tap is leaking from the bottom and she doesn't know how to fix it.,0
Jude has left his reading glasses on the table. He will buy a pair at the airport.,0
Mary Auckland provides Christopher Lucas with an example of a well-structured MA thesis on her PC.,1
"Lilly is disappointed that her friend did not come to pick her up, and Liam tries to console her by saying that everyone faces such situations in life. Liam also offers to scold his friend, but Lilly dismisses the idea.",1
Lidia is busy and requests to be contacted in an hour.,1
"Anthony suggests that the dog leash is in a basket to be washed, Ana agrees and takes a spare one. They discuss dinner plans and decide to go to a restaurant next to the beach for grilled salmon, booking a table for 2",1
"Zeke informs Pat that Martina and Andy, as well as Claudia and Yuri, are coming to their house tonight, but Simon is not attending due to being upset with Andy and Diego. Pat suggests calling Diego, who is also not",1
"Walter and Susan are discussing their plans to buy their father a Christmas gift. They both agree that a new razor would be a good idea, but Walter suggests getting him a CD instead since he always asks for winter socks. Susan is unsure about",1
"Richie has different opinion on the last episode of QaF than Richmond, Daphne and Penelope, and it turns out he watches the UK version whereas the others watch the USA version.",0
Today Ethan has a date with Dana. They're going to the cinema and to the restaurant.,0
Tim's parents are going to Spain for 2 weeks and want Tim to take care of the house. Tim's planning to throw a party while his parents are away. Chris agrees to lend Tim his speakers.,0
"Joan will send Betty contact to reliable movers, as she moved to a new house.",0
Hester has no time to follow politics now. He doesn't know much about the candidates and that's why he's not going to vote. ,0
Liz asks Melvin to buy her some amaretti and nocciolato gianduja from Piedmont while he is in Milan.,1
"Kate suggests a place in Red Lion, but Steven says it's too far away. Kate suggests biking or driving, but Steven says he doesn't have a car or bike. Steven suggests walking, and Kate agrees to wait.",1
"The group watched a video about the differences between how kids are raised today versus how they were raised in the past, with a focus on the idea that kids today are more focused on safety and comfort rather than authentic experiences.",1
Clementine's cat jumped on the curtain.,0
"Mason tells Thomas that he had a nice time with the blonde girl, but the condom broke. Thomas is upset, but Mason reveals that they took the Morning-After Pill to prevent any complications. Mason concludes by stating that he",1
"The group is discussing watching 'The Millionaire' when the commercial block ends, and they plan to talk later.",1
Fiona shows Piotr a photo of her from Halloween 1999 and he compliments her cute appearance.,1
"Matt is taking a Spanish course and enjoys it, while Alex has stopped studying Spanish due to work. They plan to meet this weekend.",1
"Dee Dee and Karen didn't have a credit card so the car rental company refused to lend them a car. In consequence, they lost the booking fee, which was frustrating. Otherwise their holiday is enjoyable.",0
"Julia and her friends were considering not participating in the New Year's Eve activity that included costumes, but Aurore explained the game and its details, and they decided to stay by the board games instead.",1
Galard agreed to check Jillian's lost pen at his place and Jillian expressed gratitude.,1
"Felix is clueless about what to get Meggy for her birthday and asks Elsa for help. Elsa suggests getting her new headphones for jogging, which Felix thanks her for and looks them up.",1
"The group is discussing a new video about the Marvel Netflix series, which analyzes the different approaches of the various series and points out the flaws of some of them.",1
Megan would like to borrow Dylan's Mystery of the Abbey game. Dylan is ok with this. ,0
Gaby will talk with Jeff about going with Abby and Mark to Valentine's dinner at Boscaiola.,0
Harry has just seen a scene with a dog in episode 2.,0
"Kleo is asking Kinga for a red dress for a performance, and Kinga is checking if she has one available. Kinga is unable to find the dress, but remembers that she had it and thinks she left it at her parents'",1
"Johnny informs his father that he has supplementary lessons and will not require a pick-up. The father, who is currently with a friend, decides to go drinking and offers Johnny one glass of alcohol, but Johnny agrees only if his mother is",1
Samantha showed Benjamin a file that got cheaper and they need to buy it now.,1
Sylvia and Thomas are both going to Dawid Podsiadlo's concert and Thomas was just talking to Matt about finding people to go with when they met. They both agree that they should have a drink beforehand and Thomas suggests just one,1
Rachel warns Luke to never contact her sister again or she will hurt him. Luke is not intimidated by Rachel's threats.,0
Julia skipped school today and was seen later with Josh by Hailey. Emilia believes Julia is in trouble because Josh is gay. Hailey didn't know he was homosexual.,0
"Ben is accusing Mac of stealing his watch and Mac denies any involvement, stating that he will return it when he gets home.",1
The last year student cut the tyres on 11 cars in the school car park. Math teacher's car got all four tyres cut.,0
Lisa organises a school reunion on the 20th of June.,0
Olivia is sick and absent at work. Emily and Amanda have to deal with all the workload on their own. Amanda is unhappy about it so she tried to reach Olivia and make her do her own job remotely.,0
"Matt is on the road all day and sends an email to his boss complaining about the new organization. He accidentally sends it to Harris, who is a gossip man. Amy understands the situation and agrees to help stop Harris. Matt thanks her for her",1
Jessica expresses her admiration for the view in the photo while Olympia expresses envy towards Clarissa for having such a beautiful view.,1
"Serena and Jeff discuss Jeff's skin condition and how it is affected by cold weather and certain foods. Jeff mentions that he doesn't always need to be on medication for it, and Serena shares that Tina, who also has",1
"To Christopher's frustration, Matthew, Andrew and David refuse to go abroad for the weekend.",0
"Erica and Nia are running late, while Patty is in front of the cinema.",0
A new album of Behemoth was released. This album contains songs Bartzabel and Sabbath Mater.,0
"Kate and Adele are catching up, with Adele expressing that she and her daughter Maia are both sick, while Kate expresses her dissatisfaction with her job. Adele suggests that Kate update her LinkedIn profile and",1
"Lola put the garage key in the hall cupboard, in the top drawer.",0
"Anita and Ruby discuss Anita's inability to work and paint for the past year, with Ruby expressing sympathy and support.",1
Charlotte requests help to move some stuff from her apartment and Frederic and Emanuel offer their assistance. They agree to meet at 8pm.,1
Rose's favourite royal is Meghan and she's gossiping with Jenny and Nancy about her pregnancy. They don't like the fact that the pregnancy was announced a day after Eugenie's wedding.,0
"Monica is making pizza tonight, Jamie is buying mozzarella. ",0
Agnieszka guessed the name of the song Olaf heard today on the radio and couldn't get out of his. Bartek and Agnieszka weren't too nice to each other.,0
"Julia congratulates Travis on his performance. Travis feels great, although he was unsure at first.",0
Alan changes his plans and will join Asher on Wednesday.,1
"Ryan and Kate are making plans to go to the cinema together, and Kate is excited to see him.",1
"Lois had to crawl under a desk again to fix a phone and found it creepy, while Jim agrees and finds it funny. Lois taped the wires down to prevent it from happening again, and Jim suggests having someone else do",1
"Nina, Rick's sister, is having problems with math and asks Carmen, who knows someone good in math, for help. Carmen suggests that her brother, who is great in math, will help Nina. Nina asks for Carmen'",1
Ava and Olivia are going to check out Emma's nail art tool tonight.,0
The group discussed and approved the file.,1
Amelia shows Megan a file and convinces her to go to a New Year's Eve singles ball despite Megan's initial hesitation and skepticism.,1
Jim and Tim are arranging to share a ride to work. Jim is picking Tim up from his house and they will meet out front.,1
Kelly urgently requests a call and Peggie responds.,1
Jimmy wants to go out for the stand-up with Kris. Kris is fighting bad with Cathy lately. Kris has been working lots and Kathy is alone with kids. Kris and Jimmy need a break so Jimmy will watch the kids.,0
Janet is coming to Adrian's place for coffee in half an hour and they will buy sweets on the way. Adrian requests fudge and Janet is happy to oblige.,1
Monty needs to ask Kurt's father about something and wants his number. Kurt will tell his father that she'll call and send her the number.,0
"Eric and Curtis are discussing the upcoming Champions League and the date, which is June 26th. Eric is excited about it, while Curtis is not as enthusiastic and reminds Eric that he lost a lot of money last year betting on",1
Mike lost the instructions so he couldn't assemble the dresser for Mona. ,0
Joan is almost ready to go for a wedding and will save Kim a seat. They are talking about the long-lost friends who will also be there. Kim and Joan will get there by taxi.,0
Irena declines John's invitation to join their group because she is saving money for her trip to Spain in May.,1
Joe and Harry catch up after not speaking for a while and make plans to hang out and grab a burger at Bourbon St.,1
"Klara has an appointment at the dentist in 3 hours, and had to reschedule plans with Bobby.",0
"Ivone is orange from using too much self-tanner and has tried washing it 100 times, but nothing seems to work. Libby suggests waiting for 2 weeks or so for the color to fade.",1
"Ivy and Sara are enjoying Christmas with food and Netflix, while Tom is happy to be out of town. Sara received make-up and perfume as gifts, which Ivy finds nice.",1
Claire informs Leon that she won't be able to attend their planned event because her mother has an urgent job call and she cannot leave her siblings alone. Leon understands and they reschedule. Claire apologizes and promises to make it up to,1
James tells Lucy that he will be later tomorrow. He needs to take Sue's car home.,0
"Lucy announces that dinner is ready, Pamela responds that she will come, and Omer expresses his excitement and hunger for the meal.",1
"Thomas and Mary are discussing Thomas's plans to go home and Mary's uncertainty about her own plans, with Mary expressing her dissatisfaction with her job.",1
"Milla is experiencing allergies and is frustrated, Jane recommends seeing an allergy specialist but warns of the high cost, Sue also needs a check-up.",1
"Adrian and Maja are discussing the tickets for a trip. Maja hasn't bought them yet because she doesn't know the exact date of her trip. Adrian is excited about the trip, but Maja is not, as she",1
"Jamie and Oliver are discussing their biology experiment for their classes, which they need to complete at home. Oliver suggests they explode something using cola and mentos, but Jamie finds it dangerous and asks Oliver for other ideas. When Oliver has no other",1
Liam will see Cole at 8 in his room.,0
Josh and Osman are discussing a great soccer match they watched and how the Giant played the best game of the season. They are excited about their team's performance and are confident that they will make the playoffs with three games left. They,1
"Lily congratulates Peter on winning the championship and gives him a pat on the back, while Peter thanks her and expresses how hard it was to win the match. Lily also expresses her belief in Peter's abilities and the awesomen",1
"Shane and Danny are discussing a recent purchase, with Danny showing a photo of the item and Shane expressing approval.",1
They are going to try and catch the 5 pm train.,0
John is leaving his apartment and going to Southeast Asia for a few months. He quit his job and broke up with his girlfriend. He wants to meet his friends for a beer to talk about it.,1
Jim is in Madera and finds it beautiful but challenging to get around without a car. He is also having trouble finding vegetarian food. Sylvia and Mark are also there and share their thoughts on the island and the food.,1
"Julius offers his condolences to Fred after hearing about the damage to his car, and Fred responds that ""shit happens."" Julius asks about the extent of the damage, and Fred mentions that the front of the car needs repair,",1
Melanie enjoyed last nights episode of True Detective. ,0
Sakis and Alex will go to Greece this summer. The grandma is sick. Alex will search for flights with Aegean Airlines.,0
"John and Paul are discussing a woman they both find attractive. John is encouraging Paul to pick her up, while Paul is hesitant due to being stressed by women. John suggests making the woman jealous by messaging her with another woman, which Paul",1
Veronica is running late to the meeting with Alvin.,0
"George and Kayla are discussing Kayle's return from being away and how they don't feel excited about it, as he never cleans up after himself and leaves dishes unwashed. However, they acknowledge that he buys them food sometimes",1
Colin will come at 8 or later tonight.,0
"Adam is looking for 3 guys for the game tomorrow at 1. Tim can't come due to a family meeting, Jerry is still unwell, Terry will come, Todd will let him know later.",0
Tom lends Mary his key while she looks for her own.,1
"Nichola, Billie, Tracy, and Greg are at a Funky Disco party. Gertie couldn't join because she has to take care of her grandparents.",0
The link to Stephanie's video does not work.,0
Luke found painful information about the past.,0
"Lionel is in a meeting and cannot talk, so Pete apologizes and they part ways.",1
Nat's keys are on the window sill.,0
"Lauren tried to call Frances at the office but couldn't reach her. Frances was on a meeting and couldn't talk, but she was bored out of her mind. Lauren invited Frances to her birthday party, which Frances accepted.",1
Grace is on holiday on the French Riviera.,0
"Jake is organising a poker game on Sunday, 10 am. Mike and Molly have a sick kid. Terry will come with his kid.",0
Mark's email account was hacked and he sent out weird emails to his colleagues. He wants them to be aware and not click on any suspicious links or open emails from his account.,1
"Michelle lost her wallet, probably on the train.",0
"Dan and Arabella will meet at the main gate of Jesus College. Matteo overslept, so he will come straight to the station. Arabella will give him some food. ",0
"Donald declines an invitation due to difficult times at home, specifically a divorce conversation with his wife.",1
Layla and Savannah discuss the smart dress experiment that aimed to show how often women are groped at clubs and the results that revealed all three women were groped about 150 times in less than 4 or 5,1
"Audrey wants to download the TV series ""Lucifer"" but doesn't remember the title. Tony suggests it and tells her she can check it on Netflix. Audrey says she doesn't want to pay for it. Jessica says ""Luc",1
Jill has to go to a funereal and wants to drop her kids at Kate's. Kate would love to play with Jill's kids.,0
Isabel will leave Jared a copy in his mailbox. Jared won't be able to read it before the evening.,0
Maya inquired about Shaggy's freelancing work and requested additional information from him.,1
Sophie is trying to locate Alissa at the parking lot and they are having difficulty finding each other.,1
The morning class on Tuesday was cancelled. It will be postponed to a later date.,0
Cate's doctor said her condition is not dangerous. Cate and Adam will go to the Thai restaurant Cate wanted to go to to celebrate. Cate will make a reservation for 8 o'clock.  ,0
"Paige has a new, interesting kettle.",0
"Joel sends Mark a video from their past and they reminisce about their youth, discussing a possible reunion.",1
"Jake suggests alternative activities for Mike and Dora in Dublin, such as visiting bars, escape rooms, the Guinness factory, or whiskey tastings, but they are already too drunk from the rainy weather to enjoy them. They are instead",1
Aubrey has just had some delicious pizza in the place near the national museum. She will go there with Corina and Chris next week. ,0
Jessy wants to buy an electric peeler.,0
"Alfie and Mia are discussing Alfie forgetting his mother's birthday, and Mia suggests a spa treatment for her as a gift.",1
Molly's already home. Amy's still on her way back home but she's almost there.,0
Liz and Jerry are going to Madrid after being in Berlin for two nights.,1
"Steffi is welcomed to the team by Gary and Fiona, and introduced to the rest of the team. The team discusses the weather and Steffi's arrival in Northern Ireland. Maddie is excited to meet Steffi",1
Melissa and Margerie are going to the Mall to check out some Halloween costumes. ,0
Miles wants to take Lydia to the movies so will call her in a sec to talk about it. Ilona will her brother Lydia's number.,0
"The group's plans for a holiday in July and August have been cancelled by their boss, and Macy is furious.",1
"Sandra and Jason will try to visit Chloe in May. They can't come now, because Jason got fired recently and he has just started a new job.",0
"Tamara, Bonnie, Kiera, and Sadie are all going to jumpfit tonight.",1
Victoria can borrow Mama's red trench coat and red gloves.,0
"Amit needs to know the number of foamed cabinets in the first bay for a meeting, and Choula offers to count them but provides an incorrect answer, leading to Amit doubting Choula's accuracy, but ultimately accepting",1
"Kimberly is very angry at smokers on the street who are damaging her lung health, despite the government raising the tax on cigarettes. Sierra acknowledges the issue but notes that the tax increase does not seem to be effective in reducing",1
"Pauline'll pick Hans, Olga and their children up when they arrive on Friday at 1:20 pm. Before that Pauline'll have to ask somebody to take care of her children while she's absent.",0
"Barbara and Stanley enjoyed playing Beat Saber on PS4 last night. They consider buying a console, but first they need to have their car repaired. They start discussing how fast time flies. They have a table booked at Violet Sushi for 6 people at 6 pm. ",0
"Mina, Lola and Joe are going to the movies tonight, to see 'The Favourite'.",0
Miller carried Carlos' lunch box to work.,1
"The group recommends Versailles, How to Get Away With Murder and Black Mirror to Freddie, who is looking for a new show to watch after finishing House of Cards. They explain that Versailles is on Canal+",1
"Jane needs to return a ring she got because it's too big, Jill offers to exchange it for a smaller one in the morning.",1
"Jenny, Rose and Nancy are excited about Meghan's pregnancy and the announcement of it a day after Eugenie's wedding..",0
Lily is a True Blue from Sydney. Meghan is from New York City.,0
James accepted an Amazon parcel for Vicky.,0
Hugh likes Tori's new haircut.,0
"Val will check the tyre pressure, as reminded by Jim.",0
"Adele and Maia are sick. Maia had 39C fever at night and Adele couldn't sleep because of coughing. Kate offers Mike's help, but Adele declines, as Peter is coming back this afternoon to take care of them. Kate hates her job. She will update her linkedin profile and start looking for a new one.",0
Tom informs Jake that he is working from home but will be at the office by noon. Jake responds with reassurance and thanks for the update before they part ways.,1
"Mike has picked too many apples. Zelda will come over and take some apples for herself and for mom. To keep the extra apples for later, Mike can make apple sauce. Apple sauce can be stored in the freezer. It can be served as a side dish.",0
Sam is bored and cannot focus on studies.,0
Ingrid will be waiting for Hal at home at 7 tonight.,0
Dr Smith took care of Hugh's toothache. Wade wants to make a dental appointment tomorrow.,0
Sophia and Mason have been married for 2 years.,0
"Sue received a call from Joanna at 1 pm, but didn't pick up. Joanna is confused about what Jo wanted to talk about, and Sue needs to call her back to find out.",1
Paul apologizes for being late in sending a file and assures Jake that he will have a copy tomorrow. Jake is confident that their short presentation will be well received.,1
"Brian can't go to the meeting with Jeff neither today, nor on Monday.",0
Tom has landed in Krakow and is on his way to the hotel. Chris asks about the airport and the distance from the hotel. Tom mentions that he can be shy when meeting new people but will open up after a few minutes. Chris,1
"Bob suggests replying to a spam mail, Denis agrees, and Clair threatens to cut their heads off if they don't provide support.",1
Lindsay is bored at work.,0
Maia asked Lala to bring Sophia's bag that she had left.,0
"Anna is frustrated with Tom for not changing Stevie's diaper and decides she wants to kill him. Lisa listens and suggests Anna talk to Tom seriously about his general attitude, but Anna is too tired to do anything about it. Lisa",1
John is teasing with Henry who's asked him about John's address.,0
"Carol informs Kate that there is no dinner prepared, so Kate can order whatever she wants and the money is on the counter. Kate expresses her gratitude.",1
The group plans to hike in the Jandia Peninsula and meet afterwards in Morro Jable to eat. Marion is not joining the hike and will meet the group later. She has done all the paths on the island and is,1
Melissa bought a beautiful and shiny thing.,0
Tim proposes to join the yellow vests tomorrow. Jenny and Matilda won't join the protest. The yellow vests demand the resignation of Macron. It is possible to read their demands on the Internet.,0
Afande is on his way back and will arrive in 10 minutes to attend to the customers.,1
"Jared hires Mary to find four restaurant locations for him, and Mary agrees to check them out and set up meetings. Jared forgets to mention his budget, but Mary asks about it and Jared provides the information later.",1
"Jessica will wear the turquoise dress to meet the parents. Judith is making fun of her, while they're choosing shoes.",0
Malcolm and Iris won't watch the world series tonight. They will watch something on Netflix instead.,0
Melanie doesn't have a cat even though she poses with one in her profile picture. Billy has a sphynx Banshee that is very intelligent and mean at the same time. ,0
"Ross notices that Isabella has lost weight and assumes she is on a diet, but Isabella reveals that she has started jogging.",1
"Emily and Savannah are discussing a funny video of Jimmy Fallon and Liam Hemsworth, and Emily is excited to show it to Savannah. Savannah is initially uninterested, but becomes intrigued when Emily ment",1
Tracy helps Dave find a hotel in Vienna within their budget by suggesting refining the search on booking.com and using her 10% discount code for their next reservation.,1
"Emma and Jane are discussing a TV series they watched in high school, Gossip Girl, and how it is stupid.",1
Elijah doesn't want to back up Esme when confronting Tonya.,0
Tom and Michael are discussing their plans for the weekend. Michael is busy this weekend but promises to be free next weekend. They agree to meet up and have a beer together next weekend. Tom is looking for entertainment in Warsaw this weekend and Michael suggests,1
"Charlie is not happy with his new iPhone X. James is not going to buy it. Annie was in Senegal, she liked it and would like to go again. Annie and Charlie are thinking of visiting Argentina in May.",0
Barbara sends Lisa and Jane 5 habits that people should change. Lisa and Jane agree with her.,0
Sandra is setting into the new house; her family is happy with it. Then Sandra and Gabby discuss the nature of their men and laugh about their habit of spending time in the garage or a shed.,0
Gil bought a lot of plastic plates but he doesn't need them. He'll offer them to the place's owner.,0
Pete does not have to water Lily's plants because she will be back in two days. They will see each other then.,0
Ozzi got a scarf from Louis Vuitton that cost him $300 and Jake is surprised at the price.,1
Anette invites Kim to join her and her kids for lunch at Gianni's on Sunday at 3pm. Kim accepts the invitation.,1
"Emily is finally boarding a Flybe plane that has been delayed due to technical issues, and Andrew reassures her that the airline is known for its safety, even though it is classified as low cost.",1
"Joe needs to have his watches repaired and asks Angel to get it done. Angel doesn't want to take money for it, but Joe insists he'll pay her back or she can take the money from the joint account. ",0
Matthew received the new addition for Lord of the Rings boarding game from Meggy for his birthday along with some good whisky. Bart is excited about this and asks if it's an invitation. Matthew confirms that it is and inv,1
"Bella, Trevor and Kevin are going to buy flowers and a voucher for their language teacher at the end of the course.",0
Chris is going Interrail to Italy and France for a week-long holiday next week. He'll be sleeping in hotels besides the night train from Paris to Venice. ,0
"Sofia and Veronica catch up, with Sofia expressing her love for Veronica's daughter, Annie, and Veronica joking about adopting her as an auntie. They make plans for Sofia to visit",1
"Susan reminds Sam of the departure time (10:45) and the compartment number (5) for their train, and Sam confirms and promises to let her know when he arrives.",1
"Jacob and Francesca are awake at 3 a.m. and cannot sleep. They discuss their inability to sleep and the things that are keeping them awake, including their thoughts about their mum, school, and Jacob's recent sadness.",1
Rachel is going to meet Caron tonight. Sue is going to babysit for Rachel. Rachel will leave her children at Sue's place after 4 pm.,0
"Jade is disappointed that a trip has been postponed, but Wayne reassures her that it can still happen and she can make it.",1
Steve and Nick will meet at 5 PM at Nick's office and go swimming together. Steve will take Nick's stuff from his room. They will go for burgers at a new place afterwards.,0
Dan's looking for a new dog. He wants it to search for narcotics. Ralph has two dogs he might like: a one-year old Malinois and an 8-month-old Belgian and Dutch mix. Dan will come and take a look tomorrow at about 9 in the morning.,0
"Anna and Al discuss the possibility that Chuck, a mutual friend, may know about their relationship, and Anna expresses her feelings of guilt towards him.",1
"Megan and Pete are having a disagreement about their vacation plans, as Pete wants to go to Patagonia in Argentina instead of a beach vacation. They have 7-10 days for their trip and worry that they won't have",1
"Mary apologizes for not attending Nick's birthday party, explaining that she got distracted and forgot about it. Nick is understanding and asks for details about the distraction. Mary reveals that she met an architect named Kirk and spent the whole week with",1
Sarah invites her parents and siblings to Saturday dinner.,0
John agrees to pick up Tia from school and Ann expresses her gratitude with kisses.,1
"Jim is at the gate by the large Christmas tree and Fiona is on her way, they can see each other.",1
Lily is visiting Berlin. James waters her palm every Sunday.,0
"Tom has a meeting in two hours and needs Hannah to prepare his clothes, including a white Tommy's shirt, black pants, and coat, as well as cufflinks and a tie. Hannah agrees to help and assures Tom that he will",1
"John invites Peter to come over for pizza, beer and board games with some friends, but Peter is uncertain due to work. John assures Peter that he won't let them down and they'll have fun.",1
Cindy informs Peter that the invitation for the New Year's party will be ready at the office until 5PM tomorrow and it will be waiting for him at her desk.,1
"Maggie advises Will to restart his computer before launching the apps, and if the problem persists, he should reinstall them.",1
Gallo and Madani are leaving in 2 hours as Adam was taken to the hospital. Gallo will pick Madani and the kids up. Madani will take Gallo's card.,0
Ingrid is going on a trip to Australia. She will meet with Gloria in Sydney.,0
Blake didn't like the Queen's message during Christmas.,0
Regina and Jorge are at the airport waiting for K. They will meet at the arrivals.,0
Erin needs a day after pill and Jade offers to give her one since her pharmacy doesn't have any.,1
Less than 1/3 of the students signed for ECON 231. John commizerates the professor. Ava considers signing. She likes ECON. According to Kenzie the class seems difficult. Ava will verify it. ,0
Julian cancels tonight's show at Blind Goose and wants to reschedule for next Tuesday depending on the weather. Brady can't attend.,0
Wacky and Mona are going to the club meeting at 6 pm on Monday. Mona will bring the slides.,0
Shannon sends Karen and Lucy a video of Jackie. ,0
"Andrew and Margaret are on a flight from San Jose to Chicago that was delayed due to an engine malfunction during takeoff. The flight landed safely in San Jose again, but they were re-routed to Chicago and will arrive home tomorrow morning",1
Preston will attend the interview in room 204 on the second floor at 3 pm next Monday.,0
"Ian is ready for his early morning flight. Anna, Oliver, Alan and Kelly all hope it's going to be fine.",0
Cody and Nelson are discussing their cleaning tasks for tomorrow. They will split the work and Nelson will clean the bathroom while Cody takes care of the bedrooms.,1
"Keith received the information that the lecture room has changed from 102 to 210 from Suji, who got it from an unknown source, and the school office was not reachable for confirmation.",1
"Tim will work this weekend, but Paula and Rosa will meet for a girls night with coctails.",0
Josh broadcast his music on youtube and got 7000 views. He was then contacted by a record company and will release an album.,0
Jesse will collect Owen so that Ella can go for a meeting.,0
Liz didn't buy onions. Wells needs them for the dish. Liz is going back to the shop to buy them.,0
"Laura is interested in getting Albert's phone. It's still available and she can come to pick it up today. However, pick-up is not an option for her and Albert doesn't plan to mail it. ",0
Green wind turbines kill birds according to Alex. Alex wants Lesley to sign the petition against them but she's not interested.,0
"The group is discussing the pressure to get married and have children, which they attribute to feelings of jealousy and fear of missing out (FOMO). They also mention comparing their lives to others and feeling sad about seeing friends and exes get married.",1
Stephanie is busy and cannot talk to Chris. She should be home at 8 p.m.,0
"Fiona asks Adam about his ""me time"" and learns he is playing Dark Souls, prompting her to express disappointment. Adam then asks about Fiona's conference and plans a nice welcome back dinner for her.",1
Russ and Jody are going trick-or-treating tonight. Jody has to finish her witch costume. Russ is going to surprise Jody with his costume.,0
"Derek invites Mike, Allison, and Robert to an evening of giant jenga at the Theater on Friday at 6pm. All four agree to attend and bring their hard hats.",1
"Grace is crying and asking for help while showing a video of Mike doing something, and Gaby reacts with shock and exclaims ""holy fuck"".",1
"Carolyn asks Tristan to go to a wedding with her as her date to avoid answering questions about her love life, but Tristan is hesitant as he thinks it may make things worse.",1
Denise and Lori are both in tent number 8.,1
Charlotte is moving from her apartment. Frederic and Emanuel offer her some help. They will meet at 8PM.,0
"Keith will leave for two days to his parents in York, to help them improve their old garden. Tom is okay with Keith coming back on Thursday but needs him on the phone. Keith's parents sold the car, so he will drive there and ferry them around a bit.",0
Don tells Hisham that his wallet is in the car because Hisham was drunk yesterday.,1
Kayla is writing the essay about Christian denominations and has some questions. Anca explains they have a patriarch instead of pope. Milena mentions Constantinople as a symbolic place where everything is decided.,0
Mary excitedly tells Lizy that Anna is going on a trip to France and that she got an invitation from her friend to go to the coast.,1
Henry will get some still water at the market on Maya's request.,0
Kylie inquired about Maggie's finger and was relieved to hear that it was improving. Maggie admitted that she had foolishly put her hand in something that caused her injury.,1
"Mike from the organizing team invited GastroMachina Foodtruck to participate in a ""technological picnic"" event on Saturday from 10-17 on Theater Square. The event is free and so is the participation. G",1
Jude needs Faith's credit card to pay the bills.,0
Mitchell offers a photo file to Lorenzo who thanks him and says it saved his life. Mitchell responds with a smile and Lorenzo says he will come for it in two minutes.,1
"Bianca is disappointed that Veronica did not receive her postcard from Spain, which she sent 2 months ago, and Veronica suggests that they may still arrive, but Bianca is no longer worried and is now looking forward",1
"The group is discussing their plans for New Year's Eve, with some preferring to stay home and relax, while others want to go out and celebrate. Felicia and Margaret are particularly against going out, citing chaotic and messy conditions",1
"May accidentally sends a revealing photo to her friends and is mortified, but they all compliment her appearance and assure her that it could have been worse.",1
"Pamela is giving Ben socks and perfume for his birthday and is looking for last minute gift inspiration, while Mary is desperate and unimpressed with the gift idea.",1
Thomas doesn't want to add Trudy to their WhatsApp group because she doesn't belong to the family.,0
"Josh made it to the gate at the last moment, as they're almost done with boarding. ",0
"The group is discussing the Japanese-Russian conflict over the Kuril Islands, specifically Shikotan Island, and how the dispute may be due to resources. Paul suggests that they use this topic for their international studies project.",1
Oliver helped Margaret set up the party and they are both excited to have fun together.,1
"Claire, the accountant, was supposed to call Arlo but she did not. Louie has made a note of it.",0
"Mark is uncertain about attending a planned game night at 7:30 PM, citing various tasks he needs to complete, but his friends encourage him to go and assure him that they've planned the event for two weeks.",1
Laura and Alicia are discussing Ryanair's new policy change and how it will affect their wallets. They also talk about new Ryanair-sized backpacks that are being made and how they might be expensive but could save money in the,1
Peter and Martha discuss world politics after Peter sends Martha an article. Martha doesn't think that the US will go to war as it's not profitable. Peter believes that certain groups might push for an armed conflict to profit more. Peter believes history works in cycles of war.,0
"Agnes and Viola are catching up, with Viola sharing that her new job is good and she is learning about the company's systems and procedures. She also mentions that her new boss and colleagues are helpful. Agnes expresses her",1
Anna wants to go and get some food for dinner. She and Daniel are getting cabin fever. ,0
"Mary is concerned about Anna's health and advises her to rest, while Anna acknowledges her illness but feels overwhelmed by work.",1
Paola and her friends are going to the theatre El Rincón de Sánchez on Friday. They are going to see a play about Serbian family just after the war in Yugoslavia. Nicola and Austin will go to the theatre together. They will eat empanadas on their way.,0
Nellie attends meditation classes 3 times a week. Nellie is interested in that so she meditates also at home and she takes part in special events. Pinkie worries that Nellie is obsessed with meditation.,0
"Ben, Bill and Dominic will wait with talking to her about the plan till the last day, so she doesn't fire them in an inconvenient moment. Dominic doesn't trust her and needs money for the instalment.",0
Monica has sent Joanna the chicken recipe she used yesterday.,0
"David offers to bring the House of Cards DVD to school for Claudia, and Eddie declines.",1
"Trevor recommends Philip Roth's American Pastoral to Emilia based on her interest in reading something cool, and Noah agrees that it's a great book.",1
Bob is disappointed that Roger forgot to take out the garbage again and Roger promises to do it after work.,1
Hazel and Brad catch up and discuss their lives. Brad mentions that he is visiting his parents and will be back on Sunday. Hazel talks about a job she got in theatre and a photography session she is going to. Brad offers to bring,1
Bonnie invites Susan for her birthday on Saturday at 8. Susan will come.,0
Carly has waited a week to get her car taken to the garage and fixed. David was being disorganized. Don promises that the car will be collected soon. ,0
 Jill is organising a baby shower. Katy will set up a doodle spreadsheet to choose a date.,0
"Grayson is considering shaving his head due to the time and effort it takes to wash and dry his hair, and he hopes Gregory will still recognize him if he does.",1
Lisa is holding seats for Luck and Hugh.,0
Colin and Kellie agree that human relations and abilities to form close bonds with others have deteriorated because of social media.,0
Norman is not part of AIESEC. He was part of AIESEC last year. AIESEC used to be better. Kyle is egoistic and now Norman doesn't have friends in AIESEC. Kyle had a great time on AIESEC last year. Ashley hates egoistic people.,0
"The group discusses whether or not to tell their boss about quitting the business, with Dominic expressing his lack of trust in her and Ben feeling sympathy for her.",1
"Grace and Lily are discussing the present project and Lily is considering purchasing Dixit for the extension that was recently released. Grace thinks Lily might already have it, but they decide to split it half. Lily orders it to pick it up at the store",1
"Donna and Ben are excited about the new Ariana Grande song and discuss going to her show in Berlin. The cost of a single ticket is around 120 euro, which Donna considers a bargain. Ben agrees to go with",1
Joyce apologizes to James for canceling their meeting and informs him that she is not feeling well. James understands and wishes Joyce to get better soon.,1
"Sherif asked Aneta to translate some parts of a website from English to Polish. Aneta agreed to take it, but requested technical details. Sherif prepared a file with all the texts together, and Aneta agreed to take it next week.",1
"Joe Johnson, who has been working abroad in Italy for the past three years, returns to Newport and catches up with Kelly. He tells her about his marriage to Josie, which lasted two years before they split. Joe explains that Josie",1
Andrew's plane had technical problems at takeoff (the left engine started spitting flames). The pilots headed back to the San Jose airport and landed safely. Now they've been re-routed to Chicago and will be home tomorrow morning.,0
"Marianne and Jonathan are discussing their plans for the summer, while Jeffrey and Nick join in the conversation. Marianne reveals that she will be spending the summer in Vaduz, and Jeffrey mentions that he doesn't speak German flu",1
"John agrees to cover Kyle at work on Friday from 10-3, despite having a class at 4.",1
"Kailynn shows Brenton a photo of her burnt belly, back, and legs and he tells her that it's not too bad, he's seen worse.",1
"Logan is stressed out because the girl he's been talking to is finally coming to his place, and he's asking his friends to keep their fingers crossed for him.",1
Max will be late because he is having a drink with Tom.,0
"Franklin, Jack and Jeff are going to see a match. ",0
Jacob is looking for Grubber to get his 200$ back as Grubber took the money and disappeared.,1
"Hannah felt unwell and went home, Max expressed concern and disappointment but Hannah reassured him that she still passed her paper.",1
Paul and Anna are discussing what to bring to a party on Saturday. Anna is going to bake a cheesecake and Paul is considering making cookies. Anna advises Paul not to put any bananas in the cookies because Madelene is,1
"Sophie is a fan of Anfisa from ""90 day fiancé"" and is surprised to learn that she has her own YouTube channel. Sophie checks it out and is disappointed to find that Anfisa's content is mostly about her",1
Kate informs Liv that she missed the wedding but saw photos on Facebook. She comments on the bride's beauty and Jim's behavior. The wedding ended at 6 am.,1
Julia complimented Travis on his performance and they discussed his nervousness before the show. Julia shared that she had helped him overcome his doubts and Travis expressed his gratitude. They joked about Travis trying to pick up someone from the audience.,1
"Olivia and Oliver are discussing their voting preferences in the upcoming election, and they both plan to vote for the Liberals.",1
"James is renting a yacht in Croatia. He wants to know if Andy would be interested in joining them. Amy, Josh, Patrick and Laura are going with James. They are going by car.",0
It's to late for Melanie to join because everyone is going home in an hour.,0
The Body Shop was opened in the city.,0
"The group discusses their travels and experiences in different countries, including Senegal, North Korea, and Argentina. They also joke about James' desire to spy in North Korea.",1
"Trent and Hugh are expressing their frustration about their recent gig, where Trent's guitar was out of tune and Hugh's mic issues were caused by an uncooperative sound engineer. They decide to blacklist the venue and focus",1
"Carlo asks Alan if he has managed to get him the Dylan Dog comics from Milan, and Alan confirms that he has. They discuss the difficulty of buying Italian comics while working abroad. Alan mentions that he bought the comics at",1
"Kingston, Rich and Dev are meeting at Starbucks at 5.",0
"Bob invites Madeleine to dinner at his place to hear a good story about his travels in Africa. Madeleine agrees, but only if Bob picks her up after work.",1
"Peter, Liam, Sean and Josh plan their trip to Moscow. They decide to go to Riga first and spend there 3 days.",0
"Uncle John invites Mattie to have supper with them before she leaves on her journey, and Mattie accepts the invitation.",1
"Maddie and Gabriel are discussing going to a club to see a band they used to love in university. They reminisce about the past and how they were ""love's young dream"" back then. Gabriel invites Maddie and",1
"Alba describes her experience in Lopburi as a dead town with lots of monkeys, which are funny but need to be treated carefully as they can steal and bite. She is heading next to Phitsanulok and then Chiang",1
"Kamil invites Thomas and others to go bowling tomorrow, and Thomas agrees to come along.",1
"Honey overslept, she is borrowing Sam's notes from morning classes. ",0
Maria will be downstairs in 3 minutes.,0
"Sven is considering whether the students are fluent enough to watch a movie at the end of the semester, and Paulie suggests watching Teletubbies since their French is poor. Jaque suggests watching a movie with dialogues in English",1
"Tom is playing a difficult mission in a game before the final one and finds the puzzles challenging, while Oliver finds the combat easy. They discuss how most horror action games allow players to become powerful by the end of the story and how Biosh",1
"Nina is at M5, she is having a lunch break, then she will go to B&D. They are her last client today. She also needs to write a report following the new regulations.",0
"Courtney tells Younes about her bike ride yesterday, which was mostly pleasant except for eating a bug. Younes advises her to ride with her mouth shut and praises her for completing her first 20-mile ride. Courtney reveals",1
"Lukass started a new school. Lucass misses Marta and Patty the most. Marta wants erasmus again. Lukass may come to Rybnik by bike, and Marta to Alutus. ",0
Wayne and Joe are discussing a movie they saw and agree that it was not good.,1
Abigail bought 20 cucumbers for a salad but she doesn't want to make it anymore. Charlotte doesn't like cucumbers. She suggests donating cucumbers to a food bank.,0
Lennie sends Daddy a picture of his location. The place is full of snow for Christmas.,0
James and Michael are joking about technology and humanity.,0
"The conversation revolves around the topic of turning 30 and how it doesn't necessarily signify a significant change or maturity. Gertrude shares her experience of having a party but not feeling significantly older, while Claire expresses her excitement",1
"Joselyn is considering between two dress colors, red and black, and her friends Alyssa and Kate both suggest she chooses red because they think it's stunning. Joselyn ultimately decides to go with the red dress and hopes",1
"The group is discussing the lack of integrity and altruism in a wealthy white woman who monetized her husband's death and acted like an expert on grief, while ignoring the suffering of others. They also discuss the concept of ""f",1
"Leo, who got Stan's number from Jim Smith, contacts Stan to ask for help in buying a pony for his daughter Dorothy's birthday. Stan agrees to give some advice and suggests they meet with Dorothy to make a plan.",1
Margie asks Helen to put her personal notebook in one of the drawers as she left it on her desk and she's not coming back for at least a week.,0
"Felix has no idea what to buy Meggy for her birthday, so Elsa suggests he should buy new headphones for jogging. ",0
"Hank has seen all the episodes of this season of ""American Gods"". He liked it, though he has not read the novel. According to Bill the series is faithful to the original and also all the other books by Gaiman are worth reading.",0
Rich is about to buy a piece of land. The site got zoning for a shopping mall. Rich and Ron will meet tomorrow at 2 PM in Rich's office to talk about developing the land.,0
Caroline received negative test results and feels relieved.,1
Mia is feeling better because she is no longer coughing and Alex believes that the medication might have been effective.,1
"The US has withdrawn from a nuclear weapon treaty, which has led to concerns about the beginning of the second Cold War. Sebastian hopes that Russia and China will sign a new treaty, but he is worried about the next arms race. Noah",1
Angie will put aside a big portion of chili for Charlotte.,0
Xavier wants to take Kelly to the new cinema where some old-school films are shown. They agreed to cook and eat together at Xavier's place before going to the cinema.,0
"Ursula asks George if he speaks French and George confirms. Ursula then requests George's help in translating a photo of a medication she is taking to fight the cold, which she cannot understand in English. George agrees to help and",1
The company from Mali is no longer being worked with due to political instability and the Islamist takeover of the country a few years ago. A new company in Burkina Faso has been found and is currently being used.,1
Maja is new so needs some information from Kimberley as they are in the same group.,0
Greg is going to pick up John and will be back in an hour. He will buy some eggs on Kate's request on his way back.,0
"Sarah and Lucas are discussing the TV show Stranger Things, which they both agree is awesome and an amazing early 80s throwback. They also talk about the show's endearing and scary aspects, and how it is in the same",1
"The group is discussing their new Spanish teacher, Ms Suarez, and sharing their opinions about her. They mention her creativity, hotness, and difficulty in focusing on her due to her accent. They also talk about a game she made them play",1
Cody and Nelson have to clean a flat tomorrow. Nelson will be there at 8:30 am. Cody wants Nelson to clean the bathroom. Cody will take care of the bedrooms.,0
Yvonne is worried that her father won't be able to come to her place at 4 pm because he is in town but forgot his mobile. Iona suggests that Yvonne text him and Iona finds his mobile. It turns,1
Martin recommends Witcher 3 Wild Hunt. Greg will buy it. ,0
It's snowing in Satle in October.,0
Helmut will be home late because of delays on the S-Bahn. Danny went out.,0
"Anna recommends the book ""27 dreams"" to Mary, which is about a writer seeking inspiration in a mysterious village, and is magical and addictive. Mary agrees to read it.",1
Glenda laments about packing all her summer clothes after finding out that the weather forecast is going to be warm and sunny.,1
Jon showed Betty and Jake photos of himself and they agreed he resembled Johnny Depp.,1
"Emily is interested in joining a gym next door and wants to know about the fitness trainers, fees, and special treatment for her father. Jerry provides her with all the necessary information and encourages her to go for it. He also shares his own",1
"Eva has signed the agreement and is excited about it, despite it being a 25-year commitment. She is getting married to Mat and they plan to consolidate their finances and pay off the agreement together. Barb and Tina are also",1
Candy and Kelvin met earlier today for the first time. They will meet again tomorrow.,0
Devin and Nate are in a red Ford Mondeo at the parking lot near the main entrance. Kai's going to join them.,0
"Allison is considering purchasing either headphones or air pods for Xavi, and Xavi prefers air pods.",1
"""In the air"" by Phil Collins is the song that Jack mentioned today.",0
Ben is reminding Jack and Sandra about tomorrow's submission deadline.,0
Alba is in Lopburi which is the city of monkeys. She's heading to Phitsanulok and Chiang Mai next. Alba hasn't been to the islands yet.,0
"Joshua and Ethan discuss the time for their game on Thursday, with Ethan stating it will be at 4 pm.",1
"Tamara asks Jim to let the cat in, but Jim is momentarily occupied and takes longer than expected to respond.",1
"Eliza doesn't sleep well. Eliza is going to try some tea, natural remedies and yoga. Tyler stopped watching TV before bed but Eliza doesn't want to try it for now.",0
"Twiggy is organizing a night of bad B movies at the St. Club on Friday and everyone is excited, except Tiffany who is disappointed. Colby is interested in attending and Powell is being ironic about the whole thing.",1
Aaron and Harold plan to meet up and try out a new piece of equipment. They discuss the location and Aaron brings lube since Harold ran out.,1
"Grant made the transfer and Sarah is happy, but warns him to be quicker next time or she will stop paying for him.",1
"Denise dreamt of Tina and took her to her favorite pizza restaurant, but later realized she left her there and felt bad about it.",1
"Taylor requested her father to wash her car, and her father agreed.",1
Harvey accuses Rachael of not picking his calls. Harvey is in the bar with his friends.,0
Aaliyah is meeting Kelly. She will be home around 10 pm. She will not have dinner with Michael. ,0
"Paulina, Natasha, and Jim are all currently working on tasks for Apple, and Paulina finds it boring.",1
"Holly couldn't meet with her friend to pick up her philosophy books because she got a flu, so Tina did it for her.",0
Abby is going out with her girls this weekend. Ollie wants to go out but nobody invited him. Ollie will text Abby about going out next weekend. ,0
"Peter invites Paul to go to Rome, but Paul is uncertain and has other commitments. They agree to keep in touch.",1
Alice and Madeleine will go together to check out the new clothing boutique at Day's Time Av. next weekend.,0
B had a great trip to Vietnam and is excited to see A. They plan to meet on Wednesday afternoon. A tells B about the health-related events they attended over the weekend.,1
Denise had a dream about forgetting about Tina at a pizza place. ,0
"Richard, Molly's father, talks to Jo about Molly's request for a playdate with Emma. Jo agrees and they discuss the details, including pick-up time and any food allergies. Richard assures Jo that he will keep in",1
Joel has sent Mark a video from their youth and they bond over shared memories. Joel plans to invite all the people featuring in his video for a reunion. Joel will get back to Mark with more details soon.,0
Next week Jacob will come to New York. He will stay there for 2 weeks. He will see his family and have a job interview at Delta. He will live at his ex stepdad.,0
"Anya and June are discussing the time to order sushi and what to order. They decide on California tempura, salmon rolls, and chao-chao rice. June mentions that she has to finish grading exams and",1
Pedro got promoted. ,0
Anna is going to make a cheesecake for the Saturday party. Paul plans on baking cookies. Anna warns him not to use bananas as Madelene is allergic to them.,0
Fanny is very upset with Jay oversleeping on the day of the big meeting. Everybody is waiting and Jay is rushing over. ,0
John invites Charlie to pick him up at his place at 14:00 to go surfing. Charlie offers to bring his Liquid Shreder board for John to try out and possibly buy. John mentions that his boss,1
Sophie can't believe Ariana Grande and Pete Davidson broke up. Clark enjoys Saturday Night Live with Pete Davidson but he's not interested in Sophie's news.,0
Feiyi and Cathy are discussing what to wear to a dinner and Feiyi shows Cathy a photo of an outfit he is wearing which Cathy compliments. Cathy then reveals that she usually wears the same outfit everywhere and Fe,1
Tom wishes Ann and her family a happy Christmas.,1
"Jack invites Teddy and Melany for drinks, Teddy declines because it's Monday, Melany agrees but mentions it's a crazy Monday for both of them, Duke agrees and expresses concern about waking up for work",1
Frank and Alice are up for playing some fifa now but Maddy is out.,0
Bill confronts Richard about his recent choices and calls him a lazy piece of shit. Richard responds by telling Bill that it's not his business and that he has his reasons. Bill continues to criticize Richard's choices and threatens to,1
"Matt is invited to Dex's house to watch the game on Saturday. Dex's sister boyfriend, Derek, may also be there. Matt dislikes Derek and believes he will ruin the fun, but Dex pleads",1
"Carla and Mona discuss Carla's teaching schedule for the upcoming weeks. Carla will teach on the 8th, 22nd, and 29th, but is unavailable from the 6th to the",1
"Tessy is on her way to Cuba for 5 weeks and Harry wishes her a safe trip. She is slightly apprehensive as she has never been there before. Harry suggests that she contact Maya, who has been there before,",1
Doris expresses excitement while Peggie and Kate apologize for being late.,1
Sam will bring Andy beer and Andy will do the dishes for a week. Andy doesn't like desperados.,0
Nick forgot the contract and Helen is upset.,1
Tom will buy some bread at Tesco on Ann's request.,0
"Brendan and Zack discuss the difference in quality between JPG and PNG image files, with Brendan revealing that he thought the only difference was file format, while Zack questions the compression of JPG files and their impact on image quality.",1
Linda will pay for Netflix today.,0
Sharon wanted to come to class on Friday at 4:30 pm but this time the class was cancelled. She could've come next Wednesday at 5:30 if only she hadn't left Warsaw earlier.,0
"Stella shows her hostel to Fabio and Jamil, who think it looks haunted. Jamil asks if she paid upfront, and when she says no, he suggests finding an alternative. Fabio finds a decent-looking hostel",1
Barry is a Christian who believes in God and the Bible as the authority in his life. Heather questions why he believes in God and Barry explains that he follows his heart and believes that God will guide him in the right way. Heather raises the,1
Daniel and Anna are both in the mood to go out for dinner due to feeling cabin fever.,1
"Katie sends a gif and wishes Danny a good day, while expressing her longing to be with him. Danny responds with gratitude and reciprocates his feelings of missing Katie.",1
"Alan had a bad experience with United Airlines as his flight was delayed and his bag was lost, and he vowed never to fly with them again.",1
"Paul asked Lee if they bought the movie he sent them, and Lee replied that they haven't bought it yet but are going to the store to buy it now.",1
The group is discussing their exhaustion and a new supermarket opening nearby. Janet's mum wants her to be there at 7 sharp and Marta finds it funny that her mum could have made her wait in a queue all night. V,1
"Gerald and Carl are offering to help Jeremy with something, but Jeremy declines, stating that he doesn't need any help. Jeremy mentions that the wedding will start at 3pm and thanks Gerald for bringing the keepsake he wanted",1
Bart will leave Spot with Mike next Saturday. Bart will be helping his girlfriend move.,0
Lourdes had her car painted orange.,0
"Jackie is leaving her job and going to a new one, which is great, but Sandy is sad about it. Jackie had to be discreet about the new job until she got the final confirmation, and she is grateful for Sandy's support.",1
"Richard, Anne-Sohpie, Bhagya, Sara, Sean, Janunsz, Daniel and Myra disagree on matters connected with feminism.",0
Jason thinks because of lack of computer skills a lot of people are excluded from possibility of being recruited to work. Bob and Mark are skeptical. Jason is thinking of creating an app to ease the process of creating a resume.,0
"Peter is late and wants to borrow Hugh's car, but Hugh wants to know what happened to Peter's car first.",1
Irene needs to borrow a blue dress from Lizzy for a date with James.,1
Rebecca will make a selection of photos featuring Polly's parents when they were young. She will deliver them to Polly next weekend.,0
Marlene breaks up with Ned because he kissed another person. Ned was drunk then and doesn't remember that. ,0
Pam is done with the report. She should send it to Mr. Hendricks at a.hendricks@asterix.com.,0
Sean informs Susie that the contractor is stuck in traffic and might take another 15 minutes to arrive. Susie is aware of the situation and is willing to wait until they are done. Sean assures her that someone will lock the,1
Eric wants to bet during the Champions League this year although he lost a lot of money last year. Curtis won't bet.,0
"Leigh got the boots they wanted and shared a photo with Sarah, who complimented the outfit and asked about comfort and warmth.",1
"Mia asks for suggestions on where to have a cheap meal. Eric recommends Darcys. Mia tries to remind herself the name of the bar they once visited for Hannah's living party, but she doesn't remember it. Eric, Stephanie and Taylor recommend Fibbers. ",0
Matt is getting laid off at 2 pm and Lizzy might also be let go but they won't know until the last minute; Matt offers to pick Lizzy up and Lizzy reassures Matt that she's prepared to leave work straight,1
"Kyle and Gail are discussing their thoughts on the TV show ""The Vikings."" Kyle thinks the characters are fun, but the plot is predictable. Gail is intrigued by the possibility of strong female characters and decides to try watching it",1
"Celeste and Ryland talk about guys and Ryland thinks that Celeste can easily have a guy and that there's one around her while Celeste believes that she's looking, but there's noone there.",0
Rick and Diddy want to go the baseball game today against New York. The last game of their club against the Royals was very good. Rick has a cap but Diddy's shirt is dirty. In case they can't get tickets they will do something downtown. They arrange to meet at 5 but Diddy might be late.,0
"Chandler proposes a deal to write a one-shot in exchange for a new chapter of Brittany's fic, and they agree to the terms. Chandler is excited about the deal and praises Brittany's writing",1
Grace can't see the video it's unavailable in England and she's frustrated about this fact.,0
"Greg wants to create a Netflix account and share it with someone, and Paul is willing to share his account if it works.",1
"Finnick may not get time off in July and August so he and Macy may not be able to visit Macy's family in Italy. However, they're still going on holiday with Ginger in September.",0
The group agrees that their homework is exercise 5.,1
"Nathan has a sorting job in the post office this week. After Christmas, he will have a project 'Home for the Holidays', which will include taking photos of his grandparents. They are in the nursing home and their house is being sold. Nathan and Kirsty will meet at the shop at 10 to have burgers. ",0
Eleonor is moving to Barcelona and Stef is jealous. Stef gives Eleonor the contact information of a friend who is also moving to Munich. They meet and have fun. Eleonor asks Stef if she knows anything about,1
Poppy went speed-dating and no-one liked her. Oliver is weird.,0
"Harvey requested a 5-minute meeting with Reggie, but Reggie offered 10 minutes. Harvey accepted 5 minutes, and during the meeting, Harvey's wife Mel unexpectedly appeared and wanted to speak with him about an extension of",1
"Anna informs Nina that she will be late and apologizes, Nina responds that she is waiting and it's okay, and Anna thanks her before leaving.",1
Tom and his wife want to sell their apartment and get a new one. Tom contacts Diana. He describes his expectations. Diana will help him and his wife organize the transactions.,0
Wilfred's got Randall's video. Paige and Finch find it disguising. Randall reckons it's fake. ,0
Vicky will call Sonia to entertain her as she's bored.,0
Leo and Chiellini greet each other and chat about Chiellini's upcoming trip to Italy. Chiellini reveals that he is not planning to come to Italy anytime soon as he is having fun in Spain. Leo teases Chiell,1
Jimmy's car is broken down. Jimmy will either borrow or buy Carrie's car. Jimmy needs the car as Amy's sister is coming to visit.,0
Martin will prepare a letter of authority for Joe.,0
Paul hasn't received a new visa yet. Paul will call the bank tomorrow. Paul and Ana are going to Mexico in two weeks.,0
Alex sends Kasia notes that are a good guideline for the test. Kasia started reading the notes today at 6:45. Alex and Kasia feel the test went okay for them.,0
Kris is receiving cat pictures and videos from Ted and would like to have a conversation with him beyond just cat content.,1
Nick cannot talk right now.,0
"Ruth and Janet arrived home safely, with Ruth being picked up by Matthew and Janet taking a taxi.",1
Bob and Denis suggest to Claire replying to a spam email.,0
Miguel is looking for an oil with a specific percentage and found one that is 8% but found cheaper ones with a lower percentage. Ines recommends the 8% one as it is worth the money. Miguel asks about the flavor and In,1
Phil will bring a Greek Salad today. ,0
"Luisa invites Mandy to the cinema to see Glass, but Mandy is hesitant as it's not her type of movie. Luisa tries to convince her by saying it's a great film and Mandy eventually agrees,",1
"David is waiting outside the club for Maurice and Robert, who are still on their way.",1
Nick refuses to lend Erin money to buy new Prada shoes because he believes it may ruin their friendship.,1
Elisabeth agreed to buy bread for Ann who finished it and is sad about it.,1
Billy is in Iceland 50 km away from Reykjavik. It's too much snow to hike so Billy started knitting. Billy is making a scarf. Sheila has been to Reykjavik.,0
"Charlie has just achieved his highest score of 152374, which is almost 25000 more than the previous one. It took him around 15 attempts. He needs to do this homework not to anger his parents.",0
Shelly is looking for a fall coat and Porter suggests she check out the new wool ones they have in stock. Shelly agrees to come take a look and Porter advises her to come early as they might sell out quickly.,1
"Madeleine and Dakota are discussing their love for the TV show Friends, while Elsa questions the repetitiveness of watching the same thing over and over again.",1
Hannah encourages Lexi to come this evening. Lexi is not in the mood for socializing.,0
"Tiana explains that the photo Phoenix is referring to may have been deleted from Snapchat, but Phoenix still has the first photo Tiana sent them. Tiana also mentions that they cannot see Phoenix's photo on Snapchat.",1
"Rhonda requests Bill's presence in her office, and Bill confirms that he is on his way to meet her.",1
Daniel wants to cancel a meeting tomorrow. He has some family stuff. He will let Henry know when they can meet.,0
Laura and Veronica laugh at an old photo of themselves and discuss how they may feel embarrassed by it in the future.,1
"Matt tells Liam about a game that simulates the life of a slice of bread, and Liam reacts with shock and disbelief.",1
Ted is injured and his friends express concern and well wishes for his recovery.,1
Aron is surprised by Jess' invitation to grab beer and they decide to go to Aron's place to decide on a location.,1
Troy is throwing a birthday party at his place this Friday as he is turning 25. He is inviting around 15 people. Troy's sister will be there too. Tracey and Paul will come. Troy will cook food for the guests. ,0
Kurt will finish December's email and blog posts for Feyi on December 4th. He was very busy.,0
"Adam is organizing a game for tomorrow at 1 PM and is looking for 3 players. Tim cannot attend due to a family meeting, but Terry and Todd are interested. Adam wants both defense and offense, and Todd agrees to play. Jerry",1
"Marisa and Amelia are discussing the fact that they haven't seen Nicole for a while and that they are no longer best friends. They express disappointment and sadness about the situation, and Amelia mentions that she saw Nicole on Facebook hanging",1
Hernandez is full because he ate too much.,0
Kelly wants Peggie to call her as soon as possible. ,0
"Lola invites Laura and Peter to the June Ball, Laura confirms her attendance, and Peter reminds Laura to buy tickets. Laura already has 2.",1
Keanu is sad because his date didn't show up. He drank his coffee and went home to cry.,0
Oliver confirms his 3pm appointment with Dr. Lee tomorrow at the hospital.,1
"Henry said good night to Elizabeth and wished her a good night, and Elizabeth responded with a good night and wished him to sleep well.",1
Aaron booked a couples massage for himself and Harriet. They are going on Friday at 1pm. Before the massage they're going to the gym.,0
"The group is discussing their plans for New Year's. Carter suggests going to Paris, but Scarlett is hesitant due to the cost. Ella suggests that it may not be as expensive as Scarlett thinks, especially if they stay longer",1
Agnes is in the Czech Republic. She's renting a room in a tenement house. She'll probably eat ice cream today.,0
"Oti bought a gift card for Sharon from a Mac store, which can be used online and in standalone stores, and will give it to her on Friday.",1
"Leroy should change the settings via ""Language and Settings"" or ""Access with Voice Match"" if he wants to use voice recognition on his Pixel 2 when it is blocked.",0
Dean and Jo have an exam on Friday.,0
Emily checks in with Olivia and finds out she's still not feeling great but is getting better. Olivia mentions working a little this week and Emily advises her to rest as much as possible. They discuss Olivia's upcoming doctor,1
Karen looked very good on her 5th anniversary dinner with Mark. ,0
"Tonight, Toby and Maria are going to discuss flying somewhere for the Christmas holiday instead of visiting Toby's parents.",0
"Vicky and Abby are discussing the release date of The Lion King, with Vicky initially stating it is in July 2019, but later correcting to June. Abby mentions that Beyonce's voice is featured in",1
"Anastasia, Marlene, and Jenny are discussing plans to go to Disneyland.",1
Dan hates his job.,0
"Jessica and Kate are discussing the new addition to Jessica's family, a puppy. Kate thinks the puppy is cute and Jessica shares a photo. They talk about when Jessica got the puppy, his age, and how Josh felt about having",1
"Theo wants pizza and asks May if she has cash as they don't accept credit cards, May confirms she has cash and will be there in 5 minutes.",1
"Ava shared a professional-looking teaser for their campaign with Kyle, who was impressed by it. However, Ava expressed that the campaign wasn't going well as they were having trouble finding a celebrity to endorse it for free and people",1
Peter apologizes for not attending Shannele's birthday and promises to make it up to her. Shannele responds that it's okay and invites Peter to come visit her and see the photos from her birthday party.,1
Tim haven't done his homework yet. Jenny offered to help and she will explain him everything tomorrow.,0
Rosalie will make spiced spaghetti.,0
"Alex and Sakis are discussing their plans to travel to Greece this summer, but Sakis informs Alex that his grandmother is sick and they need to book the tickets now. They agree on the airline, Aegean.",1
"Ola and Thomas discuss the new season of Narcos, which is set in Mexico and features a new actor playing a serious role. Thomas is not interested in watching it because he does not think the actor is suitable for the part, but Ola",1
"Ron shares that he has plans for the weekend, which include an art exhibition featuring his own work. Taylor congratulates him on his first exhibition, while Harry expresses disappointment that it's not something more exciting.",1
Alan changed his plans and he will join Asher on Wednesday. ,0
Amanda is with Toby and her partner at a Christmas Market. They bought lots of sweets and some Christmas decorations.,0
Frank and Francis have their birthday. Kate will be in 2 hours.,0
"Felicity and Gene plan to watch the Polish movie ""Cold War"" together, which is nominated for Oscars.",1
"Paul, Mike and Kate want to play Super Mario.",0
"Hayley confronts Rodrigo about his whereabouts last night, and Rodrigo initially denies being anywhere but eventually admits to going for a walk.",1
The group is watching a video of a cute little girl named Jackie and expressing their affection towards her.,1
Adrien has binge-watched the Crown on Netflix and Max finds it boring.,1
"Ann and Helen are going to the drinks reception tonight. Amy will let Annette know if she goes for drinks tomorrow. Amy, Peter and Annette are going to meet at a pub around 5:30 pm on Saturday. Amy is responsible for the meet-up so she needs pub recommendations.",0
"Aiden taught his dogs Lassie and Dori some tricks. Lassie learnt quicker, Dori needed more snacks. Aiden is thinking of entering this town summer contest. It's only November, so he has plenty of time to practise with the dogs. ",0
Emma has bought the red skirt from Aubrey for 30 dollars.,0
"Nick asks Bob what he is doing, Bob says he is watching TV. Nick then asks if Bob wants to play football, but Bob declines because he has a date with Julia's sister Jenny in half an hour. Nick is surprised to learn",1
"The flight of Josh is delayed and he might have to wait up to 5 hours. Tom suggests that he should take a cab, which is expensive, or Uber, which is even more expensive. Tom offers to call a cab for Josh once",1
"Angela is annoyed about ""Brangela"" jokes in the office. Bradley thinks it's funny. He let out Angela was called Angelina in college. ",0
Hortense and Celine are going to Rue de la Paix for dinner at 7 pm.,0
Abel will drive Suzie to the sports centre at 6:30. ,0
Chris has bought his tickets to Chicago and recommends Matt to check out a website for good deals and connections. Matt is last minute and worries about the prices but Chris assures him that sometimes the last minute deals are the best and advises him to,1
"John reassures Allison that she shouldn't panic after Tommy falls off the monkey bars and breaks his arm, and advises her not to drive but to take a taxi.",1
"Sondra declines to help with the job due to personal issues, including the death of her cat and her nanny leaving. Andrea expresses sympathy and offers to help find someone else suitable for the job, but Sondra suggests that other",1
"Martha and Donna have the flight tickets and now they need an apartment. Donna found quite an expensive one, but with her 20% discount it's perfect.",0
"Bill, Donald and Lily are wondering which place they should visit next. Lily and Donald would like to go to India. Bill isn't fond of this idea.",0
"Chloe asks about her father's test results and is informed that while they are not yet available, her father's condition is not as serious as initially thought, but he needs to be monitored. Chloe is allowed to visit her",1
"The group is going to the mall and plans to eat at the pizzeria inside. Martha is hungry and wants to order whole pizzas, while Maria is not as hungry and just wants a small slice. They will wait for Maria",1
"Kenneth and Paul are discussing a trip to Disney World for spring break. Paul is excited and eager to join the group, which consists of around 7 people. Kenneth mentions that they still need to figure out details such as airfare and",1
Louie informs Frank that he will let him know later if he is going to the event and needs to check up with Kylie first.,1
"Isabella is calling in sick to work because she is hungover from the Christmas party. Oscar teases her about having fun and not remembering the incident, but Isabella assures him that people will remember.",1
"Bobby suggests going to the cinema, but Jasmine declines, stating that she has already made plans with an old friend.",1
Daria confronts Andy about ignoring her at a party and they discuss possible ways to make amends.,1
"Phil is asking Andrew to recommend him an electrician. Phil's lights in the car are not aligned, so he is looking for a cheap repairman to fix it.",0
"Lawrence is coming over to his father's house in the evening before he leaves on Wednesday. They will have a meal together with Anna and Pat, and it will be Lawrence's father's treat. They will meet at Schlossca",1
"Elijah had over 40 guests at his party. It was a great fun. William misses the college parties, but not studying. He was an all-A-grade student, now he has a job, but no money. ",0
"Boris and Johnson discuss the negative consequences of Brexit, with Boris expressing regret for voting for it, but ultimately deciding not to change his vote.",1
Grant made a transfer to Sarah.,0
Sue's mum got back home yesterday after a difficult journey and is still recovering. Sue will think of organising a party later on.,0
Clark and Louise are John Cage's fans. They will meet at the tribute concert on Saturday. Louise already has her ticket.,0
"Abraham and Abi have a conversation in which Abi is feeling unwell and slightly mad, and Abraham offers to talk to him and be there for him.",1
Jess wants to go to a concert but the tickets are sold out. ,0
Rachel is doing the assignments. Eric's last scores are bad. Rachel will be his study partner.,0
Danny and Alan will meet in the foyer around 6:30.,0
"Ashley is living in Warsaw, Poland and focusing on work, Spanish, and exercise. She is not excited for the winter weather. Tim is in Chicago and thought Ashley was living there. Ashley mentions that she might move to another",1
"Vanessa is considering buying a new phone and is seeking advice from Lindsey and Harry. Lindsey recommends Samsung galaxy models such as the s-series, specifically the s6 or s7, as they are cheaper now that they are no longer",1
Kale acknowledges that they can't see Jay and then confirms that they have found them.,1
"Bettina proudly shows Essy a photo of her 3-year old fig bush and the figs she harvested from it, which she ate raw and enjoyed. Essy reminisces about having figs in her garden many years",1
Chris is going Interrail for a week and will be traveling first class through Italy and France. He will be sleeping in a two-bed sleeping compartment on the train and in hotels. The trip differs from the ones that he used to do while studying.,0
Penelope is sick. Peyton will pick up the books from the library. Luca brought Penelope cough syrup and painkillers. ,0
Sarah is organizing a biliards competition next Monday. Victor will join them.,0
Lucas and James are meeting on Saturday at 11 am for 5-6 hours to practice. James will bring the bass guitar.,0
Tommy checked Paul's train online. It's not late.,0
Lionel is in a meeting and can't talk.,0
Dakota is going to check rental room prices for Macy. ,0
"Jason and Polly are discussing trying something new and decide to engage in a role play, with Polly playing the role of a sexy police officer and Jason playing the role of a dirty nurse.",1
"The group is discussing the start of school for Mathew's son, Oliver, with excitement and pride, wishing him to have fun and learn a lot.",1
Martha sent Jim a link to an online shop for animal food and requested him to buy a 5kg bag of the product for their cats as they were running out of food. Jim agreed to do it.,1
"Emma recommends the film ""I'm love"" to Mario, who is unsure about it but agrees to see a trailer.",1
"Jeff has seen the landing of the TUI plane, which was scary. Liam is on the toilet. ",0
The company sets up a fund-raiser for LGBT rights. Howard and Anna are pleasantly surprised by it. Peter considers it wrong and goes on a rant about the leftists. He prefers to separate the work and the politics. ,0
Mark came back from India. Mark and Susan will meet at Costa at 6 pm on Tuesday.,0
"According to Maya, Ligh Lunch catering is the best food service so far.",0
"The group is discussing their tiredness and pain, with Sean joking about it and Ridley hating him, but still enjoying the previous night.",1
"Ronnie, a linguist, is feeling unfulfilled with their job and struggles with creating dialogues in Russian without a specified subject after 200 examples. Melanie understands and suggests that writing about a certain thing may be more fulfilling",1
"Susan suggests bringing a bottle of wine and some chips, while Phil offers to make a Greek salad instead.",1
"Lena suggests to Simon that the notes for the term they are teaching might be too sparse and not clear enough for some students. Simon disagrees, but Lena insists that they should work together on improving the scheme of work for the next",1
Angie and Mike are discussing Mike's illness and Angie's decision to abstain from alcohol after a previous party.,1
Gilberto is eager to get more selfies from Charity.,0
"Bill is in the foyer, Will is in the toilet and Wojtek waits in a huge queue to the gentelmen's room.",0
Jill has delivered a baby. She wants Ellie to visit her.,0
"Amanda had a bad experience with a baby sitter who was recommended to her, and now she won't leave her kid with anyone else again. Greta recommends her cousin, who is helping her with her child, but Greta doesn'",1
"Zoe asks James to take the laundry out of the washing machine, but realizes she has forgotten about it. James notices that it smells bad and Zoe asks him to switch it on again. Zoe promises to empty it herself when",1
John will pick up Tia from school because Ann won't be able to.,0
Tereza is waiting with Tony at the main car park. Lorry will be 10 minutes late.,0
"Micah informed Jayden that his aunt Maria was in the hospital after suffering a stroke, and Jayden promised to call him back for more details.",1
Tasha and Lucas discuss a pizza for Saturday and switch back to English when Tasha realizes her French is poor. Lucas agrees to ask his sister and will let Tasha know as soon as he has an answer.,1
Chen started learning German. It's easier for him than Italian.,0
"Laura is in Granada, she will remain there until January 6th. Laura and Jerry have to stay and work.",0
Julia and Sonia plan to meet for a coffee after work at Henry's. Sonia finishes anytime after 4:30 and they will try to grab a window seat.,1
"Ben and Nathaniel are discussing their performance on a test. Nathaniel did not do well and is worried about failing. Ben offers to share his notes with Nathaniel in the cloud, and assures him that he will do better on the re-",1
Jacob accidentally contacts Cara with the wrong number and they briefly chat about the new year.,1
Jake and Aurora discuss what to watch on TV and decide on The Apprentice. They also plan their dinner and discuss household chores. Aurora mentions that her watch battery died and needs to stop at Penney's to replace it,1
"Nathan's going to the pool by himself, David doesn't want to join as it's raining.",0
Leo and his group left for a few days to the Lake and they will be back on Monday.,1
"Grace and Anna agree to get drunk and openly discuss their issues on Friday or Saturday at their place, with wine or vodka. They both find it funny that it's the guys who act like princesses.",1
"John is worried that he may lose his job due to the many mistakes he made in his texts, but Ann and Jackie reassure him that everyone makes mistakes and that he is valuable to the company.",1
"Margot informs Alvin that there will be a delay of 1-2 days in the completion of the floor work due to some issue, and expresses her hope that the work will be finished next week.",1
"Hernandez is full because they ate everything at home and Jorge asks if they went home to their parents, assuming they were just hungry.",1
"Tory's favorite bear is Draycott stout, Christmas edition.",0
"The conversation between Dave and Lukas revolves around the topic of how Christianity became the dominant religion in the world, with Lukas attributing this to the aggressive and developed nature of nations with Christianity as their main religion, as well as their",1
"Ruby has added Connor to a group and there are tasks that need doing, but Connor has to commit to his task. Ruby has sent an email with the tasks, and Ruby suggests that Connor look at the tasks and decide how he can",1
Tired Ian hopes that the show won't last long.,0
Bonnie invites Susan to her birthday party on Saturday at 8 and Susan accepts the invitation.,1
Sarah has to give away her family cat of 4 years. Chloe doesn't approve.,0
Louise organizes a school reunion on a weekend. Morgan can't come because she is getting married.,0
"Pinkie is worried about Nellie's obsession with meditation and feels that she spends too much time related to it, while Nellie believes that she is making positive changes in her life and feels great about it. Pinkie feels",1
Anna is asking Omenah about her location and Omenah responds that she is at home. Anna then states that she will arrive at her location in a minute.,1
Johnny should get Kaesekreiner and try the beer while in Vienna.,0
Marilyn tries to talk to Mark but he is not available at the moment. They schedule a call for later.,1
Terry is going to give Gordon money back at Mat's for breakfast.,1
Sam is going to Costco and Brianna asks him to pick up some toilet paper while he's there.,1
"The group is discussing Adele's live concert, with Victoria and Mark expressing their love and admiration for her, while Kelly adds that she appreciates Adele's down-to-earth personality. They all agree that",1
"Luke has spent the whole day on watching youtube videos. Chris has been programming, because he has a potential client coming tomorrow. Zack is leaving work in February. Luke is not going to the pub, because he will be watching a football match tonight.",0
Karen had a presentation. Peter and Ashley participated and liked it.,0
"Clarisse does not have a cable service. Seth is a big fan of movies, especially of tv. Seth enumerates advantages and disadvantages of a cable tv and a streaming service. Clarisse chooses to buy the streaming service, because this is the cheaper option.",0
"Pierre and Oliver discuss their well-being and plan to Skype, but Pierre learns that Oliver will be away with his parents over the weekend and they say goodbye.",1
"Jeremy, Emma and Julia are still riding their bikes. They're close to Nuoro now. Julia was sick, so they had to slow down for a few days. They're not coming back to Cagliari, which is a pity for Stefano. They'll take a ferry from Olbia to Tuscany and fly to the UK from there.",0
"Howard is standing at the top of the stairs at the station and Stephanie is across the street, she will take two minutes to reach him.",1
"Cailyn and Alden discuss their weekends and the challenges of finding work as a foreigner in Italy. Cailyn shares her experience trying to find a job teaching English in Turin, but being rejected because she is not a native speaker",1
"John regrets drinking too much and talking too much the previous night, but Maria reassures him that it happens to everyone and nothing he said was untrue.",1
Octavio is in Rio. Gabriel saw his pictures on facebook. He will come to Rio for the Carnival and stay with Vicente. Octavio and Gabriel had fun last year.,0
It's Eva's turn to make dinner.,0
"The Lakers are facing NBA drama again, this time involving Magic Johnson and his potential mentoring of Ben Simmons. The NBA is investigating the situation and it seems like the Lakers are playing it safe. Magic may not be able to talk",1
"Oliver tells Gina that he doesn't have Tom's cell number, but he is sure Sara does, so Gina will write her to get the number.",1
Tracy wants to go to her hometown on Saturday at 9.30 am. Tracy has a dentist's appointment at 11. Then Tracy and Joe will start preparing the party. Tracy needs to go to Warsaw Sunday at 9.30 am as she has a trial in a theatre at 11 am. Tracy will book a table for tonight at 9 pm.,0
"Michelle had problems with her MicroSip account and poor reception, and asked Tibi to top up her Skype account. Tibi fixed the issue and suggested sending example recordings to investigate the MicroSip problem. Michelle thanked Tibi for",1
Mickey will take Lauren's shift this Friday. Lauren will take Mickey's shift next Thursday in exchange.,0
"Renee and Sue are discussing a person they dislike, describing her as having a ""horse face,"" ""nasty hair,"" and looking like an ""oompa loompa without the orange."" They find her fashion choices and hairst",1
"Jessie shares a funny running video with Alison, Robin, Erica and Emily. Alison shares a funny video too. Robin's skating attempt was unsuccessful. Robin is laughing while her boss is watching her. ",0
"Luna expresses her concern about not being able to fit in her jeans, to which Nes suggests that she may have eaten something bad and advises her to wait, implying that the issue will resolve itself.",1
Patricia is working on a translation for an important client and doesn't have time to look for a job.,1
Dan is waiting for Karolina.,0
"Jim informs Tony that the 30 x 40 cm canvas prints are usually 60 pounds each but are currently on promotion for 45 pounds each. The lead time for the prints is usually 7 days, but due to",1
Pete arranged a meeting for tomorrow to discuss future investments and Zack expressed his interest in the topic.,1
Sara will bring Geoff Steve's report on emerging trends and a coffee.,0
Toby was made to clean the garage by his dad. Toby found some interesting things from Amanda's childhood. Toby will keep them for Amanda.,0
"Lora does not want to talk to Adam and advises him to block him, while Adam finds it funny and suggests that he should say whatever he wants as Lora is not unblocking anyone that day.",1
Andrew is in London and is meeting Julie for coffee at 2 p.m. Donna is envious and sends Andrew to give Julie a million hugs from her.,1
Ken agrees to wait for Jude inside for about 10 minutes while it's freezing outside.,1
Patricia asks Sally and Rodney if they can look after her dog Max next weekend while she visits her parents. Sally and Rodney agree and Patricia brings Max by on Thursday evening.,1
Summer will borrow her pass to Alexander on Alexander's request. Owen haven't got his own one yet.,0
Jeffrey demands 200 € from Tony or else he will tell Kim Jeffrey kissed her sister.,0
"Carmen expresses her dislike for the town due to a near-miss car accident and the prolonged rainy weather. Lucy agrees with her sentiment, and Elena asks for more details.",1
"Julia was told she cannot return shoes she bought because the store does not accept returns, despite having a receipt and not using them. She now has to sell them.",1
Ethan and Joshua are playing at 4 pm on Thursday.,0
"Sam is confused, because he overheard Rick complaining about him as a roommate. Naomi thinks Sam should talk to Rick. Sam is not sure what to do.",0
"Dean talks to James about the Shakespeare Project, where different authors are writing new novels inspired by Shakespeare, including Anne Tyler and Jo Nesbo, who reimagined Macbeth. James expresses interest and excitement about the project, especially since Jo",1
"Ali and Grace share a common favorite color, white.",1
"Leona is bored. Otto sends her a link to Predator, the last movie he saw.",0
"Rob and Caron discuss a client's driving lessons and the client's instructor, Dave, taking the client on a motorway during their first session despite the client being new to driving. Caron and Rob agree that starting with quieter roads",1
Jillian has lost her pen-drive with her notes. Galard will check if Jillian's pen-drive is at his place.,0
Quentin has had another delivery and is organizing an unboxing at 8 pm tonight. He made an event on Facebook and there will be 7 people. Quentin will do some wine and cheese. Tarquin will be there too. There might be about 200 books. Quentin sold 30 and the rest went into the shop. ,0
Olivia and Diego can't log into the system. The same problem appeared last night. Michal checks the problem. The problem has been fixed. ,0
The group has agreed to buy all the party supplies together and has set a budget of 50-60 dollars per person. They are expecting around 12 people at the party.,1
"Alexander is excited about a new film coming out and invites Karina to the cinema tonight, but she can't make it. ",0
"The team is proud of their successful collaboration and great teamwork, with everyone expressing their satisfaction and appreciation for one another.",1
Ost slept after lunch and didn't see Vesna calling. Vesna and Ost will talk tomorrow.Tomorrow Ost will take Damir for the preparations to the surgery. On the 19th of November they will go to the hospital for the surgery. ,0
"Sarah recommended a song to James, but he didn't recognize it. Sarah explained that she listens to the song repeatedly, while James connects the song to his work. They discussed how changing partners can affect one's favorite music.",1
Shantelle and Chay are excited about Muse playing in Bristol next June but are disappointed to find out that the tickets are expensive and have already sold out.,1
Alice's mobile plan is coming to an end and she's looking for a new one. She doesn't want to change her network.,0
"The client is complaining about the frequent delays of the P6 bus Radom - Warsaw, arriving from Cracow, and suggests rearranging the timetable. The Flix representative apologizes for the delay and informs the client",1
"The group is excited to meet a new puppy named Lola, who is a cockerpoo. They discuss her age, breed, and whether she has a boyfriend. Cathy makes a joke about the puppy being the real-life",1
"Anna is looking for a different model of a photo in red, but Frank suggests checking online or asking someone. Anna needs the photo for tonight, for a theatre event, and thinks the blue one might match her black dress.",1
"The group discusses the possibility of Vivian returning to Ireland for winter, but Scarlett and Clark express their doubts about the appeal of the country during that season, while Jack suggests booking tickets regardless. Ultimately, they decide to stay in London.",1
"Marilyn, April, Jack and Pauline will meet at Marylin's place to work on a project. They are going to order pizza. Marilyn lives across the street from April.",0
"Daniele is angry and asking for his book, Philippe has it but apologizes, Daniele is confused and David is teasing him.",1
"Rob and Juan did panel that went great. Clarise tells Hugh the guy who chaired Rob's panel was a dick and asked him diminishing questions. Rob answered brilliantly mocking the guy. Rob, Juan, Hugh and Clarice are going to the drink later.",0
Bob will buy some transparent nail polish for Blythe at Sephora.,0
Adrian is cominf to visit Steven in January. They plan to get drunk. Steven will see adrian for his birthday party on Toonie Tuesday. Steven will wear red plaid.,0
"Maia asks Lala to bring Sophias bag when she comes over, as Maia thinks she left it on Lalas coach. Lala agrees and they say goodbye.",1
Paula is submitting her thesis this week.,0
Kara and Mira plan to meet at the mall near Mira's place since Kara just finished classes and Mira is going home.,1
"Linda and Jeff are discussing the state of their country, with Linda expressing her desire to leave due to the poor economy, lack of opportunities, and corruption, while Jeff believes the natural beauty of the country is a reason to stay. Tom suggests they",1
"Jake informs Kyle that Susan is coming to visit on Friday and will be staying overnight. She is currently at home and a bit bored, but a nurse comes to check on her every day. Kyle asks if he can meet Susan and Jake says he",1
The travel agency Travel Life went bankrupt. Mike is in Egypt with no hotel or options to come back. He'll probably go to the embassy. ,0
"Kai and Faith plan to meet at the railway station in the city center. Faith will arrive at 3 pm and it might take 1 to 1.5 hours to get there. Kai suggests taking the underground train from the airport,",1
"Richard suspects his girlfriend is cheating on him because of her emotional distance. Matt has once accused his girlfriend of cheating, when in reality she was throwing him a surprise birthday party. Richard will talk to his girlfriend as Matt advises.",0
Ella spent the night with Adrien. She is attracted to him. She is also very concerned about his mental state and past destructive behaviour.,0
"The biology assignment is due on Monday, which is tomorrow, and Mick is frustrated because of it.",1
Greg is wearing a cast and Jimmy is drunk and angry.,1
"Evelyn asked Robert to set out the laundry and informed him that there were freshly baked flapjacks in the oven, which he could have after they cooled down, while reminding him to do his homework.",1
Kylie is hanging out in her room listening to BTS that also Carrie likes. They're seeing each other at tennis tomorrow.,0
Daniele thinks David has taken her book but it was Philippe who took it.,0
Cindy and Eve agree to buy a bottle of white wine for them to share.,1
"Mark, Sarah, Jack and Hannah are going to the mountains next weekend. The room for 4 nights costs $400; it's $100 each. They will drive in Mark's car. The place they'll be staying at has a kitchen, so they will bring their own food to cook. They are going to meet at Mark's place on Saturday at 10.",0
Eva signed the agreement. She and Mat are getting married. They will organize the housewarming party in their new flat.,0
David and Jo discuss the file extension for their project and Jo expresses doubts about the program's aesthetic. They joke about their lack of motivation and their unsupportive friendship.,1
"Kuba joins Essa and Katia's M&A group, and they will search for a company together. The deadline for the paper is in January, there will be no exam, but the paper is 11 pages long.",1
"Adam confessed his feelings for Nancy, but she revealed that she has a boyfriend.",1
Max is coming to see Iza. He is two bus stops away.,0
"Charles is watching the game and the score is 2-0 in favor of Portugal, causing Tommy to express disappointment.",1
Paige sends a picture of her new kettle.,0
Paula is submitting her thesis this week and Laura congratulates her.,1
"Suarez is angry at Cedric for forgetting to bring his flashdrive, but Cedric promises to bring it tomorrow and if he can't find Suarez, he will give it to Nolito. Suarez",1
Victoria has quit her job and is planning to open her own yoga studio with her savings.,1
Percy will complete the survey which Melanie needs for her master thesis.,0
Tom found Diana's oyster card and they plan to meet for a coffee.,1
"Julia offers to share her paper copies of the English test material with Luke and Mike, who are both preparing for the test.",1
Patrick met the love of his life on a 10-hour flight and believes they are soulmates.,1
"Emma made weed muffins and wants her sister, Sharon, to come over. Sharon is not a fan of this. Emma is coming tomorrow to play with Sharon's kids. They really like her.",0
"Emma hasn't supported financially the project recently. Mary, Cecil and Miles have to do something about that if they don't want the project to die. ",0
"Kate is in Laos, but it's not really warm. The water there is emerald, but really cold. She managed to stay in it only for 3 minutes. Laos is cheaper than Thailand.",0
"Kate confronts Mark about texting a Samantha and accuses him of cheating, while Mark tries to explain it was just a joke and a one-time occurrence.",1
Zoe is preparing a picture for an art show. She is not very happy with her job and she is not sure she's going to get it right.,0
Clarks suggests a book Emily should read.,0
"The conversation between Freddie and Isla revolves around the ongoing Brexit negotiations and its potential impact on immigration policies, particularly for countries like Ireland and Turkey. Isla believes that immigration was a significant factor in the Brexit vote and that while there",1
Janet was in court yesterday. Her parents are getting divorced. Neither she nor her sister testified. There's no sentence yet and there will be a mediator. It will probably take a few months. Amy's parents also got divorced. ,0
"Ed informs Sienna that there was no Amazon delivery yet, but there could still be one since there are two trucks per route this time of year. Sienna's tracking shows her package is expected to arrive today, and Ed offers",1
"Jacob is coming to New York for 2 weeks to visit family and attend a job interview at Delta. If he gets the job, he plans to move to New York. Benjamin and Maria are surprised to hear that Jacob wants to become a flight att",1
Samuel tells Marianne to stop and look back because he is behind her.,1
All foundations are at a discount until tomorrow evening. Day By Day foundation has similar features compared to GoForIt.,0
"Laura will pick up Kim from work around 7, and they will come back home together.",0
"Tori showed Hugh a photo of her new hair and he complimented her, making her happy.",1
"Joseph is currently in Kathmandu, Nepal and has been in Asia for 6 months. Laura is envious of Joseph's current location and wishes she were there. They discuss Joseph's plans for the Camino de Santiago for the",1
Kate and Jamie discuss Kate's recent experience with bad guests at her accommodation in Mexico. Jamie shares a story of a wild party in Cuba that caused damage to a host's apartment. Kate and Jamie wish each other only good experiences in the future,1
Robin is coming tomorrow. The children can't wait. Clara will pick Robin up from the train station.,0
"Luna is unsure if a meeting with a guy yesterday was a date or not because he wore a tracksuit and didn't offer to pay for her coffee, despite being charming and behaving like a gentleman. Aiden suggests that maybe the",1
Ruby wants to meet someone online. Grace's sister met her boyfriend online. Grace will help Ruby to set up her online profile.,0
"Graham and his family are planning to travel to Croatia by plane for their holiday this year, as the tickets are very cheap. However, they are not sure if it will be their last trip there as it has become more expensive. They mention",1
Sue met her yesterday for a glass of champagne and the meeting turned into a party. ,0
"Fran shows Brianna a photo of their new jacket and they discuss shopping, organizing a picnic, and the location for the picnic.",1
Nevaeh is seeing Gavin on Tuesday at around 15.30. ,0
Elle quit her job because of some incidents with her boss. She is going to look for a new job.,0
"Jason had seen ""Black Panther"" and thinks it was good. Ben is not interested in action films but loves ""One Flew Over the Cuckoo's Nest"". Andre likes the movie too. Jason hasn't seen it, but has heard it was depressing.   ",0
Steve reschedules his appointment with Dr. Williams for Wednesday at 6 pm.,1
Lora was wearing a horrible outfit yesterday. ,0
"Lukass and Marta discuss their new experiences at school, with Lukass expressing excitement about starting a new school while Marta feels there's nothing new happening. They also talk about missing each other and their desire to go on an",1
Justin wants to wants to borrow 50 dollars from Foley but he is broke. Foley will ask his dad for the money.,0
Ben is waiting downstairs.,0
"Mr Martin is unable to meet with Astrid due to prior commitments, but offers to meet with her the following day after lunch.",1
"Ollie gets birthday wishes from Elisa, Fran, George and Remi. He hopes to see them all on Friday.",0
Laura is on the subway going to work. Jeff hasn't left yet so he will bring his laptop on Mary's request.,0
Mick has never done any student exchanges and is spending Halloween with his friends at a club. Amka is probably not dressing up for Halloween and has health issues that have canceled her plans to go to London with her grandparents. They both,1
"Kleo needs a red dress for a performance. Kinga agreed to lend one of her dresses to Kleo, but she will give it to her on Saturday.",0
Kenna is going to a store to buy orange juice while Patience is watching TV.,1
"Neville is on vacation with Tina and is trying to remember their wedding date, which he suspects might be the reason for her being mad at him. Wyatt checks with his wife and finds out that they got married on September 17",1
"Harvey asked Reggie for 5 minutes of his time in order to tell him about Mel. She will probably extend his agreement, so, as it was not planned, Reggie wants to know when Harvey finishes. Harvey is sorry that he is back.",0
Rick found Luke's keys under his car seat. Rick is at home for the next few days. Luke is going to message Rick about when he will pick them up.,0
Felix is sorry that he could not be more involved in the project. Felix was doing work for his department instead.,0
The group is excitedly watching the Cowboys game and discussing their chances of winning. They are impressed with the Titans' performance and believe the Eagles are also doing well.,1
"Calbert tells Hunter that Plummer got angry because nobody in class understood his preaching, and that he had asked everyone to answer a question but nobody got it right, including Hunter who was sick all week. Barclay says it's",1
"The group is preparing for an integration trip and discussing the necessary gear and clothing for the mountain walks. They are aware that the weather may not be optimal, but they are determined to make the most of it.",1
Michelle lost her wallet on the train and is upset about it.,1
Jim informs Eva that he won't be able to come to Poland for Christmas and that his kids will fly with Aga's parents. Eva expresses concern about Jim being alone for Christmas but Jim assures her that he will probably see,1
"Poppy asks Jack to send her the materials, and Jack apologizes for not sending them earlier.",1
"Franklin, Jack, and Jeff are excited and prepared for today's match, with Jeff ensuring they have enough supplies.",1
"Jeff, Jospeh, Melissa and Barbara are going to the party in Novoli. It's too cold for a walk and the taxies are unavaliable on New Year's Eve. They decide to try car2go. The worst case scenario they will take a tram.",0
Nina and Paula will meet tomorrow at around 9. Nina has some news for Paula. ,0
Linn is cooking spaghetti carbonara in accordance with the Italian recipe. Zoe thinks Linn's food looks delicious.,0
"Joe wants to clear the basement but finds it messy and full of stuff, Chris offers to help and suggests burning it down to rebuild it quickly.",1
"Janice suggests Trudy to ask Amy, who is a genius in statistics, to double-check her results, even though Trudy is not close with her. Janice assures Trudy that Amy charges 40$/hour for her",1
"Amanda is surprised to learn that Kelly got married and shares that she didn't know Kelly had a boyfriend. She reveals that the wedding was posh and expensive, and that Kelly may have married a rich man. Jessica adds that the groom is handsome",1
"Olivia believes she was bitten by a spider and looks like an abused wife, Isabella finds the comparison funny but not at Olivia's expense, they don't have venomous spiders in their area, Ol",1
Sandy hates the lecture she is on.,0
"Gina loves potatoes and wants fries, while Austin doesn't like potatoes and thinks they're bland. Gina tries to convince Austin to try new potatoes in spring, but he's not interested.",1
"Thomas and Jason are discussing the need for radical reforms in the healthcare system, with Thomas expressing his belief that the system needs change and Jason agreeing that many public services in the country require reform.",1
Liz will come by Tim's place in 5 minutes as she's in the neighborhood.,0
"Edyta is excited about the new candles she got from IKEA's Blue City store and loves the Bounty smell, while Krisa and Jannie express interest in getting some as well.",1
"Jason is not excited about the New Year's Party, so he will only play some games and drink some sparkling wine. Mike is leaving with his girlfriend for the mountains for 4 days.",0
Peter wants to buy a pink shirt. Jacob and Sam help him to choose one.,0
"Megan successfully made it and shared a photo of her food, which Helen found delicious.",1
Edward thinks he is in love with Bella. Rachel wants Edward to open his door. Rachel is outside. ,0
"Eric's date went well, they watched a movie and went to a nice restaurant before heading back to his apartment. Although they didn't have sex, Eric is open to the possibility for next time. He is willing to introduce his date to",1
"Brooklynne is watching Harry Potter 6 again, Kevin won't join and neither will Tatiana as she's not a huge fan of HP 6. ",0
"DIY beauty products are becoming increasingly popular, with Ella stating that they have been better for her sensitive skin. Janet, however, is against them due to the time and effort required to make them and their short shelf life. Ella makes",1
Jason will get home asap as his dad is angry. Mom cooked pasta with spinach.,0
Tina won't come this Saturday. Tina has relationship problems with John and needs to talk to him. Tina prefers not to discuss it on messenger. Jane will call Tina when she gets home from work.,0
Kelsie is in Coimbra. She is travelling back to Lisbon. Donte doesn't have faver.,0
"Tom expresses his frustration that Zack is not coming immediately, to which Zack responds with a laughing emoji.",1
Alan is making his famous chicken wings and would like Joan to be home by 7. Joan won't make it as she is studying with Laura.,0
"Jerry broadcasted Josh's music on YouTube and received 7000 views, and now a recording company has contacted him to release an album.",1
Ozzi spent 300 bucks on LV scarf.,0
Matthias shares a funny piece of news with John about China building a horizontal skyscraper. They both wish to see it one day.,0
The conversation between Jimmy and Peter revolves around the sudden change in weather and how global warming causes unpredictable weather conditions. Jimmy complains about his balls freezing due to the cold weather while Peter suggests that he should have worn underpants,1
There is a typhoon around Regina's place. Hugo thinks she should remain inside.,0
Mila will go alone to Menchies. Mikhail and Kasia went there yesterday.,0
"Judith helps Jessica decide what to wear for meeting the parents by suggesting a different dress and shoes, and also a bag to go with the outfit.",1
Gill studied hard for the exam and she's disappointed she will not get an A.,0
"Ken asks if he can use someone's computer because his is in service, Kian asks what happened to Ken's computer, Miriam offers to let Ken use her computer but will only be available in the afternoon, Ken needs to upload files",1
"Erica needs free jars to try MarieKondo method. Nicole and Ingrid don't have any, but Ingrid will pick a glass jar next time she buys ketchup.",0
Richard and Hyacinth are going to Maria's.,0
Mike will repay the money he owes Jake on the 8th. Mike had to pay the rent so he borrowed money from his parents.,0
Julia is staying in Paris at least two weeks and will pay Molly a visit to meet Molly's little princess.,0
Johnny has some extra class after school so he will come back home by himself by bus. His father Tod may therefore drink a pint with his friend.,0
"Sarah invites Jenny to a gang meeting at 8 pm at Ricky's, but Jenny is unsure if she can attend.",1
Jashua sent Gibraiel a link to the game they talked about at school. ,0
"Joona and Ieva are ill, they won't come to the match this week. ",0
"Sarah, Lucy, and Rosie are discussing plans to go to a salsa club this weekend.",1
"Angela has seen four apartments this week, including the one recommended by Dolores, but she is still unsure about the one she saw, as the bedroom is too small and she would like to see trees from the window, which is hard to find",1
Uncle Billy thought that Abbie's mom ordered scissors to trim his nose hairs. Her mom ordered them for the cats' claws. ,0
Mama allows Victoria to borrow her red trench coat and red gloves for the night.,1
Erin called the fabric shop. She didn't like the fact that it was a man who answered the phone. ,0
"Maria and Domi are planning a BBQ dinner at home with Ariane and her family. Maria offers to bring a salad and dessert, but Domi asks her to bring an aperitif instead. Maria agrees and promises to make a",1
Margie asks Helen if she will be at work tomorrow and if she could help her by putting her personal notebook in one of her drawers since she left it on her desk and won't be back for a week. Helen asks if she can,1
Paula found an interesting article about rhetorics and shared it with Camile.,0
"Alice asks about Freddie's birthday present and Olivia suggests play doh as he likes cars, creative stuff and football.",1
Mike apologized to Tracy for the things he said when he was upset. ,0
Ian got there a quarter before the planned time. The party finishes at 12 or 1 o'clock at night but Ian will probably have to stay longer and help with cleaning up for extra money.,0
Patrick met a woman on a flight and chatted with her during the whole flight.,0
Martha is getting ready for Lee.,0
Carolyn bought fantastic shoes on the internet. ,0
"Gia is reluctant to attend a family dinner but feels obligated to go, and Mia also feels uneasy about meeting new people at the dinner. Gia will probably arrive at 9 PM.",1
"Lennie shows a photo of the snow outside their window, and Daddy comments that they will have a white Christmas.",1
Claire can't meet with Leon. Claire's mum has to go to work and Claire can't leave her siblings alone. Claire and Leon will reschedule the meeting for next week.,0
Simon wishes Kevin and his bride all the best and hopes to visit them later in the year.,1
"Amanda is tired after the gym, so she won't go out with Jane tonight. Jane will ask Natalie.",0
"Lucas and Andy will see ""Alita"" tomorrow at 8 pm at the cinema. Lucas is excited about the upcoming movies ""Avengers: Endgame"" and ""Captain Marvel"".",0
Ania and Franek are watching river dale.,0
Austin is sending Charlie funny stories from the internet. ,0
"Daryl won't make it to the class, because he's stuck in traffic. Jake will let Mr Smith know about that. Daryl suggested to Susan that she should take a detour.",0
Lexi will inform Ken that Arlo wants to see him. Arlo has a message from Ken's wife to pass.,0
"Jim is doing okay at college, except for falling behind in his Biology class due to being sick. He enjoys most of his classes and his creative writing professor, Caleb Risztardt. He lives with Tracy and Frank,",1
"Colton excitedly announces that his team has won with a score of 98:95, and Hazel congratulates him and his teammates.",1
"Kit apologizes for being late and Amanda asks for gossip. Kit reveals that a little bird told him Jake, the handsome freshman, has a sweetheart.",1
"Anny and George are discussing their favorite characters from the TV show ""FRIENDS"". Anny likes Joey and Monica the most while George likes Joey and Phoebe. They talk about the qualities they like in their favorite characters",1
"Charlie convinces Julia that they can go to Warsaw without worrying about their cats, as their parents will take care of them, and Sebastian won't be burdened with additional responsibilities.",1
"Johny and Luke are talking about a girl in a music video and Luke tells Johny to find himself a girlfriend. Luke becomes angry and tells Johny to stop talking like an asshole, but Johny insists that he was just joking.",1
Kevin feels tired. There was a time switch last night.,0
Robbie invited Trishia to the cinema and she accepted. Trishia doesn't like Avengers.,0
It's Elsie's birthday today. ,0
"Caroline will stay at work until 3 pm. Tom is with clients, he will picl Laura from school at 3:30 pm. Tom will text Laura about it.",0
Kim shows Karen a video of Josh and Melody kissing and Karen is surprised and happy to see them together.,1
"Patrick is throwing a party this weekend and would like to invite the new girl, Jasmine, but he doesn't have her number. ",0
Julia is in Paris and staying for at least two weeks. Molly wants to introduce her to her little princess and they plan to meet on Monday or Wednesday. Julia is staying in front of Carrefour and Molly is mobile but can only accommodate two seats,1
Daniel's ex-girlfriend broke up with him. Daniel is still depressed and in love with her. Jess wants to cheer Daniel up and take him out this weekend. ,0
Zack is in the shops and asks Gill if they need anything. Gill requests washing powder and kitchen towels. Zack offers to buy food but Gill declines. Zack informs Gill that there are many people in the shops and he may,1
Donald left his lunchbox at Jayson's place yesterday. Jayson has a red and blue lunchbox at his house that aren't his. He will return one to Donald tomorrow.,0
"Adam tells Nancy that he is in love with her, but she tells him that she's got a boyfriend.",0
Elsie wants pizza for dinner even though she had it for lunch. Rachel wants some variety for her. ,0
"Sebastian is having a bad hangover and can't focus, causing Marcin to become frustrated and assume there must be an important reason for Mela not wanting to talk to him.",1
"Jack has been busy with school, friends, family and other things, and Lisa offers to help him if he needs anything.",1
"Amanda is enjoying college and Toby is cleaning the garage at home. Toby finds some old stuff including a rusty bike, dollhouse and paintings and wants to donate them to charity but Amanda stops him as they have sentimental value.",1
"Oscar and Ethan are discussing the progress of recording their song. They have recorded most of the first song and some of the third, and are now waiting for Oliver to record his parts. They are happy with how the recording has gone so far,",1
"Ivy and Alex are discussing the arrival time of Alex's flight on the 22nd, which is early in the morning, and Ivy is thinking about preparing a welcome home meal for him.",1
"Cheryl Cole, a famous singer, left her third husband, Liam Payne, and the group discussed her previous marriages, her beauty, and the tragedy of her situation.",1
"Kim catches up with Kourtney about her life at university and her job at the hotel. She mentions that she sometimes has to work night shifts which can be tiring, but she enjoys the job. Kourtney expresses concern",1
"Lilyana and Orion are having a conversation in the morning. Orion is bored and sitting in the dark because the light got cut. Lilyana suggests lighting some candles, but Orion doesn't have any. Lilyana then shows Or",1
Henry will go to a concert with Barbara on Saturday night.,0
"Joanna invites her friends over because she made apple pie from the apples her family left her, and they all accept the invitation.",1
Jack and Pat discuss Mary's finishing time for her lessons and Pat suggests that she waits in the common room instead of taking a bus home in bad weather. Jack agrees and there are no problems.,1
Abigail is not interested in meeting up with the group this weekend and feels that such meet-ups are pointless since they don't result in meaningful conversations or actions. Grace is unsure of how to respond to Ally's invitation,1
Sabrina has nothing to do. Rose watches YouTube videos when she's bored.,0
Chloe bought a new MacBook Air because her previous laptop's battery was weak and she needed to work long hours unplugged while traveling.,1
"Adriana apologizes for not being able to make plans due to feeling sick, and Elisa expresses disappointment but encourages her to get better soon. They discuss Elisa's enjoyable pool and sauna experience, and Adriana reveals",1
Brenda and Alessia will meet for coffee in an hour.,0
"Melissa is stressed about an upcoming exam and feels like the questions will be difficult because her teacher, Hawkins, hates her. Harry tries to reassure her by reminding her that she has studied hard for a long time and that everyone worries",1
Mike and Mary are going to visit Mike's grandma tonight. Mary will buy her some chocolate.,0
"Frank and Claire are discussing their plans to go somewhere at 8 pm. Claire is hesitant about the late time, but Frank assures her that it's the best time to arrive.",1
Kate asks Marsha to pick up a child from the nursery and offers to pay for the taxi. Tommy suggests using Uber but Marsha doesn't know how to use it. Kate offers to pay for a regular taxi instead.,1
"Lolita, a 15-year-old girl, flirts with Hugh, an older man, but Hugh responds by reminding her of her age and telling her to focus on her school work.",1
The party was insane. June couldn't attend because he was sick. At the party they drank a lot and got stoned. Some people jumped off the roof into the pool. One person fell to the floor instead and was driven to a hospital.,0
Malcolm and Iris are not interested in watching the World Series and plan to watch something on Netflix instead.,1
"Carson is done with the assignment, Trevor has not started and is unsure if it's due by the end of the class, Ian is currently working on it, and Trevor plans to complete it during the class.",1
"Chase is excited to be back to baking bread and shares with Ronald that he uses wholemeal flour, rye and wheat, and sour dough instead of yeast. He prepares it himself and it takes 5+ days to make the",1
"Ralph is unenthusiastic about attending a seminar for lawyers, finding it boring, but Kate is looking forward to it because the professor is famous. Ralph suggests they skip the lecture and go to a bar instead, where they can drink whis",1
Matthias and Jeff are on the highway and should be in Baltimore in around 2 hours. Matthias is driving.,0
John got feedback from the girls today. He made many mistakes in his texts and he's afraid he'll get fired. He bought a new laptop and is now in debt. ,0
Amy has to go to work and she needs someone to take care of Peter. Jennifer is at work too. Lisa asks Amy to bring Peter to her place. ,0
"The group is discussing Theresa May's leadership and her role in the Brexit process. They agree that she is the embodiment of the will of the British people and cannot be sacked, as renegotiation might be needed and a",1
"Martha agrees to go grocery shopping for Laura, who needs to finish her school project. Martha buys salmon and catfish fillets, pork and chicken, cereal, pancakes, syrup, milk, chips, and cookies.",1
"John congratulates Joan on her presentation and thinks it was the best, while Joan acknowledges that Anita also had a good presentation with nice examples, but her analysis could have been better. Joan explains that Anita is still in the research phase",1
"Jake struggles with the urge to keep old cables despite knowing he should throw them away, and Kevin relates to this struggle, saying that every man has a ""devil on his shoulder"" that keeps them from getting rid of things they shouldn'",1
Ann saw the interview with Kit Harrington and it was hysterical to Terry. ,0
The group has arrived in Belgrade and is staying in a hotel. They are tired from jet lag and haven't seen much of the city yet.,1
Isabella wants Sophie to call her as she can't find her. ,0
"Kate and her friends were attacked by robbers in Santo Domingo, the Dominican Republic while walking on the streets. They were demanded money and when they refused, the robbers attacked them with a broken bottle. Kate fell down during",1
"Ronald advises Chris to ask the other person what games they have to offer before agreeing to a trade, as the other person may not have many games to trade and may not be forthcoming about what they have.",1
"Elijah and William reminisce about a wild party they attended in college and wish they could go back to those times. However, they acknowledge that they did not spend much time studying during that time and that William's straight A's",1
There is still 20% of the task left to complete. ,0
"Abigail is sad but not angry with Adam, and she doesn't want to talk to him because he has again disregarded her plans and opinions.",1
"Piotr, a Polish shop, is closing due to insolvency and Mateusz is upset about it because he used to buy ham from there. Sarah and Alexander discuss the reasons for Piotr's closure, including poor planning,",1
"Norma shows Marston her tattoo and explains its meaning, while Royce comments on its beauty.",1
Pete and Jake are worried about Brexit and Polish people living there. Pete believes it won't be good for Britain. ,0
Ellen and Sookie are working on a project together.,0
"Alan asks Joan when she will be home, Joan informs him that she is studying with Laura after classes, Alan tells Joan that he is making his famous chicken wings and Joan reminds Alan that her grades are important.",1
Max agrees to help Justin at a soup kitchen for the homeless.,1
"Tiffany and Andy are discussing the amount of spam emails they receive daily, with Andy stating he gets ""loads"" of spam every day, while Tiffany has recently started to receive a lot of spam as well. They spec",1
"Harry and Ginny are planning to attend a party on Saturday, and Harry will pick her up at 8:00 PM.",1
"Vanessa inquired about extra work from David, but he informed her that he is currently working on a long-term project and cannot split it. Vanessa understood and thanked David for considering her.",1
"Ryan asked Bonnie if she was coming, Bonnie replied that she needed to stay at home and sent a gif, and Ryan understood and responded accordingly.",1
"Millie suggests a gift card for a spa treatment or a nice bottle of wine or gin for Allen's wife's birthday, as she is into working out, baking and music, and they have already attended concerts.",1
Tina is at the lecture right now. Elsa woke up late and won't come to class now. Elsa asks Tina to record the lecture. ,0
Frank is going to IKEA to buy furniture and a gift for Morris. Eliza wants him to buy a lamp for Jeanine. ,0
Mom says no to Lily's request to go out because she needs to learn first.,1
"Patrick and Ella are chatting about their day and night, Ella invites Patrick to join her at a new place called Kangaroo Boy on Friday, and they make plans to go on a date.",1
Henry is reading Lord of the Rings. Giulia doesn't like Tolkien's works as she finds them too complicated.,0
Tom asks Alan to lend him his car because Tom's car is making strange noises and he needs a car to get to work on Sunday. Alan is hesitant and asks why Tom wants to borrow his car. Tom tries to convince,1
"Blair wants to work out with Kelly, who is unconvinced about that.",0
Jeff and Rachel're having lunch at Marriot downtown and invite Tom who's hungry to join them. Tom'll join them in an hour.,0
Deryl wants to stay in the city for Christmas instead of visiting mum and dad. He might have sushi with friends. Joan wants to join them on Boxing Day.,0
Gabe sends the requested photo to Tatiana.,1
Odin is a bot busy trying to help Zara create a Facebook account and asks Reyna to assist him in the process. Reyna agrees to help and asks Odin to text Zara to respond to her text.,1
"Olivia's husband is cooking Thai red curry, which is Anna's favorite food, and everyone is praising its deliciousness except Greg, who wants to drop by but Olivia denies him.",1
"Martha has seen ""Bohemian Rhapsody"" with her boyfriend. She's been dating him for 2 years. Her boyfriend has a brother named Andy.",0
Oliver has helped Margaret set up the party for tonight. ,0
"Maria shows Terry and Jenny a photo of her new glasses and they all agree that she looks great in them, with Terry encouraging her to buy them.",1
Maciek will present his research next month.,0
"Toby is upset that they are going to miss the game and Blase suggests going to the pub alone while he joins them later. Toby dismisses the suggestion with a ""pff.""",1
"Ian invites Fernandez to come to Swan River for Christmas, but Fernandez declines and says he has an exam. Ian suggests taking the Greyhound bus, and they agree to meet up in Winnipeg after the",1
"Aunt Maria is in hospital, she had a stroke. Jayden will call Micah in a minute.",0
"Ashley and Peter both enjoyed Karen's presentation, particularly the anecdotes, and expressed their appreciation. Karen was happy to hear their feedback.",1
Ruby suggests a dish for Lisa to cook but she doesn't have the necessary ingredients.,0
"Maya had to get a new phone, as she drowned the old one in the toilet.",0
"Chris expressed regret over having certain habits, specifically eating over his keyboard, which Nate assured was common. Chris then showed a photo of the food debris in his keyboard and Nate joked about reducing the amount of ""shit"" inside.",1
Zach will get a hair trim at the Route 66 barbershop.,0
"Artur used the wrong equation in his previous homework, which Radek noticed.",0
Mike and Carl are discussing the delays they are experiencing while trying to get to the harbor due to a storm.,1
"Abigail created a chat, so Brian and Donald can communicate with each other without involving her in the conversation.",0
"Brian had an interview today but he thinks it didn't go well because the interviewer asked him strange questions and he wasn't sure how to answer them. Sam suggests that it might have been a personal test, but Brian is unsure if",1
"Jason and Molly are discussing the whereabouts of a person named ""kaka"" and they assume he is playing football in the ground.",1
"Lunch break starts at 1PM. Tom, Ahmed and Tanja are going to meet at the canteen for lunch at around 2PM to avoid crowds..",0
"Jeniffer and Brooke're in New York now. They've been also to Connecticut, Massachusetts and Rhode Island. The thing Jeniffer likes the most in America is diversity while in Brooke's opinion it's urban splendor.",0
Mark will visit a client.,0
Jessica and Olympia like Clarissa's photo.,0
Susan got home safely. ,0
Lawrence doesn't like the play of Manchester United. He and Julius complain about the team and Mourinho's style.,0
"Dr. Herman advises Charles to drink lots of water and brush his teeth frequently to alleviate bad breath caused by a new diet, while assuring him that the diet is effective overall.",1
"Don is lost and Harry is trying to help him find the location for a balloon launch. Harry provides directions for Don to follow, but Don gets lost again. Harry becomes frustrated and tells Don to turn around and head up the hill. Don finally",1
Mica appreciated Andy's book review and thought it was insightful. Andy enjoyed writing the review and is looking forward to hearing others' opinions. Mica plans to post the review on the website on Tuesday and expects it to receive a lot of,1
"Emma recommended Danielle to buy her shoes online as they are usually cheaper, even though Danielle is hesitant because she doesn't like trying shoes on without trying them on first. Emma assured her that she can always return them if they don",1
"Teddy, Mark and others went partying last night. Mr. Johansen wouldn't be happy about it, but, luckily for Mark, he's on a trip today.",0
"Esme went to visit Jason last weekend and was upset that he didn't invite her to a party he was hosting, despite the fact that the entire band was there. She got so angry that she broke all of his plates.",1
"Emma greets Diana and Amber, then asks a small question.",1
"Jenny offers to take the dogs out and start dinner for Kim, who will be home by 7.",1
Anna is in a gift madness two days before Christmas because Mike says shops are empty then. Julie wants to know later if his strategy works.,0
Lily thanks Rosa and her hosts for a great time and expresses her interest in cooking for their next gathering.,1
John is going to write a song. He wrote songs before but did not advertise it. Paul suggested writing a song about world peace.,0
Andre has found a job offer at Google for German speakers in Lisbon. Hanna is interested. Andre has been living in Italy for 4 years. Both he and Hanna like Italian and Portuguese cuisine.,0
"Anne informs Paul that she won't be able to come into work because she is sick with a fever, and she has already scheduled a doctor's appointment for this afternoon.",1
"Paul informs Jerry that he has a lift for tomorrow and thanks him for the offer, and Jerry responds that it's not a bother.",1
"The party last night was not much of a party with only 10 people and mostly talking. Midweek parties are not as good as weekends. There was nothing to regret, but it was cool to have a chat and two beers before",1
Jim will buy Joel two chicken wings.,0
Dax and Miles are excited about their father making chicken wings and are planning to come over to eat them.,1
Kate has a birthday.,0
"Dan and Ian are discussing the performance of Hazard during the World Cup and how he was the catalyst for France's success. They also talk about how sad they were to see him exit in the semi-finals, but respect France'",1
"David is informing his friends that his friends are relocating and cannot take their cat with them, and he is suggesting they contact Sarah if they are considering a pet. Sarah explains that the cat has been a family pet for four years, is",1
"Aaron doesn't feel like cooking and wants a personal pizza with pepperoni and Italian sausage and a soft drink, Cady is getting him a meatball sub and a vegetarian sandwich is also available.",1
"Anna reported a scam to Uber after she was charged the full amount for an Uber ride that never happened. The driver accepted the trip and ended it shortly after, leaving Anna confused and frustrated.",1
"Gina invites Raoul to lunch, but Raoul declines because he is stressed and working on a project that involves running a report using software with a smiling sun logo. Gina offers to help him with the report and suggests they meet at",1
"Kylie was at the hairdresser called Barber Shop, her hair was done by Jake. The hairdresser where she bleached her hair is called Hair Point.",0
"Ingrid shows Bart three photos of a Christmas tree she decorated, and Bart comments on the clustered baubles. Ingrid explains that Sammie, her daughter, wanted to make sure the ornaments weren't lonely. Bart finds",1
"Melissa and Tyler are having a baby. If it's a girl they will call her Ophelia, if it's a boy - Xavier.",0
"Jason discusses an article he read about the importance of well-organized resumes and how people with poor wording skills may not get hired, even if they are good at what they do. He suggests the idea of an app that generates organized",1
Dan forgot to buy the drinks and has to go shopping.,0
Nick sends Julia a song to ask for her opinion and she really likes it.,0
Barry is taking a car and everyone is okay with that.,1
"Jack has to find Olivia in carriage 3, because she has their tickets.",0
Maria has not returned Jorim's history book yet. He needs her to give it back tomorrow.,0
"Maya wishes her mother a happy birthday and apologizes for not being able to celebrate with her, Eva responds with gratitude and they say goodbye.",1
Jay needs some stuff from Phil.,0
Sweeny asks Donna about the chord to Cocaine.,0
"As birthday present for Alice, Oliver and Sidney are going to take her to the impressionist exhibition then grab a coffee together. Alice has recently broken up with Mark. Alice is an introvert but likes talking about art.",0
"Leigh's new boots are comfortable, warm, and they look nice.",0
"Paula and Trevor are on a train that is delayed due to someone throwing themselves on the tracks. Paula tries to take it easy and see the positive side of the situation, as she now has more time to read her book. T",1
Tim will buy milk on Nicky's request.,0
Holly was forced to count coins for a demanding customer. Zach advises her not to do this kind of thing in the future.,0
Mark just shipped the goods and he will send George the tracking number tomorrow.,0
"Tyler can't come over to Sam now, because he's busy with chores. He will come over later.",0
"Harry asks Mike if Tommy can join them for dinner or cinema, and Mike suggests they ask him first. Harry agrees and assures Mike that he will let him know. If Tommy wants to go for a film, Mike needs to change the reservation",1
"Peter and James meet at the front entrance of a building, James is standing next to a tall man with a blue scarf and they wave to each other.",1
Charles is watching the game and it's 2-0 for Portugal.,0
Mom wantsto buy a new lamp and sends Verity a link to one of them. Verity likes it.,0
"Peter, Amanda, Andy, Helen, Hannah and Olivier have a new Spanish teacher called Ms Suarez. They like her. Their homework is to describe their best friend.",0
"Frank passed his physics ecam. Frank will help Linda study for her history exam that is next week. Linda will be in the library from 14:30 PM, Frank will join 15:15.",0
"Jeffery and Cynthia are discussing a shopping list. Jeffery is going to buy eggs, tomatoes, sugar, bread, cocoa and a washing liquid.",0
"Stephen and Marika will grab some brunch after he arrives at St Pancras at 10.44. Stephen wants to take Freda to Science Museum and show her Buckingham Palace, take a trip on the Thames and take in a show. Stephen used to live in London, Freda has never been here before. ",0
Sara will arrive in 5 minutes and Greg will wait outside.,1
Zack is in the shops asking Gill if they need anything. They need washing powder and kitchen towels. Due to a lot of people Zack might be home around 6 or 6:30. Nick is not home yet and they need to talk to him.,0
"Oprah received a birthday gift from Joe consisting of her favorite sweets from Turkey, which had rose petals, and Nigel and Minnie commented on the gift.",1
Snape wants to be in the group for robotics project with Eva. She agreed to that.,0
"Helen is pregnant. She will show him the test, because he didn't believe her. She is meeting Keesha this evening, before Brad will come back.",0
Bob informed Barbara that Fiona will come to the PTA meeting a bit later.,0
Richard and Michelle will meet on Sunday around 4 p.m. next to the lighthouse. They will walk by the seashore. Richard will take an umbrella in case of bad weather.,0
"Henry expressed his jealousy towards Mark's new hot boss, Susana, who replaced Ian at their workplace.",1
The conversation discusses the possibility of free master's courses for foreigners in Poland and the difficulty of obtaining a scholarship as a non-EU national. Joanna offers to look into scholarships for Will's specific country and get back to,1
"Alan congratulates Kate on her pay rise, but she is uncertain about it and jokes about buying a lottery ticket.",1
Client informs Flix about a 40 minutes delay of the bus from Radom to Warsaw. Flix explains that this is an operational delay. Client decides to make a formal complaint as it wasn't the first such delay.,0
Jen had a weird dream where she was sitting in a chair in a big white empty room and couldn't move while creepy people in lab coats kept poking her with sharp metal instruments. Ben stayed over to keep her safe.,1
"Destiny had a fractured arm, but she is now able to prepare new things for her showcase. Destiny will be showing her new collection at the spring art fair this weekend. Brooke will come along.",0
The class starts at 10.15 for Rebecca and Wendy.,0
Mike doesn't know how long the show will last and Ian hopes it won't be long because he's tired.,1
"Johnny, Karen, and Molly are going to rent a house in Ibiza from April 1st to 15th. Elena and Tobias will join them for a week.",0
Phoebe's ex-boyfriend is working with Joane's husband's best friend. Phoebe doesn't have a problem with that as they split up on good terms.,0
"Veronica is not happy with the new sofa that Frank bought without consulting her, but Frank seems to like it. They agree to discuss it further when Frank gets back from work, and Veronica suggests that he kept the receipt.",1
Paco's sister helped him with decorating his place. She is a graphic designer.,0
"Bradley acknowledges that the nickname ""Brangela"" for their combined names is amusing, while Angela shares that her college friends used to call her ""Angelina"" which she finds embarrassing.",1
Vanessa plans to buy a new phone and needs advice on a reasonably priced model. Lindsey recommends Galaxy s6 or s7 while Harry suggests iPhone 6.,0
Randall is coming home now.,0
"Lisa invites Arnold to come over, and he accepts.",1
Scarlet wants to buy a new bag. Lidsay and Lisa advise her to take the one which costs 20$.,0
Nick is on his way and will arrive in 10 minutes. Molly doesn't need anything from the store as everything they need is already there.,1
Mike helped with editing of Ava's teaser for the campaign. The campaign is struggling as no celebrity wants to endorse it and people are not responsive. Kyle shared the link on twitter to help.,0
"Constance paid for water and Internet, but Sheldon forgot to pay for electricity, but he'll wire transfer the money right now. ",0
"Mary Auckland, the professor sent Christopher Lucas a MA thesis example. ",0
"Lucy has already transferred the 50 bucks she owes Tina, but it won't be deposited into her account until tomorrow, so Tina is grateful for the good news.",1
Mike and Andrew are discussing their plans for the day and how difficult it is to organize something with their group due to their laziness.,1
"Ross' leg is broken because he slipped and fell into a shallow stream while playing with Brian, and Madeleine is worried about him drowning but Ross is unharmed.",1
Sue had a great experience trying Ikea's vegan hot dog and shared her positive thoughts on social media using the hashtag #veganismbitch. Mike reacted with an emoji.,1
Bartek showed Tomek a photo of himself on a boat in Greece but Tomek couldn't open it and thought his phone was broken.,1
"Freddie and Charlie are discussing a football game, Freddie's team won, largely thanks to Ronaldo. ",0
Demi and Wren will go to yoga on Sunday at 9 and have a brunch afterwards. ,0
"Luther is the sexiest man alive, but his character in the series isn't.",0
Brett sends Ilya the agenda for today. There is a conference call at 9 with the Generosity foundation regarding grant application. The company Christmas party has been postponed to Thursday.,0
"Ben got into regional football championship. Dave is proud of him. Dave filmed most of the match. Sandra came to the game. John will be watching Mattie play on Saturday. Juniors start at 3:30, teens start around 5:30. John and Dave will meet on Saturday's game.",0
Elisabeth shares a photo and the recipe for blueberry muffins. ,0
"Mary asked Laura and Jeff if they had left for the office. Laura said she was on the subway, Jeff said he was leaving in 10 minutes. Mary asked Jeff to take his laptop as they would need it today. Jeff agreed.",1
"Patrick and Josh are discussing a new woman who has recently joined the office. Patrick is excited about her, describing her as ""breathtaking,"" while Josh is uninterested because she is not in his department. Patrick plans to chat her up",1
Ella has bought new garden furniture and wants Frank to build a bonfire for them. Frank will come over tomorrow to measure up and give a quote on Wednesday. Frank needs to know whether to order materials by Monday. Ella is at home tomorrow but wants Frank to call half an hour earlier.,0
Jenny tells James that Molly is interested in him applying for a job at Netflix. James expresses interest in the Junior Project Manager position and asks about his chances. Jenny suggests sending his CV in PDF format and making it more visually appealing. She also,1
"Winston and Annie discuss the changes in people and reminisce about the past. Winston believes that people change and not always for the better, while Annie wishes she was a kid again. Winston, on the other hand,",1
"Thabo, a fashion designer from Lesotho, talks about his fashion show and how he incorporates traditional Basotho elements into his designs. He discusses the issue of appropriation and how it can be harmful to the culture it is",1
"Kate, Ann and Agnes are planning an adventure together. Ann will bring a spare blanket and is responsible for lunch, Kate will have things for the barbecue, and Agnes will bring food necessary to prepare breakfast. They're going to meet between 11 and 12.",0
"The group is planning to buy Claudia a birthday present and they are discussing the amount of money they will contribute and what they will buy her. Jerome suggests buying her a ticket for a Radiohead concert, which is agreed upon by everyone. Cam",1
Cecilie is feeling better and thanks Eva for her care.,1
Patricia will bring her dog to Sally and Rodney on Thurdsay evening. They will take care of him while Patricia is away.,0
Lisa and the kids are coming over to Ana's house in the afternoon. Ana will order pizza without meat and the children will play with her dog.,0
Steve was at work. He went to IKEA to buy cutlery and blankets afterwards.,0
Ingrid thanks Hal for a gift and they discuss his estimated time of return home.,1
Jack will meet Oliver at the front gate in 10 min tops.,0
"Caroline will be back home in 2 hours, so she won't meet with Katie who's in her neighborhood right now.",0
Elyssa does not want to receive religious messages from Ruby anymore.,0
"Lennon asks Shaz to remember her sports kit and to put some spray in it, and Shaz confirms they will meet at the gym later.",1
"Claire is taking a bus back home to Brussels because flights were too expensive, Patrick feels sorry for her and they talk about their plans for the weekend.",1
Martin has seen the weather forecast and it's going to be hot and sunny. Glenda is angry because she already packed all her summer stuff. ,0
"Adrian is home. Adrian's dad, Ron, will be home after 5 o'clock and will get his son something to drink. Ron reminds Adrian to do his homework.",0
"Charles has a new diet. It's effective, but it's giving him bad breath. ",0
Chris is going on a one-week Interrail trip to Italy and France and will be traveling in first class with meals provided on the train. He is looking forward to the trip as he needs a break from work.,1
Charlotte is unwell and will inform Michael tomorrow if they can see each other on Friday.,0
"Peterson's assistant, Philipa, compliments the photo and says it brightens her day.",1
Veronica didn't get Bianca's postcard. Bianca sent it from Spain 2 months ago.,0
Jonah is scared of being in a big city and asks for someone to pick him up from the airport. Molly and Vanessa offer to help but Jonah is worried and scared.,1
Olivia and Susan haven't seen Baby. Victoria watched 3 episodes and liked them. Susan doesn't have Netflix. She will ask Jack if he has a free profile.,0
Max asked Peter to buy him a Coke in a glass bottle.,1
A girl was murdered by a 26-year-old in New Zealand. They met on Tinder. She was last seen at his company on 1st December. ,0
Amanda arrived yesterday. By mistake Sally booked a place in Bridgetown. Amanda stays at Apple Hall on the other side of the island. Tomorrow John will go to Bottom Bay. Sally considers joining. ,0
Dixie ate haloumi raw as Jason didn't mention that she should cook it. ,0
Garry sends Olivia and Idan the recipe which Olivia requested. ,0
Mary is in the bathroom.,0
Gabi prepared a cleaning schedule. Natasha will clean the flat this week.,0
Erica and Nia are running late and apologize to Patty for being tardy.,1
"Darren is at a taco shop and Dana wants 3 baja tacos, green salsa, and a diet coke. Ron doesn't like tacos and wants a pizza instead. Darren refuses to",1
"Philip and Olivia are discussing their plans for the weekend, with Olivia expressing her intention to go acrobatics and Philip indicating that he might also join her.",1
Andy and Gary are discussing lunch and agree to meet in the canteen. Gary confirms that he will arrive in 3 minutes.,1
Stevie forgot to pay the electricity bill today. He will do it tomorrow morning.,0
"Kevin and Bert are discussing the cancellation of EA's open-world Star Wars game, with Kevin expressing his disappointment and Bert sharing his anger towards the company for prioritizing money over creativity. They agree that Disney is also to blame and",1
The boat leaves at 9.00 but Alex and Ben should be there at 8.30.,0
"Therese, Janusz and Andy are meeting tomorrow. Janusz brought some sausages and kaszanka from Poland, but Andy doesn't want to eat it.",0
"Matt asked Chandler if he had met Kate and they briefly talked at the university. Chandler said she didn't really agree to talk to Matt, but she just needs time. Matt is willing to wait and be patient.",1
David and Jen are discussing what to get for Jen's sister's 30th birthday. Jen is having trouble deciding and David suggests a book voucher so her sister can choose her own present.,1
"Daisy apologizes for scratching James' car and sends him pictures, James reassures her that it's not a big deal.",1
Jim informs Helen that he won't be coming to work because he's not feeling well. Helen asks if he has a fever and if he's experiencing any muscle aches or headaches. Jim reports having only a headache.,1
Anna asked Caroline for her pancake recipe. Caroline sent her a photo from her notebook.,0
Tawny is picking earrings for Simone. Tawny asks Simone questions about her preferences.,0
"Cheryl informs Gerald that she won't be able to attend tonight because she's not feeling well, and believes she has the flu, as many others in her office have also caught it. Gerald advises her to stay home",1
This evening Emma will be trying some clothes on. She will attend a wedding this weekend. She is waiting for Tom's parents. She will control her wardrobe in order to see if she can find a suitable outfit.  ,0
Ricky went on a diet. He will have a lunch with Gary.,0
Gene and Drew discuss rescheduling a conversation about a video to after the holidays due to Gene's busy schedule and lack of time to watch it with their husband. They wish each other a Merry Christmas.,1
"Tamara is unable to convince Leon to attend a meeting at the teen's center, so Constanza suggests that Tamara attend the meeting on her own and discuss the issue with Leon later.",1
Greg left his black Acer laptop at the cafe today. John was seen with it by Sienna so he probably picked it up.,0
Victoria quit her job at a corporation. She wants to open her own business.,0
Maria is buying new glasses. Terry and Jenny liked them.,0
Martha will be in Cracow on Thursday morning and will stay there until Friday afternoon.,0
Nick played Red Dead Redemption 2 for 10 hours yesterday and it was the best day of his life.,1
It is July 7th and Cindy is looking forward to Monsta-X's new album. Maria knows that this date has been chosen because of Hwi's birthday. He is Cindy's favourite. Maria has left a message on the band's website. Their new song is already on M-net chart.,0
"Bernie's wife is leaving for a few days. He wants Chris and Marty to come in on Friday after work. Marty is in. Chris has a date night with his wife, but he will try to move it.",0
"Paco welcomes Rose and Paolo to his neatly decorated home, which he admits was mostly done by copying from Ikea catalogs with the help of his graphic designer sister. Rose is impressed, Paolo is curious about Pac",1
Walter and Susan haven't bought dad a Christmas gift yet. They're thinking of giving him a razor or a CD.,0
Sid owes Cam money. He wants to give it back this week. ,0
"Tom is worried that Christie is late for a movie, but Christie explains that she got stuck in traffic due to an accident.",1
Elizabeth will hide a present for Joshua's father under Joshua's bed.,0
"June invites Lena to go to the mall, but Lena declines because she has to work, but agrees to meet up with June for a short time at 5 PM.",1
"Elle is quitting her job due to the unbearable atmosphere in the office, which she attributes to her boss. Emma encourages her to report the incidents to someone else in the company, but Elle says everyone is afraid of the boss. Emma",1
Teresa started learning Spanish two days ago because she will be traveling next week and wants to communicate with the Spanish people. She wants to learn basic words since her experience is that the Spanish people don't speak English.,1
Gabriele sends Tina a photo of a cute dog and Tina expresses her love for it.,1
"Vanessa is trying to take a flight back to New York. Unfortunately, her name wasn't in the airport system and so she's trying to book another plane ticket. Lucas will collect her from the airport.",0
Brianna will buy two tickets for the 30 Billion concert from Jeff.,0
Simon is going to the conference next week with Derek. Alan can't go as he broke a leg in an accident.,0
"Zoe wants to do nothing after work because she's tired and didn't get enough sleep, while Miles suggests they binge watch something together.",1
Kristen shows Ben a photo of a small bedroom and he likes it. She wants to buy it next week and it costs 85.,1
Michael informs Emily that the red light on the generator is blinking because it is running low on fuel and suggests pouring some diesel into it. Emily asks where the diesel can is and Michael tells her it is behind the main door.,1
"Nina and her friends had a great time at the beach, went on excursions, hit the clubs and met cute guys. They are planning on going again in 6 months and Nina wants Theresa to come with them.",1
Bonnie will go to the Mumford and Sons concert with Filly next Saturday.,0
"Mike is happy, because Sam's moved out. Mike and Frank grumble about Brexit. Frank is in dispute with Freda, because she voted for Brexit. Mike will talk to Freda in order to help Frank.",0
A vanilla hand cream is missing from Irene's shipped order. She contacted customer support about it. They will send her a replacement.,0
"Claire is afraid she may be pregnant and Hannah suggests she take a test and go to a doctor, but Claire wants Hannah to come with her and not tell Peter.",1
Lena is on sick leave until Monday because of cold.,0
"Hannah and Sylvia heard of Arbonne cosmetics which is direct selling, but they prefer to go to Rossmann where they can touch and see eveything before they buy it. ",0
"Maya, Natalie and Richard are waiting for someone to be ready for a meeting. Natalie needs 10 more minutes and Richard is in a meeting and will be back soon. Maya is patient and understanding, encouraging them both to take",1
Ann announces to John and Joan that they got a new important contract with Google. It'll permit them to grow by 50%. Ann will explain the details during their stand-up on Monday.,0
"Tom visited the Dumbo museum and enjoyed it, especially the exhibits on subaltern groups and the history of the Brooklyn Bridge. He went in for free with his student card. Mary is happy to hear that he enjoyed it.",1
"Giulia greets Henry with ""good evening"" and he asks why she is being so formal. Giulia responds with a smile, ""just because :)"". Henry is reading ""Lord of the Rings"" and Giulia",1
Ann's coming home. She's very hungry. Jim made some pasta and salad.,0
Ann applied for postgraduate studies. Ann wants to apply for a paid internship to gain experience. Ann is ready to cut back on things for a couple of months.,0
Billie is panicking about what he will tell Nino when he meets him tomorrow. Toby believes he's exaggerating. ,0
Gemma and Timmy are discussing the guests for a party. Gemma mentions that Lona and Michelle will be attending with their significant others. Timmy expresses disappointment that there will be no guys at the party. Gemma suggests inviting,1
"Sofia informs Robert that her sister is arriving in the evening and does not speak English, so Robert, who is at home and did not go to the university, will have to communicate with her in Spanish.",1
Don and Conor are going to watch the Riders' game together as Don's father is not going.,0
"Julia, Alex Rafferty and Natalie Simpson will not be joining Aurore in the game. Instead they will play board games next door and join them afterwards. ",0
Joe wants their basement cleared up. Chris suggests burning the basement down and rebuilding it.,0
"Olivia is upset because she missed a math test that was announced on Monday and took place yesterday, and she didn't know about it until now. Iris and Pandora try to console her and suggest that she talk to the teacher.",1
Jake and Denis had a conversation about Jake's drunken state at a party the previous evening. Jake had no memory of the party after midnight and Denis joked that he got drunk after exhausting dancing and having one shot that was too,1
"Kyle wants to order medication online, but as he has a prescription he needs to show up in person.",0
"Robert needs Lucy to bring in new job candidates, but they have all left. Robert is frustrated and wonders why. Lucy explains that one had another interview and the others got tired of waiting. Robert realizes he may have been too long with his",1
Noah was questioned as a witness and media accuse him of rape. He's going to his summer house. His lawyer will take care of all the things.,0
Tyler informs Bonnie that their family dinner has been postponed because their parents' car has broken down and they are stranded.,1
Andy is dressing up as the Incredible Hulk for the party tonight. Alison is dressing up as a witch.,0
Hiro informs Nel that they are finished with work and will be returning home.,1
"Ryan is unable to attend the event due to taking his dog to the vet, and his friends express concern for the dog's health and offer support.",1
"Regina likes to read books, watch TV series and embroider in her free time. Eric finds the latter unusual. Regina finds it relaxing. Regina bought a finger pad after making the first few embroideries. ",0
"Faith took Jude's wallet with her credit card, which Jude needs to pay bills, causing Jude to worry about not being able to find it.",1
"Kelsey and Saige went to a meeting last night. It was midweek. There were around 10 people there, who were mainly talking to each other. Missy is planning a birthday party.",0
Ioanna starts a new work today.,0
"Jason shares a video of a dog singing Rihanna with Walt, who responds with a cat video.",1
Bob and Nancy are moving to Spain and their friends wish them luck and congratulate them on their new adventure. They also invite them to visit and express excitement about hearing about their experiences.,1
Diana reminds Tommy about his father's birthday and asks if he and his brother got him a gift. Tommy reveals that Jack bought a Beatles collection with the money Diana gave him. Diana bought ties as a gift for her father. Tommy discusses,1
"Nancy and Carlos have a playful conversation about their relationship, discussing their attraction to each other and the obstacle of Nancy's uncle, who disapproves of her dating a Mexican man. Nancy assures Carlos that they will talk about their future",1
Tony's business will be affected by Brexit and both her and Gloria will never understand why people voted for it. It will also affect Tony's holiday plans. Gloria can hardly meet any British tourists in Mexico. Tony thinks the second referendum is an option.,0
Ruth asks Janet if she can drive her to Steph's birthday party and offers to drive Janet to her own birthday party if Janet drives Ruth to the party. Ruth also mentions that she will change her privacy settings on her pictures so,1
Natalie is packing for a trip. Chris advises Natalie to pack thermoactive clothes and a good sleeping bag. He advises not to take too many things.,0
"The group is discussing whether or not to hire a man with a great resume, but they are not excited about him and feel like they have no other options. Jane suggests they take him because they need someone by February 1st, and Steve agrees",1
"Maria wants to know if John is feeling well after yesterday's party. He was drunk but was not saying anything bad, or at least untrue according to Maria.",0
"Lee is excited about his new Razer Blackwidow keyboard, but it takes some time to get used to the mechanical switches. Archie is not a big fan of Razer and prefers Logitech peripherals, but he",1
Ingrid is looking for her cat. Gary saw him this morning.,0
Nick found some bugs in the file that need to be eliminated. Bart is attending management meeting at 10.  Bart will book the conference room for his meeting with Nick tomorrow around 8:45.,0
Ann offers to bring the key to Studio 2 and Sissy asks who is in the studio today.,1
"Tessy is going to Cuba for 5 weeks. She's staying in airbnb. Tessy is worried about the Internet connection, because her boss might contact her anytime. Harry wants to go to Israel for skiing holiday during Christmas. Tessy and Harry are going to meet in January.",0
"Rachel suggests that Elsie ask her father for dinner options and encourages her to try something different, like a salad, instead of pizza.",1
Tom is thinking of getting a new car. Long-term rental may be a good option for him.,0
"Isa suggests taking the subway to Alonso Penha station and walking for 20 minutes to Tom's place. They can meet at the station and walk together. The party starts at 9, and they can meet at 8:",1
Ala had her brother over for a weekend. They went to Museum of Polish Vodka.,0
"Sasha suggests getting George's father a new wallet for his birthday, and they discuss the price and design options. George ultimately decides to buy a brown leather wallet for $150, and Sasha agrees to meet him later to exchange the",1
"Alex tells Sofia that Lucy is pregnant with Louis from the project development department, which Sofia finds hard to believe.",1
"Misty thinks any march is ok if it has a purpose and is done right. Ben admires his friend's bravery as she's a wheelchair user. Rebecca would never take part in such a thing. Rebecca, Misty and Ben want to meet up on Wednesday.",0
Brad and Claudia met at the conference. Brad liked Claudia's presentation and wants to know the sources she used. ,0
"Martha's hen party in Rome was amazing, filled with pizza, wine, sightseeing, and partying. She and the girls invented some embarrassing games to play in front of strangers. Julie is excited to hear all about it and they",1
"Jeremy is unable to log into his work account and has been experiencing problems with it for some time. John suggests that Jeremy check his login and password, but Jeremy is sure that they are correct. John suggests that Jeremy contact tech support for assistance. Jeremy",1
"Karin, Cheryl, Jennifer, Kevin and Ann are attending a conference which starts in an hour. Jennifer is going to be late. Everybody is going to wait for her at the Marriott hotel and eat something together. Cheryl is already at the hotel working at the registration.",0
"Sylvia reminds Howard to take his vit D, Glucophage, and heart pill, and have breakfast, as it is his day off from diabetes, despite him not wanting to take the pills or have breakfast.",1
"Deborah recommends the newest ""Sparks"" to Kelsey.",0
"Kim and Bruce are discussing Bruce's hangover, which he admits to having after drinking too much with work colleagues. Kim teases him about his company's productivity being affected, and they both laugh.",1
"Pauline is planning a baby shower and her fiance's 30th birthday, and needs to buy alcohol for the party. Matthew suggests ""Alcohol Paradise"" as the liquor store and teases Pauline about her fiance",1
Clara confirms with her mother Robin that she is coming to visit tomorrow and Robin asks Clara to pick her up from the train station.,1
Nick's and Jame's children Kai and Lilly are going to the forest on Friday. They'll need waterproofs and wellies and they will probably have lunch before they go.,0
"Ella and Frank catch up and discuss Ella's recent illness, which she attributes to a stomach bug and an imbalance in her gut flora. She plans to change her diet and increase her supplement intake, but Frank advises her",1
"Kate, Ian, and Morris are on a train to Bangkok and have one additional day there. Kate wants to visit the Jim Thompson House on the last day, and Ian recommends it as an absolute must. They are not extremely happy about",1
The favourite colour of Ali and Grace is white.,0
"Carly's dog, Molly, has settled in and is getting along well with her new mate Luna. The weather is still bad, but they are hopeful for a car boot sale tomorrow. Carly has prepared Lennon's",1
Bonnie is drinking at Marco's bar with Lola and Abbie. Kyle will come to collect her.,0
Nora will ask her hairdresser if she should get bangs.,0
Barbara should buy it. She could also buy red shoes.,0
"Ramona is on holiday in Venice now. Fabian was on Erasmus in Padova, but visited Venice several times. Fabian recommends a pizza place in Venice at Ramona's request. It's raining.",0
"Octavia recommends buying crochet supplies online from Mila's Crochet, which has good deals, and reveals that they are currently staying on the west side.",1
"Drew and Alan are discussing the status of a real estate deal and the possibility of the other offer being chosen over theirs. They believe their offer is better due to waiving the home inspection and offering a short closing, but the condition of the",1
The roads are blocked. Ava and jordon don't yet know why.,0
Michael is looking for a good fish shop. Kate usually buys fresh fish at markets.,0
"Frank and Suzanne are discussing their favorite TV show, Black Mirror, and Suzanne recommends other shows on Netflix such as Stranger Things and Dark for Frank to watch once he finishes Black Mirror.",1
Yanny informs Amelia that the new fan installed in their house has been effective in eliminating condensation. Amelia expresses her happiness and asks for details about how it works. Yanny explains that it pushes dry air into the,1
"Dean invites Laura to have dinner with him, but Laura declines because she promised her mother to help her tonight.",1
William was at the awful and unpleasant meeting in the office. David is looking for a new job. They both don't feel well with the present situation.,0
"Natalie will probably spend her birthday with her family, going out for dinner. Nothing big this year as Gustav can't join in.",0
"Peter, Pip and Jill are going to a festival together. They're going to meet up in a restaurant XYZ next to the railway station.",0
Matthias and Mary are traveling on the highway to Baltimore and expect to arrive in 2 hours. Jeff wants to be updated about their progress.,1
"Kaylee bought a Groupon for a spa day for the group, which they all agreed would be a nice break from school.",1
Waze is consuming batteries really fast.,0
Dylan is free on Tuesdays because the school where he works as a teacher is having holiday. Dylan mainly teaches business English at schools and private companies.,0
"John and Ava have a disagreement about the popularity of ECON 231, with John stating that no one wants it and Ava expressing interest. Kenzie also joins the conversation and expresses her disinterest in the",1
Fleur congratulates Damon on his promotion and encourages him to consider giving the job more time before deciding to quit.,1
"Martin and his wife are going to Oslo for Christmas. Tony is visiting parents, and can't go.",0
Janet's parents are getting divorced and she had to be in court yesterday. Her parents testified and her father accused her mother of breaking into his email and writing false emails. The judge said it was an absurd claim. Janet is,1
Maverick and Marcus plan to have a Skype call at 9pm.,1
"Jeremy, Jake and Joselyn won't have classes because professor Xavier broke his leg and is absent.",0
Jennifer and Jessica are excited for the party and are looking forward to it.,1
"Leslie, Jackie, Mike, Lucy and Josh are meeting at Leslie's place at 6. Jackie made a salad. Lucy tired to make a cake, but it didn't go well.  Mike, Lucy and Josh don't consider themselves good cooks. ",0
"Patrick and Pearl have a conversation about her relationship with an ""asshole"" who treats her poorly but also shows her affection when he needs her. Patrick tries to convince Pearl to value herself more and to find a respectful guy who treats her right,",1
"Sally and Edie had a pleasant conversation, in which Sally invited Edie to visit them more often and Edie promised to do so whenever she is in the neighbourhood. They also exchanged some friendly words of caution and farewell.",1
Mr. Smith yelled at Takashi who doesn't speak perfect English. Lona and Nat recon Mr. Smith had a bad day. ,0
"Mateos expresses his wish to live in a neighborhood with his friends in the future, while Connor reassures him that their journey is just beginning and they will reunite in the future.",1
Sandy discovered Chromatics on Spotify and shares their music with Luise and Ray.,0
Mackenzie bought her dad a Stan Getz CD. She advises Jack to buy him a fondue set.,0
Peter wants to buy a pink shirt and is considering dusty rose as the shade. Sam thinks it would go well with his complexion and Jacob agrees.,1
"Megan requests her therband from Victoria, who confirms that she will bring it to the studio tomorrow at 17:00 and on Wednesday at 19:30 class.",1
Alice is watching Dexter. Alex has seen all episodes.,0
Don is at the bar. Sandy wants G&T. Sharky wants a pint of Kronenberg. Wesley and Jeff want doombar.,0
"Marlene showed Torry a new companion about Jewish history in the library, but Torry didn't see it because he only looks at physical books. Kim mentioned that it's worth looking at new ebooks as well. Marlene took a",1
Ben and Will are stuck in the traffic.,0
Nick stops by to say hi to Harriett and updates her on his short holiday in London. Harriett is happy for him but wishes she was there instead. They discuss Nick's PhD progress and his upcoming defense. Harriett updates,1
"Robin asks Blake for directions to a grocery store, which Blake responds by saying it's just around the corner, past a pharmacy.",1
Jim will create two deadline alerts: one for the selection of the topic and one for posting an article on the blog. He will also make editable notes of both and share them with everyone.,0
There is a conflict between Japan and Russia about Kuril Islands.,0
Paul is not sure if he's going to Rome or not.,0
"Martin and Meg are discussing the latest episode of a TV show, and how surprising and amazing it was that a character who was thought to be dead returned. They both agree that anything is possible in TV, including bringing characters back to life.",1
"Peter is ordering food from Curry Heaven for himself, Susan, Mark, Mike, and an unknown person. Susan wants chicken tikka masala with garlic, Mark wants paneer with mushrooms and peas, Mike wants corn soup and t",1
Preston convinces Dominick to attend extra knitting lessons by promising to take calming herbs and making pick-up sticks out of the needles if they can't do it.,1
"Daria is having a toxic job and complains about it to her friends Bob and Freddy. Bob suggests she should tell her coworkers to ""suck it"" while Freddy offers to help her find a new job.",1
Martin arrives in 5 minutes.,1
Baldwin is looking for his favourite mug. It's not in the dishwasher.,0
Owen will not be able to watch Ben10 with Taylor tonight because he will not be at home.,1
"Paul is struggling to assemble new IKEA furniture and considers his life a nightmare. Lenny offers to lend him a drill-driver and help with the assembly, saving Paul a lot of trouble.",1
Ben proposed to Katie. He is trying to keep it a secret for a while. He will talk to Donna later.,0
"Laura and Alex are meeting for a Pokemon raid at 5pm under the clock at Central Station. They are both playing Ingress and are on the same team, Purple. They plan to team up and paint the town purple while they'",1
Jimena and Mason are having a conversation about the cold weather. Jimena decides to stay at home and cook something while Mason also decides to stay inside. They agree to go outside when the weather gets warmer.,1
Debbie is excited to make cookies for the first time and Hans encourages her to have fun.,1
Keith learnt from Suji that the lecture room was switched from 102 to 210.,0
"Gina suggests an intervention for David, who has been drinking since his girlfriend broke up with him. Bridget is not convinced and believes that people don't magically change after an intervention. Jimmy is in favor of the intervention, while Jeffrey",1
Karen needs film recommendations ASAP. Charles watches series only. Anne sucks at comedies but will help with a good drama.,0
Zoey is going to buy a PlayStation Network gift card for Jeff. Emmanuel recommended it.,0
"Roman is excited to hear that Steven is organizing a high school meeting after 15 years, but he is unsure if Mr. Watkins will attend and wonders if Steven has contacted him. Anna assures him that Mr. Watkins",1
"Brad and Angelina are excited to play musical instruments and discuss their preferences, with Brad favoring the ukulele and xylophone, and Angelina the guitar and harp, and also talk about the cost of the hang drum, which",1
Gabi got a job in Seoul but has a problem finding a good place to stay. Herra will take a look at an offer Gabi sent her.,0
Adela went shopping and will be home soon. Jo is looking after the kids and Nan will pick them up at 5. Dexter reminds Adela to sign Meg's permission slip and give Kyle his medicine. Adela teases,1
Miah finished her project. Charlie and Miah will meet on Thursday at 7. Charlie will go to the gym before the meeting. ,0
"Nina is not prepared for the office party and suggests getting a catering company, while Alex decides to make a vegan ginger bread cake and a salad for the party.",1
"Eleonor, Tasha and Betty agree to meet up in the French place next Sunday. Patricia can't come as the meeting collides with her mother-in-law's birthday.",0
Matt is attending a Spanish course and he likes it. Alex studied Spanish has stopped this year because he is too busy with work. Alex and Matt plan to meet this weekend and Matt will call the others to join them.,0
"Heather, Linda, Joan and John will meet in the silver room in 15 minutes to discuss the work on finishing the project.",0
"Robyn informs Felix that she needs to leave at 5:30 and will be back around 11, and Felix responds that he will be home around 6.",1
"Mike and Jason are discussing their plans for Valentine's Day. Mike is not excited about the holiday, while Jason is planning to watch fireworks and have some wine. Mike is leaving for four days to spend time in a wooden hut in the",1
"The group advises Matt to try Tinder, dating websites, and socializing more to meet potential partners. They also suggest that Matt improve his appearance and expand his hobbies to attract more women.",1
"Cinthia is grounded because she didn't take care of her sister while she was out, and her sister got burned with milk.",1
"Anabel suggests that Malaki use foundation from his mother or sister to cover spots, but Malaki reveals that his mother's foundation is not his color and his sister doesn't use it. Anabel suggests that Malaki try using it with",1
"Peter is probably seeing John and the guys today for some pizza, beer and board games. Peter will let John know if he will come.  ",0
"Lavy congratulates Tasha and everyone is proud of her, Tasha thanks Lavy and reminds her that God is first, Lavy agrees and wishes her well.",1
"Jordan is excited because Chris has invited her on a date, which she has been waiting for a year. The date is on Saturday and Chris wants her to wear comfortable clothing and no high heels.",1
"Jennifer is angry with Melanie. Melanie says it wasn't her fault, but Jennifer does not believe her.",0
Suzie is upset about her cats ruining her new couch. ,0
"Anfisa from Russia, the gold digger from ""90 day fiancé"", has got her own YT channel. Sophie finds it quite boring.",0
"Daniel inquired about available slots for a workout, but David could only offer time slots on Thursday at 6pm or Friday at 5pm, which Daniel was unable to attend due to work. David suggested the weekend, and Daniel agreed to",1
"Jay asks Phil if he has any stuff and how much he needs, and Phil responds that he has it and that it's cash only.",1
"Joanna suggests meeting tomorrow, but Isaac and Yasmin cannot make it, so they arrange to meet next week.",1
"Lena bought a new t-shit but she thinks she won't wear it. Nina may take it, but she needs to try it out first.",0
Maria shares too much on Facebook which bothers Nicholas. Her last post was about her love life. Diane talked to her about that before. Nicholas is getting messages from their common friends that laugh at her and gossip. Diane will talk to her again over a coffee.,0
"Holly will print all 3 files, she received from Jasper, as soon as he sends over a signed paper.",0
"Seth and Robin argue about Robin's behavior towards Seth's friends from work, with Robin defending herself and Seth accusing her of being childish and ridiculous.",1
Lilly and Olivia catch up on their lives and discuss Bill's recent emergency eye surgery due to retina displacement. Bill is recovering slowly and has to avoid alcohol for six months. Lilly and Olivia send their love to Bill,1
Ian and Kevin's brother want to buy tickets from Ursula for Kevin Hart.,0
"Mia, Marcus, and Madeline are all lazy and staying in bed on a Sunday.",1
Dorothy tells Lily that Ron messaged her after a previous embarrassing message. They make fun of Ron being drunk.,0
"Tonia and Carol are discussing their travels in Cuba. Tonia finds the country to be poor and hard living conditions, while Carol compares it to their black folk back home. They also discuss the noise levels and party culture in Cuba, which Carol",1
"The group has decided to meet at Starbucks at W 45th St, next to Time Square at 7am to discuss a project. Mark won't be able to make it on time due to his sick son, but he",1
"Marcel, Ella and Cheryl like listening to minimalist classical music while working. Marcel will try Steve Reich music.",0
Ethan and Vera are excited to see each other next week and are already missing each other.,1
"Olga excitedly tells Anna that her aunt Rosie, who has been living in Austria, is coming back to visit them in a week and getting married.",1
"John is confused about an assignment and asks Mary which part they have to do, to which Mary responds with a range of numbers. John expresses his confusion about certain parts of the assignment that do not seem to fit, stating that they were not",1
"""Infinity War"" is a great film.",0
"James was surprised to find an email he sent to himself marked as spam, while Michael finds it amusing how technology continues to amaze people and how some use it for personal enhancement while space exploration progresses slowly.",1
"Ted, Gloria and Frank are having a typology test tomorrow.",0
Josh has been to a concert of Acid Monkeys. Trish doesn't know them so he sent her a link to listen to. ,0
Taylor graduated from Ag but did not get accepted to vetmed. He is planning to work or study for a couple of years. ,0
"Louise is looking to leave her job at Marks & Spencer and is asking Sylvia for a copy of her resignation letter. Sylvia sends her the letter and shares that she is also happy with her new job at The Body Shop, which has",1
"Steven and Betty discuss the dangers of cancer and how everything seems to cause it. Steven argues that life causes death and that it's too short to get paranoid over everything, while Betty suggests avoiding additional risks if possible.",1
"Peter and Mary-Jane have a conversation about their sexual fantasies, with Mary-Jane expressing frustration that no one has yet understood her fantasies, and Peter sharing that he also has fantasies that are not understood.",1
"Ava asks Michelle when her lecture starts, Michelle replies that it is in two hours time, Amelia reminds Ava not to be late and Ava responds that she will try.",1
"Joan and Miley are discussing Miley's hometown, Waterbury, Connecticut. Joan mistakenly thinks Miley is from Nebraska, but Miley clarifies that she is from Connecticut. Joan reveals that she had a boyfriend from",1
Will will bring Iona some water.,0
"Dave has a lot of work with the report. Sharon requires it to be done by tomorrow as the clients want to deal with it quickly. Sharon can't write the conclusion of the report, as her hairdresser is coming over, so that she looks good at the meeting tomorrow.",0
test,0
Aurora has a new haircut.,0
Fai and Larry will meet tomorrow before noon at the skatepark. They will make videos for the clip. ,0
Ethan wishes Elsie a happy birthday.,1
Victoria's stressed and it's her turn.,0
"The buses in the area are experiencing changes, including route changes and an increase in prices, which will take effect on the 11th.",1
"Gregg tells Max that he saw his crush at the university and Max reacts with excitement, but still hasn't talked to her, waiting for the perfect moment.",1
Alex will go to a workshop on homemade cosmetics with Nathalie. The entrance costs 15.,0
Robin and Brewster are staying for the weekend.,0
"Liz's booked a stay in Laurien in Buxton's cottage starting from Monday. Laurien in Buxton'll share the exact location of the cottage by WhatsApp. The cottage is located 3,6 miles away from the local pub. Once in the pub, Liz should mention Oldhagsboards to the publican to obtain precise directions.",0
David has bought a pair of sneakers because he wants to stay fit. He also bought a Ralph Lauren jacket as a present for Sandy.,0
"Les and Sue are discussing Les' father's health, with Sue informing Les that he is still undergoing tests and that a visit on Saturday may be possible.",1
"Bobby asks Jasmine to go out to the cinema tonight. She rejects his proposition, she has already set up a meeting with an old friend.",0
"Michael provided the correct answers to the photo identification task, with Josh having the least points lost (-2%) and Ray having the most points lost (-8%). The key used for identification was incorrect, resulting in a loss of 2% for each",1
"Aaron and Shirl discuss their experiences with shopping and line-waiting, specifically at the mall to see Santa. They remember it being a nightmare for Aaron and a fun time for Shirl, who claims to have done it at a bar last",1
"Sophie advises Gwen to cut sugar and tells her that she is proud of her for giving up cow milk, which Sophie believes is due to lactose intolerance. Gwen is happy with the results after three weeks and Sophie is pleased",1
Eric will pick Eve from College Green.,0
"Darrell has moved to Lublanska. He spends over 2.5 h commuting, so he should get a new car. Now he and Heidi work close to each other. They'll have a lunch together at 12:30.",0
"The conversation is about the two marches happening in the city, one led by the government and the other by hundred-percenters. The group discusses the dangers of the march and the fact that many participants do not understand the slogans",1
Jake's apartment was burglarized. The TV and the computer were stolen. The computer contains confidential files. The police says they probably won't find the stolen objects. Jake is scared.,0
"Emma's train was delayed 110 minutes, so she decided not to go today. She will take an early train and arrive in the morning. ",0
"Matthew has a training on Saturday at Anne German 15 street, but the exact location is yet to be confirmed and will be finalized tomorrow.",1
"Miles needs a mechanic's help with the automatic transition in his car. Josh knows a good mechanic, who works at AllForCars in the city center.",0
"Anna is in a gift frenzy two days before Christmas, while Julie had all her presents ready a month ago. Anna's husband Mike has a different strategy, which is to go on a mall-crawl the day before Christmas",1
"Marta is excited to show Eli pictures of snow in Satle, but Eli is skeptical and thinks it's too early for snow in October.",1
"Lily will order Dixit extension for a present, and she and Grace will split the payment in half.",0
John is complaining about his boss treating him like a child and not having any support from others. Cassandra suggests ignoring him and trying to focus on the task at hand. John is struggling with homework and asks Cassandra for help. Cassandra offers to,1
"Ruth and Linda are planning a dinner date for Friday 12th. Ruth informs Linda that Sammy, her partner, doesn't eat red meat and has a haircut appointment and a wedding to attend on Saturday. Linda offers to cook",1
"Robert consoles Julia who is feeling better but still has a fever, as her rash is disappearing and she hopes to be fine in a few days.",1
Olivia informs Lilly that she's running late due to problems with diarrhea and Lily is not ok with it as she's freezing and wondering what she's going to tell Josh.,0
Ed Sheeran tickets are sold out as Sara reports.,0
Monica won't come to work today as she needs to take her ill son to the doctor. ,0
Harvey won't eat lunch with Darcie as he's got business lunch at 1. ,0
"Ron did not come to a gang night. Ron was busy, because he met in the mall the brunette with big eyes that he remembered from the club.",0
"Charity's sending Gilberto selfies, he wants more.",0
Mona asks Nel if he is back and Nel responds that he is. Mona expresses excitement and they plan to meet on Monday at 6 PM.,1
Rachel created a spreadsheet for voting on which day the GDPR training should be held.,0
"Teddy, Ann, Sean, and Laura are planning a trip to Pisa and Saturnia on February 6th. They are renting a car and going to the hot springs. They want to avoid crowds and are thinking of going",1
"Béatrice spent the afternoon with their mother, who asked to go back home but didn't remember anything. Béatrice talked to a woman named Angie about the cleaning and was informed that it is done every 2 days for the room",1
"Jasmine is popular at school probably because she is confident and friendly. Sophie is beautiful, but if she was nicer, then maybe George would notice her.",0
"Fanny asked Felix if he signed the petition for the animal shelter on their street, and Felix replied that he didn't have time yet, but he will sign it later.",1
"Sheryl, who is studying psychology in her 3rd year at a university in Scotland, shares her experiences of studying abroad, including the challenges of adapting to a new language and culture, the interesting topics covered in her course, and the",1
"Ashley recommends a book to her friends, but Marcus and Seamus are skeptical about its life-changing qualities. Erin is intrigued and asks if it's a Coelho book. Ashley clarifies that",1
Samantha and Bianca are planning to go shopping for jeans at 4pm.,1
Kelly informs Jean that Matt is leaving for China on Tuesday and there's a wedding on Saturday that they were supposed to do together. Jean asks if she can go as Kelly's plus one and they both agree to go to the wedding.,1
"Dean wants to see a movie with his girlfriend Rory, but she's studying hard for her exams. He's angry with Rory for focusing just on her study and not him, and they argue. ",0
Nicole took in a puppy and named it Sassy. According to the previous owner he is going to be medium big. Frank will come and see Nicole's puppy tomorrow.,0
"Ruth's mom can't drive Ruth and Janet to Steph's birthday. Janet can't see Ruth's Italy pictures due to privacy settings. Ruth made them so on purpose, but will change them for Janet on Monday.",0
"George, Emmanuel, Maria, and Jean are discussing their upcoming trip to Sapo National Park. They are excited to leave and can't wait to go, but they are unsure of when they will return. George asks if they have",1
Jenny and Lucy are going to a Chinese restaurant to eat. They do not need to book a table. Lucy will be at Jenny's in 15 minutes.,0
Maya is going to wait for Natalie and Richard as long as it'll take.,0
Marsha will pick up he child from the nursery in a taxi and Kate will pay her back. Marsha doesn't have a credit card so cannot use Uber. Tommy finds it strange. ,0
"The group is discussing a picture of Karen at her 5th anniversary dinner, with Jennifer and Abigail commenting on how they wouldn't recognize her if they saw her in the street. They ask where she bought the dress, with Meg",1
"Elvire and Antonia are discussing the upcoming PTO meeting and the math teacher they want to confront about his teaching methods. Elvire suggests approaching the teacher and expressing the difficulties that students and parents have in understanding his teaching, while Anton",1
Josh believes that Kosovo will unite with Albania. Ismail thinks it would destabilize the Balkans. ,0
Judith asked Abel to give Suzie a ride to the sports center at 6:30 PM and Abel agreed.,1
"Maria and Toby discuss their Christmas plans, with Maria expressing her reluctance to go to Toby's parents' house again due to her previous negative experience. Toby suggests they go there, but Maria proposes they separate for Christmas so",1
"Tara, Lia, Sara, and Tom are discussing ordering burgers from Off the Hook using Deliveroo.",1
Laurie will help Damon to make an Anduin armor tomorrow at 5 pm. She is good at carving lion faces. Marilyn will drop by after she runs her errands.,0
Bonnie needed to stay at home. Ryan won't wait for her.,0
"Jack accidentally deleted a file and Ian, feeling annoyed, fixes the mistake.",1
Karen suggests to Avi that they play a story-telling game and they make up they story.,0
"Kian invites David to join a group of guys ordering pizza, but David won't be home until later. Kian offers to order for him, and David accepts any type of pizza. David estimates he will be home around 10",1
"Daria is whining about her job. Daria doesn't feel good in the workplace, because other girls hate her. Freddy will ask in his company if they need someone new.",0
Logan likes Daisy's dress and doesn't think it looks like a bathrobe.,0
It's snowing. Alex is unhappy with the quantity of snow. ,0
George and Arthur are going to Greece for holidays for 2 weeks.,0
Frank is helping Anna choose the outfit for tonight's visit at the theatre. ,0
Max will make a volcano for his school project. Jerry hasn't figured it out yet.,0
Fernandez has an exam tomorrow and can't go with Ian to Swan River for Christmas. He will take the Greyhound bus later and they will return to Winnipeg together.,0
Peter will buy a coke in glass bottle on Max's request.,0
Peter will post the questions and answers from yesterday's exam on Facebook. ,0
Kate changed her working hours to 11-19 and is happy about it. She also agrees to talk to Tom's boss about changing his working hours. They plan to celebrate their success by going to an Italian restaurant at 9pm,1
James' ex is on Channel 4 now.,0
"Chris and Faye discuss Faye's appearance in a certain color, with Chris expressing concern and Faye revealing that she doesn't have a mirror to check her look.",1
Noah bought shoes for $100. Andy saw them cheaper online.,0
The group is discussing an apartment they are interested in and the cost of electricity. They decide to call for an estimate and book a tour of the apartment for Thursday. The electricity costs $100/month with a $500 deposit.,1
Susan wants Andy to visit her next week and promises to prepare Andy's favorite chicken. Susan wants Andy to come with his girlfriend. Andy will consider Susan's requests.,0
Elizabeth found a flight to Mallorca in February. The round-trip ticket costs 30 dollars. Tom is looking for something cheap on airbnb. ,0
"Connor will not attend the meeting, he has to rest. Isaiah never wanted to go.",0
Elvire is going to the next PTO to talk to her son's math teacher because she doesn't approve of his teaching methods. Antonia plans to go with her and support her cause. They’ll meet at 4:45 PM.,0
"Aria has just run into Charlie Evans. He is now married, with two daughters, and a family business. She has also met Cooper Roy from high school. She used to have a crush on him, now she almost didn't recognise him. Maverick and Aria miss the old times and think the world has changed for the worse.",0
Jools lost his tooth and is feeling odd with a huge hole in his mouth. He took some pills and his head hurts. Kim suggests that he will be better soon and can't eat or drink anything hot. Jools is going to,1
Brandon and Sheila want to see New Queen movie. Sheila wants to go out as a group to prevent her mum freaking out. Brandon will ask Kayla and Brent to join them.,0
Sophia expresses her dissatisfaction with the length of their marriage while Mason appears uninterested in the conversation.,1
Jean and Brigitte are unhappy with the results of the referendum. The turnout was 80.63% with 43.60% of votes being yes.,0
Grace needs Gaby's help. ,0
Ron will throw the garbage away when he comes home.,0
Sam will be 30 minutes late. Sandra and Staś will start without Sam.,0
Aubrey had the best pizza they've ever had at a place near the national museum and they want to go there with Chris and Corina next week.,1
"Mel, Monica, Eva, and Alex are planning to meet up on Sunday at 4pm at Mel's place. Alex has agreed to take care of the kids.",1
There was a math test yesterday. Olivia didn't know because she was sick. The teacher announced it on Monday. ,0
Gemma has trouble breathing. She has already seen her General Practitioner in order to get a referral to a laryngologist.,0
Kate excitedly shows Patricia a photo of invitations she designed and Patricia compliments her work. Kate reveals that she consulted with her graphic design lecturer and Patricia praises her efforts. They discuss the upcoming trip to,1
"Joan agrees to drop Johnny's packed lunch at school, despite being late for a meeting.",1
"Frederick and Magdalene are coming to the cocktail party this Sunday. Josephine doesn't know yet, because Jamie is sick. Magdalene can give someone a lift.",0
Vanessa is having trouble getting a flight back home due to a mix-up at the airport. Lucas helps her book a flight to New York that leaves at 9:45 p.m. and arrives at 3:30 a,1
"Jeffrey demands his money back from Tony, accusing him of not returning the money he lent him last summer, while Tony denies any knowledge of such an incident and Jeffrey threatens to tell Kim about a supposed kissing incident involving her",1
Eva and Jim are discussing a meeting with clients at 11 am. Jim confirms that he has prepared the presentation.,1
"Len tells Paul about the cover story he shared with Paul's partner, and advises him to call her. Paul is very grateful for that.",0
"Carrie and Kylie are chatting about their day, with Kylie listening to BTS and Carrie expressing her love for the band. They plan to meet up at tennis the next day.",1
Sally won't be able to meet Anna on Monday because her mother fainted and is now in hospital. Anna will probably come in December.   ,0
Joan will be there in 10 minutes. Simon is waiting.,0
"Helen invites Jessica to play tennis with her and Patricia outside, and Jessica agrees to come despite being bored.",1
Jean's phone is broken. She needs a new one.,0
Sean is annoyed with Brexit. Sean has many clients from the Republic and is worried about how the new border will affect his shop. The Brexit agreement is on the way. Ann predicts many people won't be satisfied with it.,0
Carrie started to watch Running Man. She watched 3 episodes in a row yesterday. Carrie and Andy like the cast and think that Running Man is amusing.,0
"Josh is coming back from a concert featuring Acid Monkeys, a new band in town that plays a mix of jazz, hip hop, and hard rock. Trish has never heard of them and is skeptical, but Josh assures her",1
"Mike asks Zelda to come over and get some apples as they picked too many, and Zelda suggests making applesauce with them.",1
Larry informs Jerry that training starts at 6:30 tomorrow and assures him that there were issues with the website that are now being resolved.,1
"The group is discussing the use of voice recognition on android phones, with Malcolm sharing his experience with Siri and Ann expressing her love for it. Leroy is having trouble getting his Pixel 2 phone to recognize his voice and is",1
"Noah invites Ron to join a basketball practice on Saturday from 8 am to 12 pm, and Ron accepts.",1
"Monica will be at Charles' place in 10 minutes and she is stuffed to the brim. Charles doesn't want any ice-cream, he'll eat something else.",0
"Hugh and Scarlett are having a conversation about their relationship, with Scarlett expressing her regret that they are having this conversation and Hugh expressing his inability to continue the relationship. Scarlett suggests therapy as a potential solution, but Hugh is ske",1
Tess and Shannon had a wonderful Valentine's day as an official couple. Tess received a dozen red roses at work and John bought flowers and took Shannon out to eat.,1
"Natalie got into UofT for biochem and Carleton for biomed and both with scholarship, which makes Mom proud of her. They'll celebrate it with champagne this evening.",0
Chris and Jane will come over to Maggie to celebrate New Year’s Eve.,0
Roman wants to learn more about the keto diet and meets Bert at the gym to discuss it.,1
This guy wants to exchange Chris's Crash Bandicoot for another game. Ronald will help Chris decide which to choose when he knows what is offered.,0
They are going to meet at 5 pm at John's place to watch a game.,0
Anna and Grace will meet with their friends for some drinks on Saturday.,0
"Telma offers to buy some cheddar and blueberries for Amy and Tom at Tesco, despite Amy's previous statement that they are not good there.",1
"Mae likes Jamie's suggestion ""Salty Tuber"" as a name for her yt channel.",0
"Linn is cooking spaghetti carbonara according to a real Italian recipe and shows a photo of the ingredients to Zoe, who is excited and hungry for the dish.",1
"Regina enjoys reading, binge-watching TV series, and embroidery, which she finds relaxing despite the initial frustration. She buys a finger pad after pinching herself while embroidering. Eric is intrig",1
Jack stopped watching Bojack because it became annoying. Kevin is hangover and he needs to shower.,0
"Wendy is scared of what is going to happen tomorrow. If all is well, Wendy will be out of the hospital on Saturday.",0
Warren offers Raphael to go and see Ben's band tonight. Raphael refuses as his own band is playing at the German-American club this evening. It's the 4th time they'll be playing 5 or 6 of their songs there.,0
Josh wants to propose to his girlfriend next month. It's their third anniversary. Monica will get the right ring measure for him this weekend.,0
Patricia wants Niall to check if she turned off the heater. Niall is doing some overtime work.,0
"Mariah has her homework to do, so she cannot go for drinks with Joshua and Ralph.",0
"Owen is buying beer. Jenna wants Coors, Noah Peroni.",0
Ellie didn't have time to study because she went shopping with her mother and got a new skirt she will wear to school tomorrow. Sara is worried she might be grounded because of her poor grades.,0
Ric will let Sonia copy Doctor Who season 8 and 9. Sonia may come over to Ric's place to watch movies.,0
"Martha is buying popcorn and is late for the movie, causing Carl to become anxious.",1
Uncle Pete needs the new number to Rachel's father. Uncle Pete and his wife will visit Rachel's family.,0
"Tina successfully retrieved Holly's philosophy books from her friend, despite Holly's inability to attend in person due to illness.",1
"The group decides to meet up at Jeff's bar next Sunday, except for Patricia who will be spending the day with her mother-in-law. Tasha expresses her disapproval of the choice, while Betty suggests they",1
Mary will try Speedy Lunch or Ligh box catering on Viera's recommendation.,0
Training starts at 6:30. Larry reminds Jerry about taking clothes for dryland training.,0
"Terry, Nicky, Manuela and Ron are leaving for Cucuta tomorrow at 8 am. Ron is in Duitama and will be picked up on the way to Cucuta. They will arrive at their destination around lunch time.",1
"Susie is at work. Evan is at the gym, but he's leaving in 15 minutes. Chad and Kenneth will meet at the gym in 20 minutes. ",0
"Farah and Ria are discussing a funfair near Farah's house, but Ria doesn't have money to go because she was recently fired from her job due to being late.",1
The trip Wayne was going to go on was postponed. Now Jade will be able to go to.,0
"Bella suggests pizza or pasta, and Mick chooses pizza.",1
Mary found Anna's red brush in the bathroom.,1
Holly went to see the royal wedding. Prince of Liechtenstein married a Panamanian woman of African descent.,0
Amy unknowingly smuggled cocaine in Latin America. She didn't get caught. ,0
"There are 3,432 foamed cabinets left in the first bay according to Choula. Amit is afraid that won't go over well.",0
"Sam, a former student of Leah, catches up with her and updates her about his life at university, including his experiences with vegan flatmates and his busy schedule with deadlines and a job. Leah shares her memories of her time",1
Chase has taken up baking bread. Ronald is going to visit him later tonight to try some bread and learn the recipe.,0
"Yuri and Tom are discussing a gif that looks like a pirate, and Tom explains why he calls him that way.",1
"Rayburn invites people to a game of scrabble and plans to play four games with different configurations. The game will probably take three hours plus breaks. JoJo is in, and Dolly wants to participate but needs to return home at night",1
"Mousie told Joddie about the attack on Paweł Adamowicz, the President of Gdańsk, during Jurek Owsiak's Wielka Orkiestra concert. She is convinced that the ruling party Prawo i Sprawiedliwość and its leader Jarosław Kaczyński are to blame for the attack because of their hateful conservative views.",0
David dreamt that he and the girls went to school but the school was closed and they had to enter through the roof.,1
"Albert and Mary are in Belgrade, but they haven't seen the city yet because they're jet-lagged.",0
John and Pesh agree that they deserve some time together after everything that has happened and decide to make it a date weekend at the Chaka Ranch.,1
Tom will cover for Harper who is going to a party and will be back late.,0
"The group is discussing the new season of ""Plebs"" and their opinions on it, with Peggy being particularly negative and stating that she won't change her mind.",1
Orion's partner cheated on him. Orion's rat has died.,0
"Grace and Jack are discussing the possibility of starting a band with Luke, as they already play music together.",1
Brian's interview didn't go well but he wouldn't like to work there anyway.,0
"Jason jumped off the stage yesterday where he was crowdfunding for his new band. He landed on a big biker guy who liked his behaviour. The bike invited the biker on stage where they all got drunk after the concert. After the show, Jason kicked a dog and it bit his leg.",0
Rose forgot her lunch. Josh is going to eat Rose's lunch.,0
Beatrice is selling a dress that Abigail is interested in buying. Abigail and Beatrice arrange a meeting on Friday between 2 and 3 PM so that Abigail can try it on. Beatrice sends Abigail a link with her home address.,0
Mogens welcomes Nally to the event marketing program sponsored by Global Diet season 3 and encourages her to take pictures and send them to him whenever she eats.,1
"Yasmin, Paris, Daphne, Cam and Xana were at a great party tonight.",0
"Jenny and Maria are discussing their food order, and Maria changes her order from burgers to chicken wings, much to Bill's dismay.",1
"Adrian is coming to visit in January and Steven invites him to a Tuesday for his birthday party where they will drink 3 pitchers. Adrian mentions that there is a mock wedding that week and asks if anyone has extra tickets, but",1
Jake suggests going to Alexander's for food and Jake promises to stop by Yohannes' room later.,1
Sallie will go for a date with Emil to Ed Sheeran concert.,0
The meeting is scheduled at 9 am in suite 103.,0
"Greg is upset that Rosa did not come to clean his house as he had assumed she would, and the house is now a mess. Rosa explains that she did not realize she was supposed to come and offers to come the next day.",1
Arthur sent a file.,0
"Tyler is busy with chores and cannot come over, but he is willing to meet up later.",1
Enrique tells Travis that the food Alvin made last night was terrible and he can't get the taste out of his mouth.,1
The departmental meeting about finance is taking place in the Emerald Room at 7 pm today.,0
"Anastasia, Marlene and Jenny are planning to go to the Disneyland.",0
Shannon shares the news about Greg and Amy getting engaged. Noel doesn't know them. Shannon wrote him by mistake.,0
Ethan and Vera will meet each other next week.,0
The group will collect 20 per person for Mia's present.,0
Anders is feeling down because nobody is in the apartment and he is worried about getting sick. Miya sympathizes with him and tells him to get better. She also mentions that the weather is good. Anders is hopeful that he will get,1
"Dora checks in with her father, who assures her that everything is fine as they are about to leave.",1
Cady will take a personal pizza with pepperoni and Italian sausage and also a soft drink for Aaron.,0
Paul and Ashley are going shopping for Christmas gifts and they meet near the Queens Place Mall.,1
Meg and Martin are bewildered that he's alive in the newest episode.,0
Jan should call Radek after his dentist appointment. He got his number from Daniel.,0
"Sue is excited to come over to Nathan's house because his mom is making delicious strawberry and almond trifles, and she is bringing a bottle of wine.",1
"Mike offers Esteban and Estevany some fruit from a large box he ordered, and Estevany requests bananas.",1
"Kate and Tom are discussing the books they are currently reading, while Margaret shares her thoughts on the book ""The Pianist"" and laments that Blake doesn't read.",1
Denise and Lori are both in tent number 8.,0
"Margot, Edward, Henry and Lia will go to Bosnia and Herzegovina. They want to see Sarajevo and Mostar there.",0
Henry wants to sell his collection of pokemon cards on ebay.,0
"Brenda introduces her new granddaughter, Ava Jane, and shares that she made a feast for their house. She also talks about her upcoming 5K races.",1
Lee cannot access the server because he didn't change his password in time. Matt sends Lee a link to reset Lee's password.,0
"Emily, Brittany, and Eric are chatting about their Christmas meal and how full they are, with Eric exclaiming ""sammmeee."" Emily jokes about forgetting Christmas and Brittany agrees that it's almost over.",1
Lily explains to Marco how to prepare ginger. It needs to be grated and brewed.,0
Dan apologizes for forgetting to text earlier and tells Miller that the event he attended was much more fun than he expected. Miller expresses happiness to hear this and Dan offers to bring tacos for him. Miller jokes about getting fat if he,1
Simon is moving to Brussels. Frank will give Simon his vinyls back on Friday at 8 pm.,0
"Camille is frustrated with a committee and needs to send more documentation, which Derek finds annoying.",1
"Kate's horoscope suggests she will be lucky with money, but Kate is afraid her boss won't give her a raise.",0
"Rob invites Kaja to go out with him and his brother to a pub, but Kaja declines because Rob's brother can be annoying and intrusive. Rob apologizes and Kaja tells him to go out with his brother alone.",1
"Greg passed his exam with a mark of 29 out of 30 and will be coming to the UK after the other exam, and he will let Dave know the details next week.",1
"Mary recommends Light Box and Speedy Lunch, and provides a chart for Viera to compare the two options.",1
"The group decides to fly to Moscow through Air Baltic, with a stopover in Riga for 3 days, where they could explore the city and stay with a friend.",1
"Ashley invites Laurie and others to a 5-dollar yoga class happening tomorrow at 8 am. Laurie is hesitant at first due to the cost, but eventually agrees to attend. Jesse also expresses interest",1
"Megan confirms that tickets for the Metallica concert are still available and books 4 tickets for Amanda. Payment can be made through the website within 24 hours, otherwise the tickets will not be available.",1
"Jack, Teddy, Melany and Duke are going to meet up for drinks tonight. The first round is on Jack.",0
"David agrees to order 100 copies of the Bible Society of India translation in Telugu for Samuel's church in India, at a cost of about $5 per Bible. Samuel explains that many people in India do not have their own Bible",1
"Garry shared a photo of the recipe Idan had been asking for, Olivia expressed gratitude, Idan was excited to cook it tomorrow and needed to buy the ingredients.",1
"Greg shows Will a photo and asks him to look at it, but Will doesn't have anything. Greg sends the photo again and Will is grossed out by it. Greg knows Will will say that and finds it funny. Will asks how anyone",1
Brian had an accident that was not his fault and he is outside the town waiting for his father to take him home.,1
"The group is discussing their new neighbor, who is described as nice and good-looking. They are considering inviting him over for dinner.",1
Joe will be late because of traffic.,0
"Evelyn forgot to set out the laundry. Rob will do that. She made some fresh flapjacks, they are in the oven.",0
"The group discusses whether or not Dave is going to break up with Tina, with Marciano and Ciara believing he will while Lenny thinks he's just complaining. Ciara mentions that she saw on Facebook that Dave has been attending",1
"Patricia, Joseph and Tony are coming to the party tonight.",0
John and Henry are discussing where Henry's parents live and it is revealed that they all live together in a house next to each other.,1
Annie misses the times they used to hang out together. Winston prefers his adult independent life.,0
Dawn and Dike acknowledge each other and Dawn invites Dike to call him if they need to talk.,1
Miranda will be ready in no more than 10 minutes. ,0
Lisa and Andy both agree that they will be late.,1
Jim will buy 5 kg of cat food at Martha's request.,0
Chloe and Julie talk about a cream that Julie likes and where she bought it from. Chloe mentions that she has money earlier than expected and offers to give Julie back the money she borrowed. Julie talks about wanting to get a dog from,1
Lucy and Sue think of booking a box at the Cheltenham racecourse for Marjory's 70th birthday. Lucy will ask Gary for opinion.,0
Ella has missed the bus and will be a bit late. ,0
Jenny and Rob have their first wedding anniversary today.,0
Eden is in front of the cathedral. It brings him and Luis back good memories. Eden prays for Luis and Luis prays for Eden and Dan.,0
Kate expresses her love for Trump and her attraction to girls while Gerardo reveals that he knows Kate is attracted to girls. Kate admits that Gerardo makes her drunk and brings out her inner redneck. George wonders about Gerardo',1
Lara is meeting Molly at Mercy's at 7.,0
Eleanor's paper got rejected from the conference in Boston. Eleanor believes it might be because she's not active enough in the association. Edgar will be at the conference. Edgar and Eleanor will meet in NYC in December.,0
"The group is planning to watch RuPaul Drag Race and at least 3 of them, including Mark with Armin, will be there. Matt may also join them.",1
Ann is thinking about moving to Canada next year. Tony recommends Ann to follow the crazy craving and move to Vancouver. ,0
Lucas and Andy are discussing the upcoming movie Alita and the other good movies coming this year. They are excited to watch Avengers Endgame and are not worried about Captain Marvel. They agree that the movie will be good despite some negative comments online.,1
"Sierra and Taylor are discussing how difficult it is to register for classes with many people choosing at the same time, leaving few spots available. Jorge joins the conversation and expresses his frustration. Sierra suggests taking astronomy 102, which has",1
"Adam'll buy the Christmas tree after tree, Ann'll prepare the decorations.",0
"Elisabeth shared a photo and asked if anyone had solved the issue, Jenna was scared by the picture, Elisabeth explained it was just the presenter's choice, Derek admitted they were stuck, and Arthur requested all important form",1
"Macy invites Libby to go shopping for shoes with her, specifically glittery ones for a New Year's Eve party with her boyfriend. Libby is excited and they plan to go shopping tomorrow.",1
"Henry and Tom compliment Amanda on her new hair color, which she tried out as an experiment.",1
Taylor is going to Paris for 4 days and wants to do all the sites. Ron recommends a great cafe near the Elysian fields. ,0
Ellen is struggling with the redecoration of her house and Kate is trying to help her. They discuss how men are not as good at aesthetics as women and how the workers are always late and leave beer cans everywhere. Ellen is counting,1
Emily had a root canal and it hurts her. She's going to take some days off from work and relax.,0
"The group is watching a funny video and laughing uncontrollably, with Emily finding it particularly amusing. Robin is also laughing but is worried about his boss watching.",1
Wendy is looking for a show recommendation on Netflix. Gina suggests a number of shows and Wendy decides to watch the latest season of Lost Kingdom.,0
Destiny sent a photo to Samantha and Kenneth.,0
"Gloria and Paul reconcile after two days of conflict, with Gloria reminding Paul not to be an ""asshat"" like he was before.",1
June is going to be at mom's in 10 minutes.,0
Paula bought a dress for a wedding reception. She and Derek are going there on Saturday.,0
Page and Reseda are going to the convenience store to get some coffee.,0
Daniel asked Jeff if Mindy was present during the notes taken yesterday and if she could add her input on the first presentation since she is involved in phase one of the project. Jeff replied that Mindy didn't react much during the presentation.,1
"Peter is watching the winter Olympics and enjoys watching the women's ice skating events, especially the choreography. His girlfriend also enjoys watching it. Kevin agrees that the choreography is fantastic. Peter jokes about trying to get his",1
"Susan is excited to return home and see George, as she is finishing work early today.",1
Dayna discovers Kim's second profile with awkward pictures. They miss each other.,0
"Gill is worried about their test results as they believe they may have failed two questions out of 25, but Leanne reassures them that two mistakes are not a big deal and that their grade will not significantly affect their overall average.",1
Paul and John will meet tomorrow.,0
Emily complains she hasn't seen her daughter Mary for two weeks. Mary has been busy at work lately. Mary will try to drop by on Thursday.,0
Monica did not provide a recipe for the amazing chicken that Joanna had yesterday.,1
"Walter invites Diana to go for a walk at 3 pm, which is suitable for her if she finishes her work, and she agrees as she hasn't had a good walk in a few days.",1
Jake is going to see kids' hockey game. Mike will join him.,0
"The group is planning a reunion after 7 years and discussing possible locations, with Gary expressing interest in China, where May has been living since January, teaching 800 Chinese kids.",1
"Eva and Julia are discussing their plans and recent events, including seeing off clients and Julia's upcoming arrival. They exchange a photo of a new poster and make plans to meet up with Sunny.",1
Sandy is going on holiday to New York and Vegas in January. She doesn't know is she should take the hairdryer with her. Melinda tells her not to do it.,0
He is really cool and Paulina talks to him basically every day. They will meet in person next month if he is in town.,0
Mattie will join Uncle John and Auntie for supper tonight.,0
"Sven checks the wedding time to see if he can catch a train in the morning, but Caroline reminds him that she has already booked a hotel for him for the night before the wedding and warns him not to annoy the bride so close to",1
"Elijah is an instructor of the sailing course. The meeting with participants is on Monday, 6 p.m. in room 12. Luis and Abel ask him about organisational matters.",0
"Lola and Lily discuss Lily's difficult weekend with her friend who has two young children, and Lola suggests they go out together without the children next time.",1
Carson will go to Shambala. Sheldon will too if his mom will lent him money. Tina will go too.The tickets cost less. Carson and Tina will rent a place to stay together.,0
Scarlett apologizes for leaving the group yesterday and assures them that she is feeling better now.,1
"Nick tells Morgan that someone broke into his apartment and stole his flat screen TV and computer. Morgan is concerned about Jake and wants to know if he is okay. Nick assures her that Jake is fine, but is very upset about the theft. Morgan",1
Rodney invites Dave to his house-warming party this Friday at 8.,0
"When Eleanor meets Sawyer, she will be wearing a slightly transparent black robe. Sawyer would like Eleanor to take a picture of herself in the robe, but the transparency is not visible on photos.",0
Ken's computer is in service. Ken is going to upload some files to the server on Miriam's computer.,0
Tom and Kira Kage both cannot see that they are RESWUE approvers and agree to report the issue via form.,1
Kate and Nick have received Tom's e-mail. They will meet for lunch today to set up strategy for action.,0
Emily is going to pour fuel in the generator because the red light is blinking. The fuel is in a diesel can left behind the door by Michael.,0
Rita is in Spain. Vicky is going to Iceland with olivier. Vicky and Olivier are playing board games. ,0
"Kingston offers to take Rich's books, and they agree to meet at Starbucks.",1
Lisa has a terrible hangover. She needs painkillers. Amy supposes the pain is caused by the alcohol. She will bring the pills.,0
Jessica and Jennifer are going to a party together.,0
Natalie's cats have scratched the chairs in her house and bitten through phone and MacBook chargers. Her boyfriend crafted them a scratching pole to prevent them from damaging things in the house.,0
Roman is available to talk about the project either on weekends or early mornings and Szczepan wants to schedule a call in 2 hours. Roman suggests finding a quiet place to talk and Szczepan is ready in 5,1
Gina tells Jerry that she doesn't have time to talk now but will be available in half an hour.,1
Summer is teaching Erin English. Erin has to cancel on Summer today because she is sick. They will meet on Tuesday before Erin travels home on Thursday.,0
"Martin invites Tony and his wife to go to Oslo with him and his wife for Christmas, but Tony declines because they have to visit their parents. Martin is understanding and tells Tony to let him know if he changes his mind.",1
"Melania, Melissa and Jenny will do some shopping together this afternoon.",0
Jon and Ally discuss the expected delivery time and Jon requests a later delivery time so he can be in Bicester at 11. Ally agrees to deliver the package at about half 1 and Jon thanks her.,1
"Kate informs Sam and Jimmy that Ben is back, and they all joke about how nobody will be at the office at 4 o'clock on Monday because it's a holiday.",1
"Jasmine got together with Joe at school, after her previous boyfriend confessed that he had been gay.",0
"Bob and Michael are discussing their headaches and Michael is swearing off alcohol after a night of drinking. They remember the last place they visited before getting sick was a restaurant called ""Buenas Nachos"" and Bob decides he will never drink te",1
"Laura is feeling demotivated and upset due to various reasons, including an argument with Claude, and Jenny suggests that she might need some sleep to clear her mind.",1
Katia sent €290 this morning.,1
"Bettina has a fig tree and she has had her first harvest this year. She hasn't used any fertilizers or sprays on her fig tree. Bettina prefers her figs raw. Where Essy lives, local figs often have worms. ",0
"Fanny is extremely upset that Jay is late for a meeting they have been preparing for months, and repeatedly texts him to hurry up and get there. Jay apologizes for oversleeping and assures Fanny that he is on his way.",1
Lora from the insurance company will inspect Mary's house in 10 minutes.,0
France and Belgium have problems. For Andrew and Ryan they're hypocrites for criticizing Poland.,0
Aurora invited Ben over and he accepted.,1
Doreen informed Billy that she posted his article with some corrections and offered to send him a tutorial on drafting his pieces.,1
"Megan informs Alessandra that she won't be coming to the office due to illness, and Alessandra understands and agrees. Alessandra needs Megan to sign some papers related to new medical insurance and benefits, which Megan",1
"Patrik and Cindy are discussing whether to watch the Oscars together and what to eat and drink for the event. Patrik is excited about the variety of chips and dip, beer, fondue, tiramisu, and giant",1
Kasia and Sarah agree to meet on Tuesday but Kasia gets sick. They will meet at 6 pm on Thursday at Costa Coffee in the centre instead.,0
Chris is staying at Ben's place tonight and wants to bring Ben's mum a small gift for her birthday. Chris asks Ben what kind of tea his mum likes and Ben suggests that Chris should go to the shopping mall and ask the lady,1
"Sonia and Ric are discussing the film they just watched, and Sonia is excited about it while Ric is disappointed that some heroes died. They then talk about a line from Doctor Who and Sonia mentions her preference for the Matt Davis version over",1
"Ruby expresses her frustration towards lectures, specifically the one she is currently attending, where the professor is discussing his personal life instead of the topic at hand.",1
"Daniel moved out and they started cleaning the second day, but he wants to go back to work already.",1
He is going to pay Barry for saying that.,0
Frank is going to IKEA to get furniture and lamp for their kids and Morris' birthday is coming up. Eliza approves of the idea and they discuss the details. Frank offers to take care of everything and Eliza thanks him.,1
Darrick mistakenly addresses the wrong Zoe and apologizes for the confusion.,1
"Oliver is going to see ""Call me by your name"" and invites Oliver to join him. Oliver has already seen the movie, but wants to see it again, so he'll join Oliver in an hour when he'll have finished something.",0
Auntie Dotty is doing well and has been travelling in Mexico. She has visited Chichen Itza and Uxmal and taken pictures of these Maya temples. She has not climbed the steps to the top of these temples as,1
"Jackie has a doctor's appointment tomorrow at 4:30 pm. After that, she is going to meet Julie at 5:30.",0
Edward informs Wendy that the canteen staff will temporarily stop providing made-to-order food to save costs and address staff shortages; Wendy agrees to put out a memo and add signs to the canteen tables.,1
"Hyacinth is telling Daisy that she is going to meet Maria in a park and that it is a very classy and well-educated company, but Daisy doesn't understand why Hyacinth thinks she wouldn't",1
"Michael and Tabby have a heated conversation about their relationship, with Tabby expressing her doubts and insecurities, and Michael trying to reassure her of his love and commitment.",1
"Greg and Ron are catching up and discussing Ron's recent encounter with a woman at the mall. Ron is excited about the potential romance, but Greg is teasing him about missing gang nights.",1
Ryan hates his boss. The boss yelled at a guy in front of everyone. ,0
Jeffrey is considering driving for Uber as he needs money to buy a new TV. Jeffrey doesn't mind putting mileage on his car or driving strangers.,0
"Constance reminded Sheldon to pay the electricity bill, which he had forgotten, and Sheldon promised to wire transfer the payment immediately.",1
"Omenah is at home, Anna will be there in a minute.",0
Dylan agrees to let Megan borrow his Mystery of the Abbey video game.,1
"Chris will buy bread, butter and orange juice. Chris and Olivia will watch ""Fast and Furious"" later. Olivia often falls asleep on movies.",0
"Kate is going to the vet with her cat, Bonzo, because he has a stomachache. Jake is going to get Kate and Bonzo. The cat is constipated.",0
Maya recommends Ligh Lunch catering as the best so far.,1
Greg suggests that Christine goes to bed and he will come back after one more hour. Christine agrees and wishes him goodnight.,1
"Julia is looking for vegan places to eat on Facebook when John starts arguing with her about the economy. Lola and Rick explain that John is a troll who loves picking fights and has very radical views. They suggest ignoring him, as he will",1
"Sarah, Betty, and Lara are all going tomorrow and convinced Jairo to come along.",1
"Mark invites Sue and Cate to join him in his Fan Zone while watching the game, but Cate declines because she needs to be at work early in the morning.",1
"Paige showed her friends a photo of her new kettle and they all liked it, with Lydia exclaiming how amazing it was.",1
Parker is watching a film.,0
"Tanner wants to leave her current job, but doesn't have time to look for a new one. Claudia convinces Tanner to spend 30 minutes per day on job hunting.",0
Reggie is in the shop looking for presents for his parents and is seeking Harriet's advice on what to buy them.,1
Afande is coming back in 10 minutes as the customers are waiting.,0
Melissa and Tanner discuss their love for Hawaiian pizza and Melissa shares her experience with trying different types of pizza sauces in Poland.,1
"Alejandra is having a headache for several days and hopes the pills she took will work soon. Danny suggests she see a doctor, but Alejandra just needs to rest.",1
Adam has a problem with charging his phone. Nick recommends using an induction charger.,0
Mike owes Jake 200 and plans to pay him back on the 8th after receiving his paycheck. Jake understands and doesn't mind waiting. Mike is surprised to learn that Jake also had financial difficulties and had to borrow,1
Taylor and Valerie discuss music and Taylor invites Valerie to a rock concert.,1
Tim is waiting outside Martha's house and she is taking 5 more minutes to get ready.,1
Gavin and Ezra will meet for rum and coke after Ezra's returning from holidays.,0
"Mat missed the bus and decided to walk home. On his way, he found a tenner and a fiver on the ground. He spent that money on sweets.",0
Wendell has to leave something in the car which is on Hanover St. 5th floor. He also mentions that the Yoko Tawada book Cam is reading won the National Book Award and that she also writes in German. Cam knew because his acquaintance is her neighbor in Berlin.,0
"Destiny's arm is healing well and they are preparing to showcase their new art at various artisan markets, including a spring art fair this weekend. Brooke is excited to come along and see Destiny's new collection.",1
Johnny will lend 3 eggs to Etham.,0
Sam is more prepared for the exam than Cal. They hope that the exam will not be as difficult as last year. ,0
"Suzanne can't go out this week as she has a lot of work, but she will meet with Barbara for a quick coffee.",0
Cathy and Feyi are going to attend a dinner. Cathy will possibly pay Feyi a visit later and borrow something to wear for the dinner.,0
Peter saw Maria briefly today and he thinks she will stay long hours in the office.,0
Jonas will be 10 minutes late. Natalie will let Mary know Jonas will present before she starts.,0
Dorothy is still intoxicated after at least 15 rounds of drink yesterday and can't remember much of what happened. She would like to meet her friends for a drink again in 15 minutes.,0
Hellen congratulates Xenna on her imminent marriage.,0
"Nadia invited Claire to join them for a run at Castle Park, but Claire mentioned that they were currently at the zoo and would be there until Sam finished watching rugby. Nadia responded with ""aha have fun"" and Claire replied with ""you",1
Frank saw Rick leaving the office. Rick had to deal with private matters. He will work during lunch break today. ,0
"Martha, Agatha, and Susan are planning a party for themselves since their parents are going to a party and won't be back until the morning. They discuss getting alcohol, shopping for food, and ordering a pizza.",1
Cheryl Cole has left her third husband.,0
"Rita greets Vicky and talks about Oliver, who she says looks different without his binocles. She also mentions that he enjoys playing games now, thanks to Vicky. Rita expresses her excitement to see Vicky again",1
"Gemma is unable to breathe and needs to see a doctor, but first she needs to make an appointment and obtain a paper from her family doctor in order to see a laryngologist.",1
Sue took in a parcel for her neighbour Bob. Bob will be home after 6.,0
"During early lunchtime, Shelly will come to Porter to take a look at wool fall coats which have arrived today. ",0
"Susan, Tom and Linda are bored at the university lecture. Linda sends photo of her drawings.",0
Mary is running out of yerba mate and is looking for a place to buy it. Daniel and Don suggest going to the international supermarket on Mill Road where they can find it. Mary thanks them and plans to stock up next week.,1
Sammy asked John if it would be okay for him to work from home next week because his commute is one hour long and John agreed.,1
"Bobby and Dom are discussing their favorite TV show, Maniac, and plan to meet up to watch the remaining episodes together.",1
Minnie and Xavier will check if they have Philip's book by Proust.,0
"Sia had to return home unexpectedly, so Paige will start alone.",1
"Lisa, Kevin, and Arthur plan to meet this week, and Rachel cannot attend due to other plans. Lisa finishes work at 4 PM and suggests meeting at 4:30. Arthur agrees.",1
Polly's looking for an inspiration to redecorate the living room. Susan sent pictures of her eclectic living room. Leah shared a photo of her minimalistic interiors.,0
Tom and Camilla decide to go to Dublin this weekend.,0
"Claudia is happy and warm because she bought a fluffy blanket, while Hannah and Wendy are cold and complaining about the weather.",1
James found a 100 Euro bill on the street and is taking his girlfriend to a restaurant with it. Mike speculates about the possible owner of the money and wonders if their karma might have been bad.,1
Jim informed Tony that he got his mail and Tony replied that he was thankful for the information. Jim hoped it would be useful and Tony confirmed that it was now that he knows what is happening. They agreed to meet in the office tomorrow.,1
Eve and Cindy will drink wine together tonight.,0
"Dex and Jessica are supposed to read to chapter 11. Dex is already ahead, Jessica is behind.",0
"Jane, Sandra, and George are discussing whether to go to a swimming pool. Sandra is hesitant because it's too cold, while George is excited to go. Jane tries to persuade Sandra to come along, but Sand",1
"Marissa wants to join an English speaking course but does not have an official TOEFL or IELTS score. Irving suggests visiting the school for a level test and to find schedules, but Marissa does not have time. Irving",1
Blake is taking Shirley for dinner tomorrow. They will have lobster. Blake has never eaten it.,0
Catherine wants to change her lifestyle.,0
Toby has a backache and will take Dexak to relieve the pain.,0
Luna wants to lose some weight because she can't fit in her jeans.,0
"Jeremy and Jake are discussing the absence of Professor Xavier, and Joselyn informs them that he broke his leg, which means there will be no classes for them.",1
The offer Henry is interested in concerns only 3 least expensive items.,0
Tony and Mary have just arrived in BSB. They will have lunch with Mike at the High Frequency Cafe.,0
Carter is not joining Ivy and Chloe due to a family reunion. Carter's grandfather is very ill.,0
They dislike Miss Smith because she is a demanding teacher. Gracie likes her.,0
Sonia is unhappy she has to work today until 4.30. She will meet Julia for coffee at Henry's at 5. Julia wants them to have a window seat.,0
Mac took Ben's watch to impress Mandy.,0
The exam Adrian took included information from every copy. Retake is next week.,0
Adrianna went to sleep at 2 and doesn't want to wake up. Declan will come to her in 25 minutes.,0
"Bryan, Kev and Stuart are discussing their arrival time and Bryan is about to leave.",1
"Skylar has a problem with a hair loss. Cecilia advises her to check her thyroid, to apply fenugreek seeds on her scalp before washing her hair and to replace shampoo with a hair conditioner.",0
Dave wonders why Christianity appeared to be the most powerful religion in the world. Lukas tries to answer Dave's questions by explaining the historical background of Christian Expansion.,0
James informs Vicky that he has delivered an Amazon package for her and it is located in the hallway. Vicky expresses her gratitude.,1
Kurt sends his son Ron 50 dollars. ,0
Jayson will bring Donald's lunchbox and Dylan's lunchbox tomorrow.,1
Tom wants to go to the mall with John to buy a new suit because his last one looked ridiculous on him. John agrees to help him and they plan to go on Tuesday morning.,1
Paola invites Austin and Nicola to the theatre to see a play about a Serbian family after the war in Yugoslavia. They agree to meet at the Alto Palermo shopping mall at 7:30 and walk,1
Val taught Buster not to use Helen's garden as a toilet.,0
"Peter informs his mother that he and his family will have lunch with her on Sunday, and she expresses her happiness about it.",1
"Isabelle, Giselle and Sophie have to translate the first column from the article they read last time as homework for tomorrow. Isabelle forgot about it and bought herself a bottle of wine. ",0
Brian landed in Bangkok. It's 7 am there. At Melissa's it's 12 pm. Brian will stay few days in Bangkok and then go to the countryside. ,0
"Violet shared dome pictures from the ball with Oliver, who responded positively and expressed enjoyment.",1
Mum and Caron are going to decide what to eat for dinner when Mum gets home. There is a new restaurant on the High Street past Lloyds. Caron might go shopping later.,0
"Vanessa needs to translate some documents from English to German and is looking for a German translator. She contacts Caroline, who is currently travelling, and asks if she is available this week. Caroline replies that she will get back to Vanessa as",1
Gabriella asked Jasmine to review her CV and Jasmine agreed to help. Jasmine found the CV to be almost perfect and only made a few minor corrections. Gabriella thanked Jasmine for her help and expressed,1
"Isabelle has a crush on Sam Rogers, who plays on the football team, and Seth offers to introduce her to him.",1
Shaz will bring Lennon his sports kit and some spray to the gym. ,0
Laura and Raquel have got a cold. Laura's boyfriend made her brownies and tomato soup. She wishes to marry him soon. Raquel is all alone at home and her last boyfriend was very selfish. Laura and Sarah cheer her up. Raquel will drink tea with ginger and honey.,0
Julia is looking for the song that Adam played yesterday. He provides a link to the song. Adam is happy with how YouTube autoplay function works.,0
"The group is discussing their plans for New Year's Eve, which involves Jim's father's house. They need to decide how many people to invite, how big the house is, and how to get there. Jim will drive and can",1
Grace and Natalie are going to zumba today at 5 pm. Grace will bring Natalie's book. She finished it yesterday night.,0
Paul didn't convince Josh to go bungee jumping or skydiving with him next time.,0
"Terry asks Mary and Charlotte who should take a car tonight, and Charlotte volunteers to drive.",1
James sends Josh photos of his new kitchen. ,0
"Marge informs Parton and Stanton that she will not be coming today, and tells them she will call Grace tomorrow to let her know she is okay.",1
"Kris is looking for podcasts to listen to. Leigh recommends Mark Gungor. Spotify has recently added podcasts to it's service. Kris, Leigh and Sam haven't checked them out yet. ",0
"Leo is almost there. If he's late, Donna will go without him. ",0
Richard and Elisabeth are worried by the current rise of nationalist movements.They draw a parallel between the current situation and the 1930s. They ponder on the need for an international movement that would unify people of different nationalities. Otherwise - they fear - there will be war.,0
Jacob's coming home in 10 minutes. Dinner's almost ready. ,0
"Hayden and Jack are discussing the last episode of Bojack Horseman, and Jack expresses that he stopped watching it because it became annoying. Hayden is disappointed, but remembers that Jack liked it at first. Kevin wakes up and jo",1
Jeff is not going to the conference in SF. The flight is expensive.,0
"Dan was worried about who would take Dora's present, but Sophie had it and reassured Dan that she had thought about it.",1
"Joanna's parents came over this weekend and left her a lot of apples so she made an apple pie. Jacek and Alex will come and try it after class. Ula will too, if she is free after work.",0
Andrew and Ryan discuss the hypocrisy of France and Belgium expressing concern about Poland while having their own problems.,1
The canteen staff will not offer made-to-order food to cut costs. Wendy will put out a memo about it.,0
"Daniel's friend loves animals. She adopted few animals from the shelter. Now she has 6 dogs, a parrot and a fish.",0
"Mary, Frank, and Anne are discussing the tutorial day where they will be splitting groups and taking 2 groups each. They are also discussing the topic they will be discussing in French which is animals.",1
O'Neill is worried about not having heard from Ted. Ted is fine and is going to send a photo later.,0
"Diego believes Diana is doing drugs because she was ""so off"" yesterday, and Martinez is concerned but unsure of how to proceed.",1
Steve is never going to watch a movie by Woody Allen again.,0
Caron is going to pay a visit to Jenny Morris Sharpei and her new boyfriend at around 7 pm. Caron is going to bring Luna over. Jenny Morris Sharpei will be able to have Luna for a few days in October.,0
"Nina, Tim, and Alice are in the main room together.",1
"Elizabeth had an argument with Blackett today, but she doesn't want William to intermeddle.",0
Jake promises to pay Mike back.,0
"The group is discussing the issue that Jim has not received a confirmation email after paying for the entrance, despite receiving a confirmation from the bank. They suggest that the system might have failed, and Paula offers to contact the organisers to resolve the issue",1
Joan is leaving for a wedding and Kim is not ready yet. Joan offers to save Kim a seat and Kim accepts. Joan mentions that she hasn't seen any of the other guests in a while and Kim agrees. Joan mentions that she,1
"Abigail wants to grab a beer with George because she had a rough week and needs to talk to someone. George listens to her and consoles her, saying that he thinks her mother overreacted and that he doesn't know why",1
The door code is the apartment number followed by the key button followed by 4537. The entry phone calls the apartment 3 seconds after pushing the apartment number. The apartment is on the 3rd floor.,0
Jason is looking for Kaka. He must be in the ground playing football. Jason and Molly will see each other later. Jason is going to the ground now. ,0
Dan doesn't know who has Dora's present. Sophie has it.,0
Scott and Paul are discussing a new ballad they both enjoy and agree that the entire album is great. They also mention their appreciation for music originating from Seattle and Jimi Hendrix's guitar playing.,1
"Dad and Bobby talked about their weekend trip to Niagara-on-the-Lake and how Dad's back pain has moved to his right foot. Bobby suggested doing exercises to help alleviate the pain, and Dad mentioned seeing his",1
"Martin recommended Witcher 3 Wild Hunt as a game that is totally worth buying, and Greg decided to purchase it based on Martin's recommendation.",1
"Steven, Trevor, and Logan agree to watch episodes I-III of Star Wars on the first night and save the good stuff for the next night. They also agree that watching the prequels sober is not a good idea.",1
"Corina, Regina, and Jorge are at the airport waiting for someone to arrive. They plan to meet at the arrivals.",1
"Susanne is unable to visit Anna during the winter break because she has too much to learn, but she is buying tickets for the 3 days off she has and Anna is taking those days off as well. Anna is going to ask Tom if he",1
"Gibrael is worried that Karen hasn't finished the novel yet, after a month of having it, but Karen explains that she has been busy and asks Gibrael to read it first and return it to her in college tomorrow.",1
